{"type":"FeatureCollection","name":"ne_10m_admin_1_states_provinces","crs":{"type":"name","properties":{"name":"urn:ogc:def:crs:OGC:1.3:CRS84"}},"xy_coordinate_resolution":0.0001,"features":[{"type":"Feature","properties":{"name":"Southern Nations, Nationalities and Peoples","country":"ET","adm1_code":"ETH-3129","ipc_phase":2,"ipc_label":"Stressed","famine_likely":false},"geometry":{"type":"Polygon","coordinates":[[[35.3208,5.3487],[35.2507,5.4351],[35.2736,5.4799],[35.262,5.5119],[35.0987,5.6225],[35.0795,5.6998],[34.9844,5.841],[34.9799,5.9128],[34.9553,5.9526],[34.9698,5.9967],[34.9594,6.0617],[34.8989,6.1387],[34.8447,6.2487],[34.8326,6.3535],[34.7843,6.4418],[34.7335,6.6376],[34.7035,6.6849],[34.6185,6.7365],[34.5363,6.7431],[34.5037,6.89],[34.4392,6.9349],[34.2976,6.9686],[34.206,7.0545],[34.1958,7.0977],[34.218,7.107],[34.2997,7.049],[34.3256,7.0465],[34.4758,7.0806],[34.5986,7.0178],[34.6623,7.0127],[34.7176,7.0281],[34.82,7.0995],[34.9469,7.1044],[34.9732,7.1122],[34.9859,7.136],[35.0291,7.1344],[35.065,7.1643],[35.1572,7.1153],[35.2483,7.1407],[35.3299,7.1325],[35.3232,7.204],[35.3656,7.4055],[35.3416,7.4419],[35.263,7.4916],[35.273,7.5209],[35.2425,7.6768],[35.2995,7.7536],[35.3406,7.7797],[35.3567,7.8419],[35.3918,7.8466],[35.4381,7.8785],[35.5333,7.8828],[35.5604,7.8239],[35.5873,7.8126],[35.7578,7.8802],[35.8028,7.9361],[35.7284,8.0088],[35.729,8.0272],[35.7876,8.0846],[35.8701,8.0677],[35.9059,7.9342],[35.8589,7.8387],[36.0,7.7442],[36.0461,7.6592],[36.0401,7.5901],[36.0646,7.5597],[36.1425,7.5484],[36.2618,7.4743],[36.3841,7.4277],[36.4925,7.4136],[36.6122,7.3735],[36.8272,7.2411],[36.9186,7.2242],[37.1394,7.2406],[37.2341,7.3073],[37.3789,7.3688],[37.395,7.4041],[37.4373,7.5819],[37.4049,7.7099],[37.408,7.8307],[37.4375,7.9015],[37.3945,7.969],[37.3945,7.9967],[37.4875,8.0179],[37.5132,8.0064],[37.5481,7.955],[37.6167,7.9644],[37.5922,8.0596],[37.6045,8.2296],[37.5046,8.2603],[37.4672,8.3111],[37.489,8.3832],[37.5172,8.4187],[37.5607,8.4283],[37.6066,8.3642],[37.8337,8.3368],[38.2398,8.4145],[38.2961,8.3777],[38.3248,8.2699],[38.3614,8.2636],[38.4333,8.302],[38.4564,8.3911],[38.5041,8.4468],[38.567,8.4553],[38.6463,8.4104],[38.6704,8.3464],[38.6634,8.2804],[38.6997,8.2508],[38.6857,8.1139],[38.676,8.0933],[38.6394,8.1362],[38.6039,8.253],[38.5452,8.2339],[38.5826,8.1699],[38.6186,8.0203],[38.5928,7.9504],[38.4586,7.7672],[38.4259,7.6915],[38.4298,7.5272],[38.3427,7.4752],[38.2596,7.3086],[38.0947,7.1989],[38.0696,7.096],[38.0918,7.0593],[38.1538,7.0364],[38.2453,7.0565],[38.3311,7.1614],[38.5215,7.0851],[38.5807,7.1041],[38.6124,7.0784],[38.6656,6.9734],[38.6371,6.8225],[38.6479,6.7764],[38.847,6.6748],[38.9374,6.661],[39.0929,6.5234],[39.1288,6.3699],[39.1285,6.3248],[39.0925,6.2644],[39.0947,6.2415],[39.135,6.1616],[38.9934,6.1519],[38.9453,6.1935],[38.8619,6.3426],[38.7865,6.3777],[38.7649,6.412],[38.7011,6.4081],[38.5787,6.4388],[38.488,6.4322],[38.4529,6.4123],[38.4325,6.3784],[38.4364,6.2142],[38.3845,6.1724],[38.2937,6.0116],[38.3851,5.9413],[38.3922,5.9182],[38.3194,5.8706],[38.2343,5.8648],[38.0921,6.1053],[38.0888,6.1537],[38.0965,6.1752],[38.1766,6.1693],[38.193,6.1916],[38.1768,6.2538],[38.1948,6.3121],[38.2711,6.3508],[38.2964,6.3873],[38.2943,6.4289],[38.2403,6.4657],[38.1675,6.4574],[38.0215,6.5745],[37.9304,6.5686],[37.8844,6.5901],[37.8025,6.4666],[37.8043,6.4248],[37.8573,6.348],[37.8361,6.2438],[37.7799,6.1463],[37.7875,6.0226],[37.7942,6.0087],[37.9717,5.9421],[38.0261,5.7901],[38.0848,5.7544],[38.0917,5.7308],[38.073,5.6898],[37.944,5.6367],[37.9525,5.4975],[37.9046,5.3603],[37.9006,5.2493],[37.862,5.2352],[37.8044,5.2749],[37.6857,5.313],[37.6226,5.2644],[37.4035,5.1652],[37.3507,5.1621],[37.2291,5.2044],[37.1185,5.1901],[37.0187,5.2017],[36.9715,5.1861],[36.9208,5.1079],[36.8744,4.959],[36.909,4.8362],[36.9027,4.7782],[36.7569,4.5605],[36.7206,4.4732],[36.6489,4.4312],[36.6195,4.4434],[36.0413,4.4437],[35.9971,4.463],[35.9405,4.508],[35.9208,4.6193],[35.76,4.8057],[35.7559,5.0634],[35.8074,5.1447],[35.7753,5.2466],[35.8042,5.318],[35.6836,5.3796],[35.5982,5.3687],[35.508,5.4234],[35.4693,5.4308],[35.4302,5.4272],[35.3675,5.368],[35.3208,5.3487]]]}},{"type":"Feature","properties":{"name":"Somali","country":"ET","adm1_code":"ETH-3134","ipc_phase":4,"ipc_label":"Emergency","famine_likely":false},"geometry":{"type":"Polygon","coordinates":[[[47.9792,7.9966],[46.4239,6.4967],[45.936,5.9967],[44.9415,4.9115],[44.9126,4.8994],[43.969,4.954],[43.5285,4.8416],[43.1193,4.6477],[42.9604,4.5174],[42.8996,4.3611],[42.8316,4.3023],[42.2973,4.2017],[42.1029,4.1919],[41.9235,4.0706],[41.9122,4.008],[41.8359,3.9494],[41.6998,3.9969],[41.643,3.9694],[41.5863,3.9842],[41.4295,3.9489],[41.163,3.9427],[41.0701,3.9969],[41.0059,4.0867],[40.8977,4.1459],[40.846,4.215],[40.7637,4.2849],[40.7007,4.2435],[40.3827,4.1214],[40.3657,4.0949],[40.1672,4.0355],[40.1624,4.0194],[39.8485,3.8673],[39.7642,3.6857],[39.575,3.4979],[39.5363,3.405],[39.5044,3.4033],[39.467,3.452],[39.4362,3.4624],[39.3113,3.4661],[39.3159,3.4949],[39.2194,3.4687],[39.0904,3.5183],[39.0952,3.5363],[39.3007,3.6426],[39.4698,3.9175],[39.4986,3.9797],[39.4838,4.041],[39.5415,4.2345],[39.5851,4.2938],[39.742,4.657],[39.7704,4.8515],[39.8204,5.0151],[39.9195,5.2465],[40.0145,5.3832],[40.0511,5.3997],[40.1874,5.3546],[40.5288,5.4155],[40.7043,5.5654],[40.9225,5.6995],[40.8801,5.8117],[40.8655,6.1104],[40.8836,6.238],[40.8585,6.4199],[40.9044,6.5123],[41.0284,6.6563],[41.0735,6.6902],[41.122,6.6927],[41.3414,6.5728],[41.4161,6.5569],[41.622,6.364],[41.7019,6.4448],[41.7637,6.5413],[41.8458,6.5699],[41.8611,6.5371],[41.9088,6.5435],[41.9931,6.6064],[42.0791,6.7957],[42.0688,6.8144],[42.0931,6.9192],[42.137,6.9516],[42.1829,7.0446],[42.2271,7.2227],[42.2075,7.293],[41.9015,7.4123],[41.8751,7.5108],[41.8765,7.5525],[41.9534,7.7514],[41.9177,7.8736],[41.9313,8.1156],[41.9612,8.22],[42.0293,8.3252],[42.0323,8.4337],[42.2071,8.6048],[42.2741,8.6228],[42.3268,8.5387],[42.5036,8.4925],[42.5334,8.4504],[42.5804,8.2308],[42.6345,8.1476],[42.6684,8.1408],[42.7039,8.1819],[42.7438,8.3273],[42.7704,8.3655],[42.8969,8.4124],[42.9116,8.5654],[42.895,8.6099],[42.844,8.6623],[42.8333,8.7073],[42.8655,8.8003],[42.857,8.8404],[42.7053,8.9832],[42.644,9.0802],[42.6259,9.1643],[42.5923,9.2102],[42.5519,9.3515],[42.4874,9.4793],[42.4188,9.5616],[42.3871,9.5677],[42.3935,9.6656],[42.3809,9.7083],[42.341,9.7204],[42.3027,9.7626],[42.2543,9.7806],[42.2031,9.7744],[42.0404,9.629],[41.892,9.6839],[41.8185,9.6475],[41.763,9.6401],[41.7406,9.5849],[41.7369,9.4738],[41.7117,9.4682],[41.6646,9.4803],[41.6375,9.514],[41.6152,9.5176],[41.5665,9.5092],[41.4932,9.4597],[41.2699,9.5059],[41.2309,9.4966],[41.1718,9.4446],[41.0111,9.3582],[40.8464,9.3071],[40.8092,9.3287],[40.7977,9.3946],[40.9105,9.3959],[40.924,9.409],[40.9145,9.4292],[40.8669,9.457],[40.6951,9.4444],[40.7371,9.6236],[40.826,9.7597],[41.0218,9.9511],[40.9521,9.9967],[40.9432,10.047],[41.0866,10.5912],[41.0833,10.6793],[41.2041,10.8156],[41.2705,10.9601],[41.6911,10.9643],[41.7665,10.9895],[41.9375,10.9298],[42.0384,10.9504],[42.0963,10.9903],[42.2216,10.9843],[42.3385,11.0155],[42.3918,11.0059],[42.4797,11.0591],[42.6156,11.0897],[42.7296,11.065],[42.7718,10.9965],[42.8733,10.9782],[42.9081,11.0042],[42.9237,10.9988],[42.8935,10.9197],[42.8194,10.8726],[42.8012,10.8208],[42.7381,10.7598],[42.6996,10.6585],[42.6472,10.6322],[42.6952,10.5247],[42.7658,10.4519],[42.7895,10.3333],[42.8363,10.2081],[42.9819,10.0916],[43.0399,9.95],[43.0677,9.9225],[43.1872,9.8833],[43.2063,9.8512],[43.2488,9.6523],[43.306,9.6176],[43.3707,9.5442],[43.419,9.413],[43.5482,9.3361],[43.6215,9.3369],[43.9848,9.0083],[46.9792,7.9966],[47.9792,7.9966]]]}},{"type":"Feature","properties":{"name":"Central Darfur","country":"SD","adm1_code":"SDN-5859","ipc_phase":4,"ipc_label":"Emergency","famine_likely":false},"geometry":{"type":"Polygon","coordinates":[[[23.0056,10.6868],[22.8632,10.8918],[22.9002,11.0599],[22.9224,11.0871],[22.9565,11.2088],[22.9148,11.3961],[22.9004,11.4082],[22.7719,11.4032],[22.7688,11.4423],[22.743,11.4661],[22.6281,11.5098],[22.5923,11.5437],[22.5417,11.633],[22.5371,11.6809],[22.5929,11.9889],[22.6814,12.2753],[22.6263,12.6338],[22.9021,12.9372],[23.2146,13.3876],[23.2881,13.4243],[23.4076,13.4335],[23.5232,13.5567],[23.6347,13.548],[23.7817,13.4562],[23.9928,13.385],[24.0803,13.4038],[24.2389,13.4932],[24.4021,13.5546],[24.4799,13.5666],[24.5486,13.5575],[24.5882,13.5187],[24.5829,13.4577],[24.5285,13.384],[24.3908,13.2539],[24.3557,13.1915],[24.3554,13.1629],[24.3954,13.1219],[24.4322,13.1122],[24.6164,13.0994],[24.0904,12.5873],[24.0317,12.5126],[24.0131,12.4739],[23.9684,12.0731],[23.7661,11.4112],[23.2973,11.1079],[23.0056,10.6868]]]}},{"type":"Feature","properties":{"name":"Southern Darfur","country":"SD","adm1_code":"SDN-5856","ipc_phase":2,"ipc_label":"Stressed","famine_likely":false},"geometry":{"type":"Polygon","coordinates":[[[23.6275,9.4351],[23.6061,9.5372],[23.6691,9.652],[23.674,9.6903],[23.6448,9.8631],[23.624,9.9078],[23.2912,10.4397],[23.1094,10.6145],[23.0056,10.6868],[23.2973,11.1079],[23.7661,11.4112],[23.9684,12.0731],[24.0131,12.4739],[24.0904,12.5873],[24.6164,13.0994],[24.9213,13.0558],[25.0878,13.0497],[25.2448,13.0643],[25.3012,12.6798],[25.2828,12.404],[25.1817,12.2661],[25.1909,11.5859],[25.4391,11.3193],[25.6046,11.1814],[25.8436,10.5288],[25.8393,10.4206],[25.3274,10.3166],[25.2328,10.3223],[25.0769,10.2869],[25.0171,10.168],[25.029,10.092],[24.9763,9.9674],[24.9139,9.8907],[24.7964,9.8189],[24.7925,9.5204],[24.6802,9.3734],[24.6599,9.177],[24.5593,8.9999],[24.5584,8.8867],[24.4938,8.8583],[24.3801,8.8442],[24.2406,8.7615],[24.183,8.7179],[24.1703,8.6893],[24.114,8.6816],[23.8034,8.7221],[23.7213,8.702],[23.5964,8.7341],[23.5405,8.7048],[23.5053,8.7107],[23.4823,8.7834],[23.5536,8.8832],[23.5675,8.9748],[23.5601,8.9965],[23.5426,8.9973],[23.5055,8.9611],[23.4781,8.9589],[23.4514,8.9742],[23.4357,9.0189],[23.4743,9.1707],[23.5495,9.1853],[23.6322,9.2776],[23.6218,9.3406],[23.6469,9.4184],[23.6275,9.4351]]]}},{"type":"Feature","properties":{"name":"Afar","country":"ET","adm1_code":"ETH-3111","ipc_phase":4,"ipc_label":"Emergency","famine_likely":false},"geometry":{"type":"Polygon","coordinates":[[[42.3795,12.4659],[41.9253,11.8164],[41.8082,11.7362],[41.7491,11.538],[41.788,11.2597],[41.7856,11.0674],[41.7665,10.9895],[41.6911,10.9643],[41.2923,10.9671],[41.2504,10.9398],[41.2324,10.8614],[41.2041,10.8156],[41.0833,10.6793],[41.0866,10.5912],[40.9432,10.047],[40.9521,9.9967],[41.0218,9.9511],[40.826,9.7597],[40.7371,9.6236],[40.6951,9.4444],[40.6417,9.4026],[40.5279,9.3824],[40.4636,9.3429],[40.3239,9.1514],[40.2608,9.0898],[40.2369,9.0063],[40.188,8.9702],[40.155,8.9677],[40.1002,8.8847],[40.0264,8.8465],[40.0442,8.9785],[40.0258,8.9985],[39.9499,9.0059],[39.9113,9.1341],[39.8107,9.139],[39.8942,9.2682],[39.8953,9.3153],[39.7947,9.3768],[39.869,9.4596],[39.8883,9.5046],[39.8922,9.6068],[39.8524,9.7411],[39.8927,9.7516],[40.0154,9.7281],[40.0291,9.7559],[40.0128,9.8042],[40.0852,9.9193],[40.077,9.9785],[39.992,10.0451],[40.0006,10.0909],[40.0407,10.109],[40.1317,10.1041],[40.1209,10.203],[40.1779,10.4892],[40.1538,10.5676],[40.164,10.6625],[40.1268,10.713],[40.1149,10.762],[40.1651,10.8869],[40.1286,10.9408],[40.1922,11.0396],[40.1966,11.0757],[40.172,11.2106],[40.1319,11.2829],[40.0674,11.3523],[40.0613,11.4658],[40.0002,11.5806],[39.9877,11.6536],[39.9365,11.6913],[39.8832,11.7751],[39.8835,11.9193],[39.8327,11.9823],[39.8264,12.0555],[39.8017,12.0957],[39.8028,12.135],[39.7622,12.2432],[39.7797,12.325],[39.8057,12.3604],[39.7926,12.5245],[39.8043,12.5661],[39.8755,12.6682],[39.8919,12.7611],[39.8603,12.8335],[39.7545,12.8942],[39.7654,13.0384],[39.7913,13.0531],[39.8078,13.0878],[39.7731,13.1938],[39.7232,13.2526],[39.7442,13.3908],[39.7241,13.4815],[39.7562,13.5714],[39.7941,13.5539],[39.823,13.5717],[39.828,13.6146],[39.7976,13.7353],[39.8196,13.9302],[39.7921,13.9736],[39.7849,14.0802],[39.7726,14.091],[39.7312,14.0829],[39.7236,14.1012],[39.7614,14.1453],[39.6904,14.1651],[39.7202,14.2349],[39.7684,14.2955],[39.753,14.3092],[39.692,14.304],[39.6687,14.3159],[39.6755,14.3338],[39.7348,14.3736],[39.8044,14.3867],[39.9636,14.3684],[39.9832,14.3945],[39.992,14.4518],[40.1046,14.466],[40.1944,14.4446],[40.2771,14.4046],[40.4216,14.2738],[40.4798,14.2444],[40.5859,14.1947],[40.7723,14.1484],[40.8332,14.106],[41.0436,13.8725],[41.192,13.6159],[41.2222,13.5866],[41.5307,13.3938],[41.7508,13.2083],[41.9466,12.8762],[42.1373,12.7733],[42.1849,12.733],[42.2502,12.624],[42.3795,12.4659]]]}},{"type":"Feature","properties":{"name":"Kebbi","country":"NG","adm1_code":"NGA-2879","ipc_phase":2,"ipc_label":"Stressed","famine_likely":false},"geometry":{"type":"Polygon","coordinates":[[[3.695,11.1191],[3.6625,11.1431],[3.4833,11.3923],[3.4667,11.4425],[3.5049,11.5566],[3.5744,11.673],[3.6478,11.726],[3.667,11.7597],[3.6129,11.839],[3.6039,11.9056],[3.6536,11.9868],[3.624,12.0942],[3.6515,12.269],[3.6416,12.518],[3.9291,12.7504],[4.0888,12.9962],[4.1203,13.2106],[4.27,13.2042],[4.3409,13.2281],[4.4638,13.1398],[4.6029,13.0939],[4.672,13.0545],[4.71,13.0514],[4.741,13.0695],[4.7749,13.1197],[4.8008,13.128],[4.8184,13.1065],[4.7699,12.9014],[4.8259,12.7826],[4.8031,12.6356],[4.8332,12.4748],[4.8295,12.3994],[4.7846,12.3768],[4.7164,12.3985],[4.6449,12.381],[4.6091,12.3185],[4.6157,11.9341],[4.5818,11.7783],[4.5375,11.6843],[4.5294,11.589],[4.5615,11.5528],[4.6064,11.5383],[4.685,11.6077],[4.8751,11.6923],[4.9562,11.6914],[4.9821,11.6663],[5.0645,11.688],[5.1425,11.6548],[5.2182,11.6692],[5.2615,11.7199],[5.2834,11.7212],[5.3286,11.7099],[5.3853,11.7184],[5.4238,11.6698],[5.5698,11.6205],[5.7543,11.6434],[5.8283,11.631],[5.8663,11.6182],[5.9133,11.5731],[5.8832,11.4298],[5.9021,11.3994],[5.9416,11.384],[6.0182,11.2642],[6.0271,11.1112],[5.9964,11.1308],[5.9613,11.129],[5.8852,11.0534],[5.816,11.0414],[5.643,10.9689],[5.4767,10.9572],[5.4497,10.9664],[5.437,11.0016],[5.4415,11.1176],[5.4255,11.151],[5.3937,11.1709],[5.3581,11.2347],[5.3443,11.3093],[5.2852,11.3445],[5.2123,11.3466],[4.9167,11.2876],[4.7794,11.2269],[4.763,11.1638],[4.8265,11.1166],[4.8985,11.0867],[4.992,11.0747],[5.0541,11.0334],[5.0783,10.9238],[5.0303,10.8638],[5.0711,10.8132],[5.0931,10.7478],[4.9283,10.6749],[4.8589,10.6843],[4.8271,10.6731],[4.8102,10.6067],[4.8166,10.4633],[4.8942,10.3347],[4.8694,10.2692],[4.8406,10.2483],[4.6554,10.2011],[4.6319,10.0993],[4.5637,10.1031],[4.5395,10.1244],[4.561,10.2709],[4.4984,10.3481],[4.5006,10.4604],[4.5384,10.5242],[4.6547,10.589],[4.689,10.6458],[4.7221,10.9042],[4.6578,10.9235],[4.5368,11.0018],[4.4354,11.0285],[4.3317,11.0133],[4.0052,11.0122],[3.8042,11.1176],[3.695,11.1191]]]}},{"type":"Feature","properties":{"name":"Niger","country":"NG","adm1_code":"NGA-2851","ipc_phase":2,"ipc_label":"Stressed","famine_likely":false},"geometry":{"type":"Polygon","coordinates":[[[3.7569,10.4053],[3.7943,10.4449],[3.7954,10.4965],[3.8374,10.5999],[3.8371,10.6548],[3.8229,10.7032],[3.7833,10.717],[3.73,10.8077],[3.7541,10.9071],[3.7118,11.0519],[3.7128,11.1279],[3.8042,11.1176],[4.0052,11.0122],[4.3317,11.0133],[4.4354,11.0285],[4.5368,11.0018],[4.6578,10.9235],[4.7221,10.9042],[4.689,10.6458],[4.6547,10.589],[4.5384,10.5242],[4.5006,10.4604],[4.4984,10.3481],[4.561,10.2709],[4.5395,10.1244],[4.5637,10.1031],[4.6319,10.0993],[4.6554,10.2011],[4.8406,10.2483],[4.8694,10.2692],[4.8942,10.3347],[4.8166,10.4633],[4.8102,10.6067],[4.8271,10.6731],[4.8589,10.6843],[4.9283,10.6749],[5.0931,10.7478],[5.0711,10.8132],[5.0303,10.8638],[5.0783,10.9238],[5.0541,11.0334],[4.992,11.0747],[4.8985,11.0867],[4.8265,11.1166],[4.763,11.1638],[4.7794,11.2269],[4.9167,11.2876],[5.2123,11.3466],[5.2852,11.3445],[5.3443,11.3093],[5.3581,11.2347],[5.3937,11.1709],[5.4255,11.151],[5.4415,11.1176],[5.437,11.0016],[5.4497,10.9664],[5.4767,10.9572],[5.643,10.9689],[5.816,11.0414],[5.8852,11.0534],[5.9613,11.129],[5.9964,11.1308],[6.0697,11.0564],[6.1464,10.9293],[6.1619,10.8627],[6.1221,10.8316],[6.1137,10.8061],[6.1091,10.6973],[6.1264,10.623],[6.0931,10.4826],[6.0996,10.4491],[6.1738,10.3612],[6.2081,10.3658],[6.3073,10.4833],[6.4267,10.5736],[6.4976,10.589],[6.5367,10.5403],[6.5685,10.5347],[6.6412,10.5677],[6.7177,10.5688],[6.7399,10.5847],[6.7355,10.6239],[6.768,10.6378],[6.8352,10.6231],[6.8499,10.5225],[6.9009,10.5285],[6.956,10.4824],[6.9445,10.3668],[7.0675,10.2989],[7.0651,10.2646],[6.8921,10.1052],[6.9367,10.0472],[7.0085,10.0171],[7.2308,10.0111],[7.2792,9.9776],[7.2962,9.781],[7.2173,9.741],[7.2375,9.7141],[7.2952,9.686],[7.2872,9.6582],[7.3319,9.6179],[7.3381,9.5866],[7.2901,9.5321],[7.2816,9.4921],[7.2269,9.4536],[7.2183,9.4166],[7.2686,9.3559],[7.2617,9.2953],[7.3108,9.2974],[7.1639,9.0976],[7.0234,9.2138],[6.9631,9.2324],[6.754,9.2139],[6.759,8.4722],[6.7894,8.4121],[6.835,8.4068],[6.8216,8.3672],[6.7556,8.3163],[6.7531,8.2776],[6.7264,8.2757],[6.6914,8.2069],[6.5722,8.3536],[6.4654,8.4317],[6.3705,8.6809],[6.2774,8.7367],[6.1607,8.7193],[6.0924,8.7586],[5.9827,8.7575],[5.9146,8.7354],[5.8024,8.7418],[5.7459,8.8112],[5.6343,8.829],[5.538,8.9294],[5.4662,8.9412],[5.401,8.9895],[5.2095,9.0083],[5.1902,9.0302],[5.1843,9.0732],[5.1501,9.1133],[5.0059,9.1966],[4.9792,9.1997],[4.8293,9.1419],[4.7708,9.1487],[4.7525,9.1683],[4.7548,9.2545],[4.7426,9.2749],[4.6486,9.2998],[4.625,9.3247],[4.6144,9.4219],[4.5272,9.4344],[4.4536,9.4254],[4.4207,9.4811],[4.4319,9.6361],[4.4158,9.7034],[4.3816,9.7037],[4.3504,9.7251],[4.014,10.118],[3.986,10.1414],[3.9176,10.1504],[3.6648,10.1287],[3.6646,10.1622],[3.5876,10.2442],[3.5724,10.2857],[3.6521,10.4358],[3.6928,10.4384],[3.7569,10.4053]]]}},{"type":"Feature","properties":{"name":"Kwara","country":"NG","adm1_code":"NGA-2849","ipc_phase":2,"ipc_label":"Stressed","famine_likely":false},"geometry":{"type":"Polygon","coordinates":[[[3.5131,9.8466],[3.5895,9.9488],[3.6123,10.0703],[3.6549,10.1011],[3.6648,10.1287],[3.7577,10.1457],[3.986,10.1414],[4.3504,9.7251],[4.3816,9.7037],[4.4158,9.7034],[4.4319,9.6361],[4.4207,9.4811],[4.4536,9.4254],[4.5272,9.4344],[4.6144,9.4219],[4.625,9.3247],[4.6486,9.2998],[4.7426,9.2749],[4.7548,9.2545],[4.7525,9.1683],[4.7708,9.1487],[4.8293,9.1419],[4.9792,9.1997],[5.0059,9.1966],[5.1501,9.1133],[5.1843,9.0732],[5.1902,9.0302],[5.2095,9.0083],[5.401,8.9895],[5.4662,8.9412],[5.538,8.9294],[5.6343,8.829],[5.7459,8.8112],[5.7905,8.7457],[5.9146,8.7354],[5.9827,8.7575],[6.0924,8.7586],[6.1607,8.7193],[6.2159,8.73],[6.1735,8.6757],[6.1072,8.4046],[6.0868,8.3804],[6.0534,8.3737],[5.9435,8.398],[5.8051,8.4052],[5.6058,8.4656],[5.5552,8.5148],[5.5157,8.5307],[5.3569,8.3482],[5.3492,8.3153],[5.4214,8.2076],[5.5288,8.1295],[5.536,8.0696],[5.3931,8.0553],[5.3537,7.9743],[5.2302,7.9756],[5.164,8.0164],[5.1015,7.998],[5.0641,8.0306],[4.992,8.0263],[4.9409,8.0804],[4.6853,8.0306],[4.5556,8.0341],[4.5223,8.0479],[4.4808,8.1627],[4.3591,8.311],[4.3253,8.4447],[4.201,8.6934],[4.1877,8.7541],[4.2004,8.8148],[4.3313,8.9541],[4.3141,8.9926],[4.2374,8.9624],[4.0455,9.0207],[3.9631,9.0766],[3.9114,9.157],[3.866,9.1775],[3.818,9.1727],[3.773,9.1403],[3.7381,9.0265],[3.6956,8.9892],[3.2437,8.7477],[3.1837,8.7778],[3.145,8.7689],[2.9193,8.5946],[2.8011,8.5777],[2.7424,8.5275],[2.7232,8.7829],[2.7511,8.8034],[2.7625,8.8957],[2.7478,8.9148],[2.7702,8.9672],[2.7692,9.057],[2.8463,9.0508],[2.8884,9.0754],[2.9299,9.0784],[2.9831,9.0606],[3.076,9.0952],[3.1514,9.2886],[3.1326,9.4573],[3.2436,9.5844],[3.2457,9.6337],[3.2991,9.634],[3.3316,9.652],[3.3386,9.6782],[3.3149,9.7591],[3.3259,9.8017],[3.4529,9.8531],[3.5131,9.8466]]]}},{"type":"Feature","properties":{"name":"Ogun","country":"NG","adm1_code":"NGA-2852","ipc_phase":2,"ipc_label":"Stressed","famine_likely":false},"geometry":{"type":"Polygon","coordinates":[[[2.7833,7.4192],[2.7923,7.4776],[2.7206,7.5866],[2.7244,7.8077],[2.6717,7.8934],[2.7648,7.958],[2.8618,7.9547],[2.8868,7.9078],[2.9092,7.7417],[2.9374,7.7376],[2.9616,7.8322],[2.9994,7.8337],[3.0057,7.7454],[2.9698,7.6231],[2.9896,7.5712],[3.064,7.4949],[3.1091,7.4133],[3.1794,7.3498],[3.2339,7.3315],[3.2902,7.3334],[3.33,7.3678],[3.3707,7.4669],[3.412,7.4948],[3.4488,7.4675],[3.4659,7.4187],[3.4952,7.4021],[3.5543,7.4312],[3.6543,7.4287],[3.6883,7.3798],[3.6906,7.3069],[3.7488,7.27],[3.7762,7.1437],[3.7121,7.0471],[3.8958,7.0597],[4.1479,7.1462],[4.1769,7.0589],[4.3016,7.0897],[4.3345,7.0619],[4.3641,6.9805],[4.5455,7.0074],[4.5611,6.9883],[4.5385,6.8573],[4.3795,6.7138],[4.3549,6.6174],[4.383,6.5821],[4.4831,6.5674],[4.5671,6.6288],[4.586,6.6031],[4.5923,6.4718],[4.5146,6.4171],[4.466,6.4064],[4.4831,6.3863],[4.5686,6.3627],[4.5702,6.3358],[4.5544,6.3168],[4.493,6.3205],[4.342,6.3706],[4.3448,6.4275],[4.2369,6.4336],[4.1548,6.4786],[4.1533,6.5031],[4.2109,6.5348],[4.2096,6.5769],[4.1484,6.5799],[4.0876,6.5443],[4.0592,6.5673],[4.0481,6.6042],[4.0918,6.6744],[4.0321,6.69],[3.448,6.6868],[3.4242,6.6463],[3.4045,6.6432],[3.3689,6.6447],[3.3456,6.674],[3.2767,6.7047],[3.2453,6.6926],[3.1688,6.5245],[2.8921,6.5257],[2.8359,6.4669],[2.7119,6.474],[2.7373,6.558],[2.7311,6.6418],[2.7786,6.6988],[2.7733,6.755],[2.7363,6.7698],[2.7236,6.7997],[2.7369,6.8633],[2.7151,6.9798],[2.7797,7.0413],[2.7353,7.096],[2.7621,7.1622],[2.7412,7.4082],[2.7513,7.4236],[2.7833,7.4192]]]}},{"type":"Feature","properties":{"name":"Oyo","country":"NG","adm1_code":"NGA-2856","ipc_phase":2,"ipc_label":"Stressed","famine_likely":false},"geometry":{"type":"Polygon","coordinates":[[[2.6717,7.8934],[2.7084,8.138],[2.7344,8.19],[2.6971,8.3207],[2.7037,8.4179],[2.7369,8.4645],[2.7424,8.5275],[2.8011,8.5777],[2.9193,8.5946],[3.145,8.7689],[3.1837,8.7778],[3.2437,8.7477],[3.6956,8.9892],[3.7381,9.0265],[3.773,9.1403],[3.818,9.1727],[3.866,9.1775],[3.9114,9.157],[3.9631,9.0766],[4.0455,9.0207],[4.2374,8.9624],[4.3141,8.9926],[4.3313,8.9541],[4.2004,8.8148],[4.1877,8.7541],[4.201,8.6934],[4.3253,8.4447],[4.3591,8.311],[4.4808,8.1627],[4.51,8.0683],[4.5556,8.0341],[4.561,7.9659],[4.4692,7.9147],[4.3999,7.8506],[4.359,7.8587],[4.3224,7.9176],[4.2635,7.954],[4.2041,7.889],[4.2051,7.8665],[4.1539,7.8299],[4.0864,7.8477],[4.0341,7.6251],[4.1043,7.5575],[4.1455,7.4744],[4.0771,7.1124],[3.8958,7.0597],[3.7121,7.0471],[3.7762,7.1437],[3.7488,7.27],[3.6906,7.3069],[3.6883,7.3798],[3.6543,7.4287],[3.5543,7.4312],[3.4952,7.4021],[3.4659,7.4187],[3.4488,7.4675],[3.412,7.4948],[3.3707,7.4669],[3.33,7.3678],[3.2902,7.3334],[3.2339,7.3315],[3.1794,7.3498],[3.1091,7.4133],[3.064,7.4949],[2.9896,7.5712],[2.9698,7.6231],[3.0057,7.7454],[2.9994,7.8337],[2.9616,7.8322],[2.9374,7.7376],[2.9092,7.7417],[2.8868,7.9078],[2.8618,7.9547],[2.7648,7.958],[2.6717,7.8934]]]}},{"type":"Feature","properties":{"name":"Lagos","country":"NG","adm1_code":"NGA-2850","ipc_phase":2,"ipc_label":"Stressed","famine_likely":false},"geometry":{"type":"Polygon","coordinates":[[[2.7038,6.3684],[2.7119,6.474],[2.8359,6.4669],[2.8921,6.5257],[3.1688,6.5245],[3.2453,6.6926],[3.2767,6.7047],[3.3456,6.674],[3.3689,6.6447],[3.4045,6.6432],[3.4242,6.6463],[3.448,6.6868],[4.0321,6.69],[4.0918,6.6744],[4.0481,6.6042],[4.0592,6.5673],[4.0876,6.5443],[4.1484,6.5799],[4.2096,6.5769],[4.2109,6.5348],[4.1533,6.5031],[4.1548,6.4786],[4.2369,6.4336],[4.3448,6.4275],[4.3463,6.4007],[4.342,6.3706],[4.1258,6.4103],[3.8703,6.4316],[3.4436,6.4103],[3.3849,6.4445],[3.4285,6.4587],[3.4402,6.4234],[3.4754,6.4556],[3.5414,6.4548],[3.5706,6.4787],[3.5708,6.5093],[3.7002,6.5271],[3.7427,6.5478],[3.7622,6.5852],[3.8579,6.6022],[3.7737,6.6224],[3.5283,6.5278],[3.4785,6.5414],[3.4812,6.6022],[3.4299,6.5578],[3.4024,6.5522],[3.406,6.5128],[3.3698,6.45],[3.3895,6.42],[3.3845,6.3977],[3.0824,6.3815],[2.9277,6.3891],[2.7038,6.3684]]]}},{"type":"Feature","properties":{"name":"Borno","country":"NG","adm1_code":"NGA-2839","ipc_phase":5,"ipc_label":"Catastrophe / Famine","famine_likely":true},"geometry":{"type":"Polygon","coordinates":[[[13.6073,13.7041],[14.0649,13.078],[14.1774,12.5456],[14.1889,12.3704],[14.4871,12.3378],[14.5144,12.3235],[14.5144,12.2894],[14.5621,12.2558],[14.5485,12.2416],[14.6041,12.2043],[14.6106,12.1835],[14.6515,12.1938],[14.6683,12.1781],[14.6372,12.1242],[14.6222,12.042],[14.6043,12.0304],[14.6271,11.9501],[14.5907,11.7832],[14.5419,11.7098],[14.6214,11.6298],[14.6276,11.5844],[14.6058,11.5147],[14.4463,11.4117],[14.3682,11.383],[14.2792,11.3018],[14.2321,11.2903],[14.1655,11.2383],[14.1226,11.2357],[13.9823,11.2763],[13.8732,11.1665],[13.8201,11.0693],[13.7659,11.0339],[13.7498,10.9424],[13.5464,10.9071],[13.4562,10.9349],[13.4222,10.9303],[13.4005,10.7357],[13.3097,10.4679],[13.2592,10.44],[13.1911,10.455],[13.0772,10.5408],[13.0093,10.5697],[12.923,10.5815],[12.8409,10.5632],[12.7284,10.4481],[12.6662,10.4276],[12.6201,10.3614],[12.5479,10.3295],[12.3947,10.305],[12.3372,10.2573],[12.2342,10.1243],[12.1069,10.036],[11.9456,10.0447],[11.8743,10.089],[11.8071,10.1963],[11.6891,10.2632],[11.6372,10.3448],[11.6395,10.3888],[11.7134,10.5071],[11.701,10.5942],[11.7398,10.6049],[11.7938,10.6592],[11.8118,10.8577],[11.8685,10.9191],[12.1044,11.0008],[12.1667,11.0471],[12.1972,11.1157],[12.1975,11.2843],[12.3883,11.542],[12.3838,11.5785],[12.3363,11.6467],[12.2357,11.6632],[12.3065,11.8637],[12.2828,11.9635],[12.3289,12.2999],[12.3083,12.4496],[12.4185,12.5518],[12.4875,12.6728],[12.479,12.7342],[12.3809,12.8219],[12.3629,12.8853],[12.3867,13.0786],[12.4867,13.0708],[12.4998,13.136],[12.5479,13.1655],[12.5543,13.1875],[12.5383,13.1934],[12.5611,13.2428],[12.6202,13.2814],[12.63,13.3104],[12.6743,13.2837],[12.6901,13.312],[12.7408,13.3348],[12.7774,13.3867],[12.8052,13.373],[12.7945,13.3961],[12.8293,13.4066],[12.8702,13.4612],[12.8423,13.4891],[12.8706,13.4789],[12.8838,13.496],[12.9393,13.4951],[13.0549,13.5484],[13.0825,13.5506],[13.0883,13.5306],[13.1235,13.537],[13.1235,13.5227],[13.144,13.5506],[13.1502,13.5227],[13.2281,13.548],[13.2464,13.5711],[13.2302,13.5778],[13.2573,13.5942],[13.2592,13.629],[13.3299,13.7094],[13.6073,13.7041]]]}},{"type":"Feature","properties":{"name":"Amhara","country":"ET","adm1_code":"ETH-3109","ipc_phase":3,"ipc_label":"Crisis","famine_likely":false},"geometry":{"type":"Polygon","coordinates":[[[36.0994,12.6957],[36.1236,12.7214],[36.1433,12.8326],[36.1144,12.9339],[36.1499,12.9802],[36.1369,13.0324],[36.2336,13.3616],[36.3821,13.571],[36.3984,13.676],[36.4399,13.7762],[36.5385,13.5991],[36.7062,13.558],[36.8963,13.3967],[37.032,13.3734],[37.1325,13.4223],[37.1931,13.4318],[37.2478,13.4144],[37.299,13.3699],[37.5159,13.3674],[37.6703,13.444],[37.7187,13.5481],[37.7423,13.5656],[37.8916,13.5395],[38.0585,13.4688],[38.1365,13.5249],[38.2811,13.5126],[38.3799,13.5258],[38.4357,13.582],[38.4638,13.5872],[38.4853,13.5371],[38.4549,13.4678],[38.5839,13.4974],[38.6751,13.4917],[38.705,13.3936],[38.7461,13.3749],[38.9958,13.1271],[39.0144,13.015],[39.0452,13.0034],[39.2243,13.0158],[39.2655,12.8534],[39.2637,12.7978],[39.1847,12.6324],[39.233,12.4964],[39.2582,12.337],[39.2989,12.2963],[39.3727,12.2991],[39.3775,12.3251],[39.408,12.3323],[39.5337,12.3277],[39.5391,12.2511],[39.6296,12.3038],[39.7797,12.325],[39.7622,12.2432],[39.8028,12.135],[39.8017,12.0957],[39.8264,12.0555],[39.8327,11.9823],[39.8835,11.9193],[39.8832,11.7751],[39.9365,11.6913],[39.9843,11.6606],[40.0002,11.5806],[40.0613,11.4658],[40.0674,11.3523],[40.1319,11.2829],[40.1886,11.1579],[40.1922,11.0396],[40.1286,10.9408],[40.1543,10.9141],[40.1629,10.86],[40.1149,10.762],[40.1268,10.713],[40.164,10.6625],[40.1538,10.5676],[40.1779,10.4892],[40.1209,10.203],[40.1317,10.1041],[40.0171,10.104],[39.9901,10.0658],[40.0045,10.0273],[40.077,9.9785],[40.0865,9.9571],[40.0773,9.8977],[40.0128,9.8042],[40.0291,9.7559],[40.0154,9.7281],[39.8927,9.7516],[39.8524,9.7411],[39.8922,9.6068],[39.8883,9.5046],[39.869,9.4596],[39.7947,9.3768],[39.8953,9.3153],[39.8942,9.2682],[39.8107,9.139],[39.7662,9.1035],[39.7588,8.8714],[39.5218,8.7561],[39.4606,8.8245],[39.4301,8.8351],[39.3634,8.7793],[39.3241,8.7817],[39.3043,8.8016],[39.2789,8.8559],[39.2762,8.9488],[39.3627,9.0874],[39.3716,9.1498],[39.2774,9.1927],[39.2516,9.2906],[39.3842,9.3052],[39.446,9.3461],[39.5084,9.3389],[39.4429,9.4079],[39.4468,9.4322],[39.3363,9.4556],[39.2203,9.6309],[39.1043,9.6811],[38.9218,9.7177],[38.858,9.749],[38.8076,9.8341],[38.7968,9.94],[38.7573,9.9841],[38.6656,10.0313],[38.6634,10.0614],[38.742,10.0617],[38.821,10.1112],[38.8636,10.3119],[38.8648,10.3484],[38.8472,10.3627],[38.7315,10.3822],[38.4979,10.3709],[38.4563,10.2458],[38.4264,10.2178],[38.4351,10.1725],[38.4188,10.1421],[38.2463,10.1165],[38.1922,10.0554],[37.8976,9.9304],[37.7961,9.8593],[37.7028,9.8428],[37.6093,9.9118],[37.5314,10.0067],[37.3677,10.0625],[37.3335,10.0184],[37.3147,10.0218],[37.2892,10.0946],[37.2195,10.1048],[37.1861,10.1345],[37.173,10.1682],[37.1996,10.227],[37.1963,10.2543],[37.1137,10.2617],[37.0461,10.3027],[36.7838,10.3544],[36.7568,10.3766],[36.5543,10.3793],[36.5209,10.4059],[36.5117,10.4728],[36.44,10.4521],[36.392,10.4692],[36.3501,10.5264],[36.3277,10.6243],[36.3928,10.771],[36.3569,10.7882],[36.3116,10.7464],[36.312,10.8228],[36.3519,10.9288],[36.4642,11.0342],[36.4889,11.0778],[36.459,11.1409],[36.4708,11.1709],[36.4612,11.2303],[36.5048,11.3063],[36.5073,11.3459],[36.4059,11.4372],[36.446,11.494],[36.3408,11.6421],[36.334,11.8084],[36.2722,11.7732],[36.1905,11.6952],[36.1516,11.6811],[36.1316,11.6904],[36.0992,11.8098],[35.9592,11.9874],[35.9299,12.0059],[35.8602,12.0138],[35.8376,12.0343],[35.7592,12.0333],[35.716,11.9464],[35.5443,11.8069],[35.4112,11.784],[35.3663,11.7957],[35.3131,11.8463],[35.2749,11.9357],[35.2484,11.9579],[35.3174,12.0237],[35.3537,12.146],[35.4125,12.1986],[35.4288,12.267],[35.6169,12.5752],[35.6724,12.6043],[35.6877,12.6592],[36.03,12.7172],[36.0994,12.6957]]]}},{"type":"Feature","properties":{"name":"Gedarif","country":"SD","adm1_code":"SDN-876","ipc_phase":2,"ipc_label":"Stressed","famine_likely":false},"geometry":{"type":"Polygon","coordinates":[[[36.4582,13.8201],[36.3984,13.676],[36.3821,13.571],[36.2336,13.3616],[36.1369,13.0324],[36.1499,12.9802],[36.1144,12.9339],[36.1433,12.8326],[36.115,12.7018],[36.03,12.7172],[35.7014,12.6654],[35.3675,12.7392],[35.271,12.7772],[35.1604,12.8696],[34.9482,12.9899],[34.7614,13.1763],[34.6154,13.239],[34.5481,13.3053],[34.4233,13.3609],[34.347,13.4581],[34.2588,13.6174],[34.2582,13.6481],[34.306,13.6972],[34.3035,13.731],[34.2658,13.7297],[34.241,13.7464],[34.2062,13.7369],[34.1592,13.7611],[34.1479,13.7523],[34.0832,13.8301],[34.0636,13.8684],[34.0742,13.8967],[34.0117,13.9538],[34.0017,13.9954],[33.9252,14.1045],[33.9378,14.115],[33.9078,14.1625],[34.2512,14.7608],[34.2495,14.7994],[34.0982,15.0205],[34.0225,15.171],[33.8585,15.2537],[33.6642,15.3175],[33.5441,15.432],[33.5933,15.5286],[33.6799,15.6461],[33.7262,15.6867],[33.7956,15.7066],[34.0188,15.6305],[34.3622,15.5774],[34.6246,15.5026],[34.8399,15.3854],[34.9214,15.31],[34.9949,15.2119],[35.1306,14.8879],[35.3589,14.641],[35.4083,14.607],[35.5098,14.6119],[35.9771,14.7778],[36.0574,14.7927],[36.4622,14.7938],[36.5264,14.2635],[36.4321,13.9699],[36.4582,13.8201]]]}},{"type":"Feature","properties":{"name":"Tigray","country":"ET","adm1_code":"ETH-3110","ipc_phase":4,"ipc_label":"Emergency","famine_likely":false},"geometry":{"type":"Polygon","coordinates":[[[36.4399,13.7762],[36.4582,13.8201],[36.4366,13.9912],[36.5264,14.2635],[36.5457,14.2632],[36.5657,14.2929],[36.7481,14.3321],[36.8164,14.3321],[36.9469,14.3047],[37.0056,14.2632],[37.0835,14.2977],[37.1059,14.3992],[37.1497,14.4419],[37.2938,14.4574],[37.3902,14.3582],[37.3977,14.3017],[37.4526,14.2606],[37.4754,14.1996],[37.5165,14.1806],[37.5253,14.1288],[37.5537,14.1055],[37.8915,14.8795],[38.0067,14.7244],[38.1152,14.681],[38.2293,14.6797],[38.2576,14.6104],[38.2893,14.5877],[38.3134,14.5193],[38.3943,14.4643],[38.4268,14.4172],[38.5694,14.4268],[38.6685,14.4677],[38.7429,14.4611],[38.8661,14.4937],[38.9797,14.5671],[39.0097,14.6512],[39.0855,14.6335],[39.1275,14.6022],[39.2082,14.4402],[39.2332,14.4404],[39.2685,14.4864],[39.3666,14.4829],[39.4486,14.5051],[39.4894,14.5245],[39.515,14.5678],[39.5521,14.5567],[39.5938,14.5146],[39.6509,14.4966],[39.7969,14.4951],[39.8923,14.4266],[39.9998,14.4552],[39.9825,14.4452],[39.9841,14.3978],[39.9636,14.3684],[39.8044,14.3867],[39.7348,14.3736],[39.6682,14.3245],[39.692,14.304],[39.753,14.3092],[39.7684,14.2955],[39.7202,14.2349],[39.6904,14.1651],[39.7614,14.1453],[39.7236,14.1012],[39.7312,14.0829],[39.7726,14.091],[39.7849,14.0802],[39.7921,13.9736],[39.8196,13.9302],[39.7976,13.7353],[39.828,13.6146],[39.823,13.5717],[39.7941,13.5539],[39.7562,13.5714],[39.7241,13.4815],[39.7442,13.3908],[39.7232,13.2526],[39.7731,13.1938],[39.8078,13.0878],[39.7913,13.0531],[39.7654,13.0384],[39.7545,12.8942],[39.8603,12.8335],[39.8919,12.7611],[39.8755,12.6682],[39.8043,12.5661],[39.7926,12.5245],[39.7883,12.4745],[39.8086,12.4064],[39.7974,12.3402],[39.7465,12.316],[39.6296,12.3038],[39.5391,12.2511],[39.5337,12.3277],[39.408,12.3323],[39.3775,12.3251],[39.3727,12.2991],[39.2989,12.2963],[39.2727,12.3126],[39.248,12.364],[39.233,12.4964],[39.1847,12.6324],[39.2637,12.7978],[39.2655,12.8534],[39.2243,13.0158],[39.0452,13.0034],[39.0144,13.015],[38.9958,13.1271],[38.7461,13.3749],[38.705,13.3936],[38.6751,13.4917],[38.5839,13.4974],[38.4549,13.4678],[38.4853,13.5371],[38.4638,13.5872],[38.4357,13.582],[38.3799,13.5258],[38.2811,13.5126],[38.1365,13.5249],[38.0585,13.4688],[37.8916,13.5395],[37.7423,13.5656],[37.7187,13.5481],[37.6703,13.444],[37.5159,13.3674],[37.299,13.3699],[37.2478,13.4144],[37.1931,13.4318],[37.1325,13.4223],[37.032,13.3734],[36.8963,13.3967],[36.7062,13.558],[36.5385,13.5991],[36.4399,13.7762]]]}},{"type":"Feature","properties":{"name":"Benshangul-Gumaz","country":"ET","adm1_code":"ETH-3132","ipc_phase":2,"ipc_label":"Stressed","famine_likely":false},"geometry":{"type":"MultiPolygon","coordinates":[[[[34.8276,10.7278],[34.8513,10.7458],[34.8616,10.7876],[34.9507,10.8692],[34.9528,10.9184],[34.9143,10.964],[34.9841,11.1864],[34.9443,11.2532],[35.0731,11.549],[35.0406,11.7274],[35.0727,11.8189],[35.1267,11.8629],[35.2156,11.8966],[35.2457,11.9299],[35.2484,11.9579],[35.2749,11.9357],[35.3131,11.8463],[35.3663,11.7957],[35.4112,11.784],[35.5443,11.8069],[35.716,11.9464],[35.7592,12.0333],[35.8475,12.0329],[35.8602,12.0138],[35.9299,12.0059],[35.9592,11.9874],[36.0355,11.9011],[36.0992,11.8098],[36.1316,11.6904],[36.1516,11.6811],[36.1905,11.6952],[36.2722,11.7732],[36.334,11.8084],[36.3408,11.6421],[36.446,11.494],[36.4059,11.4372],[36.5073,11.3459],[36.5048,11.3063],[36.4612,11.2303],[36.4708,11.1709],[36.459,11.1409],[36.4889,11.0778],[36.4642,11.0342],[36.3519,10.9288],[36.312,10.8228],[36.3116,10.7464],[36.3569,10.7882],[36.3928,10.771],[36.3277,10.6243],[36.3351,10.5688],[36.37,10.4942],[36.4161,10.4539],[36.5117,10.4728],[36.5209,10.4059],[36.5543,10.3793],[36.7568,10.3766],[36.7838,10.3544],[37.0461,10.3027],[36.9934,10.2095],[36.8714,10.2427],[36.7348,10.3083],[36.6467,10.265],[36.6115,10.2092],[36.5904,10.2056],[36.5335,10.2288],[36.5705,10.3379],[36.5024,10.3353],[36.4266,10.2738],[36.3255,10.1327],[36.1966,10.0475],[36.1575,10.039],[36.1281,10.0515],[36.1302,9.7815],[36.1478,9.7167],[36.1184,9.6803],[36.2637,9.5348],[36.2701,9.4799],[36.2298,9.3277],[36.0839,9.1387],[36.0615,9.148],[36.0314,9.2293],[35.9883,9.2273],[35.9782,9.2396],[35.9267,9.3348],[35.8043,9.3461],[35.7924,9.4264],[35.7588,9.4876],[35.7037,9.4816],[35.518,9.6951],[35.2792,9.9223],[35.1723,9.9436],[35.0354,9.9348],[35.0193,10.0112],[34.8751,10.0256],[34.902,9.963],[34.8437,9.782],[34.8051,9.7114],[34.6928,9.5914],[34.6616,9.5873],[34.5661,9.6571],[34.4641,9.6391],[34.4439,9.4546],[34.4051,9.2808],[34.3636,9.2038],[34.3167,9.1883],[34.0831,9.2051],[34.0669,9.5312],[34.0982,9.6797],[34.2219,10.026],[34.3035,10.1135],[34.3018,10.1603],[34.3259,10.2236],[34.2762,10.4887],[34.2795,10.5655],[34.42,10.7808],[34.5748,10.8841],[34.7507,10.7439],[34.7544,10.6841],[34.7729,10.6883],[34.7985,10.7297],[34.8276,10.7278]]],[[[36.2898,8.997],[36.3355,8.9604],[36.2775,8.9324],[36.2376,8.9621],[36.2898,8.997]]],[[[36.4419,9.5222],[36.4926,9.4937],[36.4974,9.4737],[36.4394,9.429],[36.4648,9.3607],[36.4314,9.3668],[36.4111,9.3392],[36.3757,9.4376],[36.3918,9.491],[36.4419,9.5222]]],[[[36.0644,9.0352],[36.1777,9.0165],[36.1873,9.0102],[36.1722,8.9904],[36.1913,8.9672],[36.2291,8.9661],[36.215,8.8867],[36.2415,8.8462],[36.2272,8.8262],[36.2457,8.7871],[36.2113,8.7974],[36.2052,8.8315],[36.161,8.878],[36.1217,8.8437],[36.0859,8.8568],[36.0392,8.847],[36.0122,8.8645],[36.0094,8.9317],[36.0388,8.9741],[36.0418,9.024],[36.0644,9.0352]]]]}},{"type":"Feature","properties":{"name":"Blue Nile","country":"SD","adm1_code":"SDN-148","ipc_phase":3,"ipc_label":"Crisis","famine_likely":false},"geometry":{"type":"Polygon","coordinates":[[[35.1486,11.8712],[35.088,11.8382],[35.0482,11.7714],[35.0463,11.6486],[35.0744,11.5874],[35.0731,11.549],[34.9471,11.2749],[34.954,11.2261],[34.9841,11.1864],[34.9136,10.953],[34.9528,10.9184],[34.9507,10.8692],[34.8616,10.7876],[34.8385,10.7291],[34.7985,10.7297],[34.7648,10.6803],[34.7507,10.7439],[34.5748,10.8841],[34.4042,10.7598],[34.2795,10.5655],[34.2762,10.4887],[34.3259,10.2236],[34.3018,10.1603],[34.3035,10.1135],[34.2219,10.026],[34.0982,9.6797],[34.0669,9.5312],[34.0707,9.4546],[33.8978,9.4566],[33.8814,9.4992],[33.8839,9.6199],[33.9049,9.7107],[33.9733,9.8549],[33.9561,9.934],[33.9668,10.0473],[33.917,10.1745],[33.469,10.5439],[33.3813,10.6458],[33.14,10.739],[33.1821,10.8432],[33.0832,11.5992],[33.1324,11.6862],[33.145,11.9347],[33.203,12.1281],[33.2092,12.2104],[33.3199,12.2587],[33.4612,12.228],[33.5087,12.2335],[34.2343,12.6743],[34.3981,12.7337],[34.4705,12.7051],[34.5541,12.6261],[34.7746,12.2865],[34.8969,12.1406],[35.1042,11.9609],[35.1486,11.8712]]]}},{"type":"Feature","properties":{"name":"Sennar","country":"SD","adm1_code":"SDN-880","ipc_phase":2,"ipc_label":"Stressed","famine_likely":false},"geometry":{"type":"Polygon","coordinates":[[[35.2484,11.9579],[35.2457,11.9299],[35.2156,11.8966],[35.1486,11.8712],[35.1042,11.9609],[34.8969,12.1406],[34.7746,12.2865],[34.5541,12.6261],[34.4705,12.7051],[34.3981,12.7337],[34.2343,12.6743],[33.5087,12.2335],[33.4612,12.228],[33.3199,12.2587],[33.2092,12.2104],[33.075,12.6629],[33.0696,12.7235],[33.0994,12.8892],[32.9115,13.2038],[32.8826,13.3498],[32.8745,13.5446],[32.8513,13.5935],[32.8031,13.6411],[32.8121,13.7288],[32.8392,13.7894],[32.8846,13.7977],[32.9327,13.7481],[32.9639,13.7491],[33.0792,13.9953],[33.1468,14.0454],[33.1886,14.0561],[33.2691,14.029],[33.3773,13.9155],[33.432,13.9388],[33.5768,14.0665],[33.6374,14.0972],[33.6799,14.0954],[33.7703,14.0456],[33.871,14.0458],[33.9817,14.0247],[34.0117,13.9538],[34.0742,13.8967],[34.0636,13.8684],[34.0832,13.8301],[34.1479,13.7523],[34.1592,13.7611],[34.2062,13.7369],[34.241,13.7464],[34.2658,13.7297],[34.3035,13.731],[34.306,13.6972],[34.2582,13.6481],[34.2588,13.6174],[34.347,13.4581],[34.4233,13.3609],[34.5481,13.3053],[34.6154,13.239],[34.7614,13.1763],[34.9482,12.9899],[35.1604,12.8696],[35.271,12.7772],[35.3675,12.7392],[35.7014,12.6654],[35.6841,12.6561],[35.6625,12.5937],[35.6169,12.5752],[35.4288,12.267],[35.4125,12.1986],[35.3537,12.146],[35.3174,12.0237],[35.2484,11.9579]]]}},{"type":"Feature","properties":{"name":"Gambela Peoples","country":"ET","adm1_code":"ETH-3130","ipc_phase":2,"ipc_label":"Stressed","famine_likely":false},"geometry":{"type":"Polygon","coordinates":[[[33.741,8.3671],[33.8241,8.4195],[33.9317,8.4281],[33.9708,8.4454],[34.0902,8.5565],[34.1073,8.6015],[34.1614,8.5624],[34.2209,8.5997],[34.2708,8.6052],[34.3522,8.5578],[34.4886,8.4359],[34.5892,8.3859],[34.6745,8.2884],[34.764,8.2632],[34.8184,8.1919],[34.8761,8.1809],[35.0061,8.1945],[35.0599,8.1877],[35.0904,8.1655],[34.8925,8.0575],[34.9557,8.0207],[34.8873,7.9186],[34.8714,7.8303],[34.8921,7.7873],[34.9935,7.6966],[35.018,7.6074],[35.1469,7.5477],[35.1039,7.4832],[35.1967,7.4635],[35.2527,7.5002],[35.2635,7.5396],[35.2725,7.4785],[35.3584,7.426],[35.3632,7.3843],[35.3232,7.204],[35.3299,7.1325],[35.2483,7.1407],[35.1572,7.1153],[35.065,7.1643],[35.0291,7.1344],[34.9859,7.136],[34.9732,7.1122],[34.9469,7.1044],[34.82,7.0995],[34.7176,7.0281],[34.6623,7.0127],[34.5986,7.0178],[34.4758,7.0806],[34.2997,7.049],[34.218,7.107],[34.1958,7.0977],[34.1814,7.1672],[34.1324,7.1634],[34.0336,7.2503],[34.0306,7.3487],[34.0065,7.4099],[33.8824,7.5361],[33.8115,7.561],[33.7611,7.5981],[33.7161,7.6572],[33.6372,7.6913],[33.5509,7.6913],[33.5168,7.7261],[33.4623,7.7495],[33.3933,7.7397],[33.3598,7.7193],[33.2916,7.7331],[33.2424,7.7807],[33.1645,7.8011],[33.1075,7.7852],[33.0513,7.8011],[33.0235,7.8351],[32.9898,7.9172],[33.0311,7.9963],[33.1175,8.1042],[33.1648,8.1171],[33.1851,8.1411],[33.1699,8.2055],[33.2083,8.2537],[33.1644,8.2928],[33.1741,8.3431],[33.1619,8.3615],[33.1741,8.4045],[33.2029,8.4141],[33.2352,8.4556],[33.3614,8.4343],[33.3921,8.4519],[33.4805,8.4577],[33.4848,8.474],[33.5521,8.4468],[33.6204,8.4607],[33.6955,8.3729],[33.741,8.3671]]]}},{"type":"Feature","properties":{"name":"Oromiya","country":"ET","adm1_code":"ETH-3131","ipc_phase":2,"ipc_label":"Stressed","famine_likely":false},"geometry":{"type":"Polygon","coordinates":[[[34.1073,8.6015],[34.0831,9.2051],[34.3167,9.1883],[34.3636,9.2038],[34.4051,9.2808],[34.4439,9.4546],[34.4641,9.6391],[34.5661,9.6571],[34.6616,9.5873],[34.6928,9.5914],[34.8051,9.7114],[34.8437,9.782],[34.902,9.963],[34.8751,10.0256],[35.0193,10.0112],[35.0354,9.9348],[35.1723,9.9436],[35.2792,9.9223],[35.518,9.6951],[35.7037,9.4816],[35.7588,9.4876],[35.7924,9.4264],[35.8043,9.3461],[35.9267,9.3348],[35.9782,9.2396],[35.9883,9.2273],[36.0314,9.2293],[36.0615,9.148],[36.0839,9.1387],[36.2298,9.3277],[36.2701,9.4799],[36.2637,9.5348],[36.1184,9.6803],[36.1478,9.7167],[36.1302,9.7815],[36.1281,10.0515],[36.1575,10.039],[36.1966,10.0475],[36.3255,10.1327],[36.4266,10.2738],[36.4825,10.3269],[36.5705,10.3379],[36.5335,10.2288],[36.5904,10.2056],[36.6115,10.2092],[36.6467,10.265],[36.7348,10.3083],[36.8714,10.2427],[36.9934,10.2095],[37.0461,10.3027],[37.1137,10.2617],[37.181,10.2615],[37.1963,10.2543],[37.1996,10.227],[37.173,10.1682],[37.1861,10.1345],[37.2195,10.1048],[37.2892,10.0946],[37.3147,10.0218],[37.3335,10.0184],[37.3677,10.0625],[37.5314,10.0067],[37.6093,9.9118],[37.7028,9.8428],[37.7961,9.8593],[37.8976,9.9304],[38.1922,10.0554],[38.2463,10.1165],[38.4188,10.1421],[38.4351,10.1725],[38.4264,10.2178],[38.4563,10.2458],[38.4979,10.3709],[38.7315,10.3822],[38.8648,10.3484],[38.821,10.1112],[38.742,10.0617],[38.6634,10.0614],[38.6656,10.0313],[38.6853,10.0129],[38.7573,9.9841],[38.7968,9.94],[38.8253,9.7888],[38.858,9.749],[38.9218,9.7177],[39.1043,9.6811],[39.2203,9.6309],[39.3363,9.4556],[39.4468,9.4322],[39.4429,9.4079],[39.5084,9.3389],[39.446,9.3461],[39.3842,9.3052],[39.2516,9.2906],[39.2774,9.1927],[39.3716,9.1498],[39.3627,9.0874],[39.2762,8.9488],[39.2789,8.8559],[39.3241,8.7817],[39.3634,8.7793],[39.4301,8.8351],[39.4606,8.8245],[39.5218,8.7561],[39.7588,8.8714],[39.7662,9.1035],[39.8107,9.139],[39.8639,9.1454],[39.9113,9.1341],[39.9499,9.0059],[40.0258,8.9985],[40.0442,8.9785],[40.0206,8.8688],[40.039,8.8429],[40.1201,8.9043],[40.155,8.9677],[40.188,8.9702],[40.2369,9.0063],[40.2608,9.0898],[40.3239,9.1514],[40.4636,9.3429],[40.5279,9.3824],[40.6417,9.4026],[40.7044,9.4485],[40.8669,9.457],[40.9145,9.4292],[40.924,9.409],[40.9105,9.3959],[40.7977,9.3946],[40.8092,9.3287],[40.8464,9.3071],[41.0111,9.3582],[41.1718,9.4446],[41.2309,9.4966],[41.2699,9.5059],[41.4932,9.4597],[41.5665,9.5092],[41.6152,9.5176],[41.6863,9.47],[41.7682,9.4878],[41.9224,9.4772],[41.9901,9.5051],[42.0767,9.4749],[42.1473,9.5419],[42.1337,9.6173],[42.2017,9.652],[42.2695,9.6642],[42.341,9.7204],[42.3809,9.7083],[42.3935,9.6656],[42.3871,9.5677],[42.4188,9.5616],[42.455,9.5252],[42.5519,9.3515],[42.644,9.0802],[42.7053,8.9832],[42.857,8.8404],[42.8655,8.8003],[42.8333,8.7073],[42.844,8.6623],[42.9059,8.5898],[42.9143,8.5382],[42.8969,8.4124],[42.7704,8.3655],[42.7438,8.3273],[42.7039,8.1819],[42.6684,8.1408],[42.6345,8.1476],[42.5804,8.2308],[42.5334,8.4504],[42.5036,8.4925],[42.3268,8.5387],[42.2741,8.6228],[42.2071,8.6048],[42.0712,8.4828],[42.0251,8.4098],[42.0293,8.3252],[41.9409,8.1713],[41.9177,7.8736],[41.9534,7.7514],[41.8765,7.5525],[41.8751,7.5108],[41.9015,7.4123],[42.2075,7.293],[42.2271,7.2227],[42.1829,7.0446],[42.137,6.9516],[42.0931,6.9192],[42.0688,6.8144],[42.0791,6.7957],[41.9931,6.6064],[41.9088,6.5435],[41.8611,6.5371],[41.8458,6.5699],[41.7637,6.5413],[41.7019,6.4448],[41.622,6.364],[41.4161,6.5569],[41.3414,6.5728],[41.122,6.6927],[41.0735,6.6902],[41.0284,6.6563],[40.9044,6.5123],[40.8585,6.4199],[40.8836,6.238],[40.8655,6.1104],[40.8801,5.8117],[40.9225,5.6995],[40.7043,5.5654],[40.5288,5.4155],[40.1874,5.3546],[40.0511,5.3997],[40.0145,5.3832],[39.9195,5.2465],[39.8204,5.0151],[39.7704,4.8515],[39.742,4.657],[39.5851,4.2938],[39.5415,4.2345],[39.4838,4.041],[39.4986,3.9797],[39.333,3.684],[39.3007,3.6426],[39.0952,3.5363],[39.0904,3.5183],[38.8952,3.5136],[38.722,3.5604],[38.661,3.622],[38.6603,3.5945],[38.5471,3.6095],[38.509,3.6508],[38.4969,3.6239],[38.446,3.6017],[38.1769,3.6209],[38.1019,3.6126],[38.0362,3.6489],[37.9767,3.7264],[37.0948,4.2849],[37.0759,4.3311],[37.0484,4.332],[37.0157,4.3706],[36.8441,4.4322],[36.6489,4.4312],[36.7206,4.4732],[36.7569,4.5605],[36.9027,4.7782],[36.909,4.8362],[36.8744,4.959],[36.9208,5.1079],[36.9715,5.1861],[37.0187,5.2017],[37.1185,5.1901],[37.2291,5.2044],[37.3507,5.1621],[37.4035,5.1652],[37.6226,5.2644],[37.6857,5.313],[37.8044,5.2749],[37.862,5.2352],[37.9006,5.2493],[37.9046,5.3603],[37.9525,5.4975],[37.944,5.6367],[38.073,5.6898],[38.0917,5.7308],[38.0848,5.7544],[38.0261,5.7901],[37.9717,5.9421],[37.7942,6.0087],[37.7875,6.0226],[37.7799,6.1463],[37.8361,6.2438],[37.8573,6.348],[37.8043,6.4248],[37.8025,6.4666],[37.8844,6.5901],[37.9304,6.5686],[38.0215,6.5745],[38.1675,6.4574],[38.2403,6.4657],[38.2943,6.4289],[38.2964,6.3873],[38.2711,6.3508],[38.1948,6.3121],[38.1768,6.2538],[38.193,6.1916],[38.1766,6.1693],[38.0965,6.1752],[38.0888,6.1537],[38.0921,6.1053],[38.2343,5.8648],[38.3194,5.8706],[38.3922,5.9182],[38.3851,5.9413],[38.2937,6.0116],[38.3845,6.1724],[38.4364,6.2142],[38.4325,6.3784],[38.4529,6.4123],[38.488,6.4322],[38.5787,6.4388],[38.7011,6.4081],[38.7649,6.412],[38.7865,6.3777],[38.8619,6.3426],[38.9453,6.1935],[38.9934,6.1519],[39.135,6.1616],[39.0947,6.2415],[39.0925,6.2644],[39.1285,6.3248],[39.1288,6.3699],[39.0929,6.5234],[38.9374,6.661],[38.847,6.6748],[38.6479,6.7764],[38.6371,6.8225],[38.6656,6.9734],[38.6124,7.0784],[38.5807,7.1041],[38.5215,7.0851],[38.3311,7.1614],[38.2453,7.0565],[38.1538,7.0364],[38.0918,7.0593],[38.0696,7.096],[38.0947,7.1989],[38.2596,7.3086],[38.3427,7.4752],[38.4298,7.5272],[38.4259,7.6915],[38.4586,7.7672],[38.5928,7.9504],[38.6186,8.0203],[38.5826,8.1699],[38.5452,8.2339],[38.6039,8.253],[38.6394,8.1362],[38.676,8.0933],[38.6857,8.1139],[38.6997,8.2508],[38.6634,8.2804],[38.6704,8.3464],[38.6463,8.4104],[38.567,8.4553],[38.5041,8.4468],[38.4564,8.3911],[38.4333,8.302],[38.3614,8.2636],[38.3248,8.2699],[38.2961,8.3777],[38.2398,8.4145],[37.8337,8.3368],[37.6066,8.3642],[37.5607,8.4283],[37.5172,8.4187],[37.489,8.3832],[37.4672,8.3111],[37.5046,8.2603],[37.6045,8.2296],[37.5922,8.0596],[37.6194,7.9754],[37.5481,7.955],[37.5132,8.0064],[37.4875,8.0179],[37.3945,7.9967],[37.3945,7.969],[37.4375,7.9015],[37.408,7.8307],[37.4049,7.7099],[37.4373,7.5819],[37.3818,7.3733],[37.2341,7.3073],[37.1394,7.2406],[36.9186,7.2242],[36.7838,7.2597],[36.6122,7.3735],[36.4925,7.4136],[36.3841,7.4277],[36.2618,7.4743],[36.1425,7.5484],[36.047,7.5709],[36.0461,7.6592],[36.0,7.7442],[35.8589,7.8387],[35.8988,7.9118],[35.9053,7.9581],[35.8701,8.0677],[35.8346,8.0831],[35.7666,8.0778],[35.729,8.0272],[35.7284,8.0088],[35.8028,7.9361],[35.7422,7.8695],[35.6092,7.8135],[35.5604,7.8239],[35.5333,7.8828],[35.4381,7.8785],[35.3918,7.8466],[35.3567,7.8419],[35.3406,7.7797],[35.2995,7.7536],[35.2425,7.6768],[35.2654,7.5182],[35.1903,7.4616],[35.1039,7.4832],[35.1469,7.5477],[35.018,7.6074],[34.9935,7.6966],[34.8921,7.7873],[34.8714,7.8303],[34.8873,7.9186],[34.9557,8.0207],[34.8925,8.0575],[35.0904,8.1655],[35.0599,8.1877],[35.0061,8.1945],[34.8761,8.1809],[34.8184,8.1919],[34.7825,8.249],[34.6745,8.2884],[34.5892,8.3859],[34.4886,8.4359],[34.3016,8.5922],[34.2451,8.6077],[34.1614,8.5624],[34.1073,8.6015]],[[38.83,9.0789],[38.8183,9.0969],[38.792,9.0745],[38.7752,9.0956],[38.7101,9.0815],[38.655,8.9966],[38.6938,8.9136],[38.7764,8.8458],[38.8166,8.8326],[38.8346,8.8679],[38.8747,8.8755],[38.8579,8.9454],[38.8999,8.9375],[38.9079,8.9845],[38.8765,9.0777],[38.83,9.0789]],[[36.2775,8.9324],[36.3355,8.9604],[36.2898,8.997],[36.2376,8.9621],[36.2775,8.9324]],[[36.4648,9.3607],[36.4394,9.429],[36.4976,9.4855],[36.4419,9.5222],[36.3918,9.491],[36.3757,9.4376],[36.4111,9.3392],[36.4314,9.3668],[36.4648,9.3607]],[[36.1777,9.0165],[36.049,9.0343],[36.0388,8.9741],[36.0094,8.9317],[36.0122,8.8645],[36.0392,8.847],[36.0859,8.8568],[36.1217,8.8437],[36.161,8.878],[36.2052,8.8315],[36.2113,8.7974],[36.2457,8.7871],[36.2272,8.8262],[36.2415,8.8462],[36.215,8.8867],[36.2291,8.9661],[36.1913,8.9672],[36.1722,8.9904],[36.1873,9.0102],[36.1777,9.0165]],[[42.2487,9.1887],[42.2741,9.2179],[42.2516,9.2723],[42.2719,9.3629],[42.2566,9.3848],[42.1897,9.364],[42.1287,9.3837],[42.0763,9.3086],[42.0637,9.2298],[42.1188,9.2319],[42.1508,9.2085],[42.192,9.2214],[42.2487,9.1887]]]}},{"type":"Feature","properties":{"name":"Adamawa","country":"NG","adm1_code":"NGA-2881","ipc_phase":4,"ipc_label":"Emergency","famine_likely":false},"geometry":{"type":"Polygon","coordinates":[[[13.7498,10.9424],[13.5388,10.6214],[13.4448,10.2455],[13.453,10.2005],[13.4349,10.1534],[13.3598,10.1005],[13.248,10.0794],[13.2302,10.0453],[13.2464,9.9735],[13.2127,9.8701],[13.2629,9.8017],[13.1955,9.5422],[12.9824,9.4746],[12.929,9.4161],[12.8554,9.3781],[12.8484,9.3599],[12.8816,9.3522],[12.8913,9.332],[12.8984,9.2624],[12.8221,9.0968],[12.8282,9.02],[12.8057,8.8315],[12.7729,8.7591],[12.7089,8.7509],[12.6604,8.6593],[12.558,8.6057],[12.4825,8.6232],[12.4244,8.5998],[12.3688,8.6096],[12.4039,8.4965],[12.3313,8.4243],[12.2718,8.4278],[12.227,8.3863],[12.2368,8.197],[12.1826,8.0935],[12.1978,7.9752],[12.019,7.7189],[12.0091,7.6763],[12.0211,7.5762],[11.9035,7.4536],[11.8657,7.5581],[11.8532,7.6916],[11.805,7.8064],[11.683,7.9276],[11.6477,7.9436],[11.6158,7.9293],[11.5479,7.849],[11.5152,7.8522],[11.4478,7.9515],[11.4043,8.0584],[11.4684,8.1536],[11.5338,8.2115],[11.7922,8.5194],[11.8593,8.5739],[11.871,8.7127],[11.9715,8.919],[11.9654,8.9882],[11.9236,9.0393],[11.8606,9.0696],[11.8258,9.1278],[11.8301,9.1977],[11.7673,9.3301],[11.7095,9.3815],[11.6428,9.3974],[11.6184,9.4202],[11.5259,9.592],[11.6178,9.6066],[11.7027,9.644],[11.9251,9.7842],[11.9404,9.8257],[11.9456,10.0447],[12.1069,10.036],[12.2342,10.1243],[12.3372,10.2573],[12.3947,10.305],[12.5479,10.3295],[12.6201,10.3614],[12.6662,10.4276],[12.7284,10.4481],[12.8409,10.5632],[12.923,10.5815],[13.0093,10.5697],[13.0772,10.5408],[13.1911,10.455],[13.2592,10.44],[13.3097,10.4679],[13.4005,10.7357],[13.4222,10.9303],[13.4562,10.9349],[13.5464,10.9071],[13.7498,10.9424]]]}},{"type":"Feature","properties":{"name":"Taraba","country":"NG","adm1_code":"NGA-2848","ipc_phase":2,"ipc_label":"Stressed","famine_likely":false},"geometry":{"type":"Polygon","coordinates":[[[11.9035,7.4536],[11.7366,7.2633],[11.7802,7.2411],[11.8689,7.1271],[11.8813,7.102],[11.8722,7.0794],[11.8089,7.0719],[11.7515,7.024],[11.7411,6.9975],[11.6925,6.9916],[11.5618,6.8761],[11.5381,6.8239],[11.5666,6.7842],[11.5689,6.7391],[11.5334,6.6451],[11.5098,6.6123],[11.4167,6.572],[11.3894,6.4739],[11.3442,6.4431],[11.1135,6.434],[11.0774,6.4967],[11.0559,6.7004],[11.0367,6.7405],[11.0026,6.7673],[10.9094,6.7843],[10.8775,6.8161],[10.8319,6.9452],[10.6206,7.0438],[10.6025,7.0581],[10.5972,7.1073],[10.5787,7.1308],[10.5518,7.0663],[10.5374,6.9521],[10.5007,6.9128],[10.496,6.8747],[10.2108,6.8792],[10.1794,6.9149],[10.165,6.9885],[10.1429,7.0077],[9.8746,6.7877],[9.8512,6.7779],[9.7885,6.7948],[9.7698,6.7737],[9.693,6.5313],[9.6448,6.5212],[9.6684,6.6185],[9.6767,6.85],[9.7096,7.0241],[9.7803,7.1325],[9.8747,7.209],[9.8814,7.3266],[9.921,7.4464],[9.8766,7.5625],[9.7742,7.6532],[9.6847,7.7644],[9.5712,7.8423],[9.4184,7.8597],[9.2648,7.8554],[9.1261,7.8106],[9.1141,7.833],[9.1694,7.9145],[9.3696,8.0579],[9.3573,8.1714],[9.3039,8.2381],[9.3352,8.317],[9.36,8.3272],[9.4325,8.2984],[9.5475,8.282],[9.5883,8.3081],[9.6155,8.3512],[9.7451,8.3528],[9.8175,8.3731],[9.9403,8.4809],[10.1054,8.5915],[10.2289,8.7467],[10.4603,8.8028],[10.6185,8.8801],[10.653,8.9446],[10.646,9.1051],[10.5923,9.257],[10.582,9.4484],[10.5604,9.4967],[10.6141,9.5306],[10.7408,9.5345],[10.8643,9.5917],[10.9303,9.6026],[11.1749,9.5777],[11.5259,9.592],[11.6184,9.4202],[11.6428,9.3974],[11.7095,9.3815],[11.7673,9.3301],[11.8301,9.1977],[11.8258,9.1278],[11.8606,9.0696],[11.9236,9.0393],[11.9654,8.9882],[11.9715,8.919],[11.871,8.7127],[11.8593,8.5739],[11.7922,8.5194],[11.5338,8.2115],[11.4684,8.1536],[11.4043,8.0584],[11.4478,7.9515],[11.5152,7.8522],[11.5479,7.849],[11.6158,7.9293],[11.6477,7.9436],[11.683,7.9276],[11.805,7.8064],[11.8532,7.6916],[11.8657,7.5581],[11.9035,7.4536]]]}},{"type":"Feature","properties":{"name":"Benue","country":"NG","adm1_code":"NGA-2846","ipc_phase":2,"ipc_label":"Stressed","famine_likely":false},"geometry":{"type":"Polygon","coordinates":[[[9.6448,6.5212],[9.603,6.5152],[9.549,6.4432],[9.4886,6.4182],[9.4404,6.5021],[9.3209,6.6423],[9.2325,6.6869],[9.0747,6.6573],[8.991,6.6622],[8.9716,6.6788],[8.9812,6.7387],[8.9566,6.7902],[8.8365,6.8604],[8.6959,6.8917],[8.6314,6.8673],[8.6184,6.8351],[8.6278,6.7973],[8.5774,6.7511],[8.4113,6.7461],[8.3549,6.695],[8.2919,6.6756],[8.269,6.7015],[8.2484,6.7735],[8.2178,6.7916],[8.2024,6.7648],[8.1565,6.7604],[8.1191,6.7107],[7.9986,6.6957],[7.9733,6.5788],[7.9291,6.5192],[7.8603,6.5615],[7.8277,6.6302],[7.8619,6.7236],[7.8622,6.7722],[7.8261,6.8599],[7.7847,6.88],[7.7189,6.8486],[7.6784,6.8438],[7.6404,6.8621],[7.5424,6.9546],[7.4937,7.0745],[7.607,7.0062],[7.6338,7.0144],[7.6528,7.0993],[7.7855,7.1711],[7.8273,7.24],[7.8473,7.3521],[7.8792,7.4162],[7.7837,7.4461],[7.7561,7.6045],[7.7543,7.7562],[7.6757,7.8649],[7.666,8.0257],[7.9339,7.9737],[8.0353,7.9285],[8.1195,7.9141],[8.2934,7.8555],[8.4182,7.7751],[8.431,7.7914],[8.4248,7.8265],[8.3544,8.0012],[8.3706,8.0715],[8.4262,8.1185],[8.558,8.1334],[8.8326,8.0507],[8.9789,8.0555],[9.1694,7.9145],[9.1141,7.833],[9.1261,7.8106],[9.2648,7.8554],[9.4184,7.8597],[9.5712,7.8423],[9.6847,7.7644],[9.7742,7.6532],[9.8766,7.5625],[9.921,7.4464],[9.8814,7.3266],[9.8747,7.209],[9.7803,7.1325],[9.7096,7.0241],[9.6767,6.85],[9.6684,6.6185],[9.6448,6.5212]]]}},{"type":"Feature","properties":{"name":"Cross River","country":"NG","adm1_code":"NGA-2847","ipc_phase":2,"ipc_label":"Stressed","famine_likely":false},"geometry":{"type":"Polygon","coordinates":[[[9.4886,6.4182],[9.4531,6.3977],[9.4229,6.3394],[9.341,6.314],[9.2733,6.2028],[9.1362,6.0925],[8.9938,5.9441],[8.9827,5.8958],[8.9217,5.9045],[8.8452,5.831],[8.8622,5.7523],[8.8193,5.7035],[8.9039,5.5951],[8.8443,5.4924],[8.8498,5.4324],[8.8153,5.3435],[8.8257,5.2955],[8.7989,5.1596],[8.7483,5.1242],[8.6383,4.9168],[8.6022,4.8813],[8.6122,4.8319],[8.5492,4.8042],[8.5298,4.7089],[8.469,4.7117],[8.4802,4.7525],[8.4388,4.7383],[8.4092,4.7493],[8.4219,4.8475],[8.387,4.7958],[8.3584,4.7973],[8.3324,4.8209],[8.3399,4.8345],[8.312,4.8475],[8.3084,4.8721],[8.2562,4.9067],[8.2321,4.9537],[8.1755,4.9914],[8.2437,4.9164],[8.2736,4.8454],[8.2573,4.8345],[8.2992,4.7823],[8.249,4.8128],[8.1316,4.9349],[8.069,5.0357],[8.0551,5.0911],[8.0625,5.2135],[8.0013,5.2604],[7.9168,5.257],[7.869,5.3336],[7.8971,5.365],[7.9446,5.3561],[7.9571,5.3915],[7.9084,5.4836],[7.8778,5.6903],[7.9199,5.777],[7.9176,5.8241],[7.9668,5.8916],[7.9746,5.9926],[8.0151,6.0055],[8.0524,5.9948],[8.0722,5.9497],[8.0979,5.9508],[8.1623,5.99],[8.1908,6.0308],[8.2465,6.0179],[8.2816,6.1195],[8.3799,6.2356],[8.3768,6.3663],[8.4389,6.4012],[8.3996,6.5179],[8.3064,6.6204],[8.2919,6.6756],[8.3549,6.695],[8.4113,6.7461],[8.5774,6.7511],[8.6278,6.7973],[8.6184,6.8351],[8.6314,6.8673],[8.6959,6.8917],[8.7645,6.8857],[8.9566,6.7902],[8.9812,6.7387],[8.9716,6.6788],[8.991,6.6622],[9.0747,6.6573],[9.2325,6.6869],[9.3209,6.6423],[9.4404,6.5021],[9.4886,6.4182]]]}},{"type":"Feature","properties":{"name":"Sokoto","country":"NG","adm1_code":"NGA-2871","ipc_phase":3,"ipc_label":"Crisis","famine_likely":false},"geometry":{"type":"Polygon","coordinates":[[[5.5218,13.8803],[6.1424,13.6408],[6.2298,13.6792],[6.3022,13.6638],[6.3689,13.6263],[6.6725,13.3212],[6.7539,13.1749],[6.6259,13.0923],[6.5285,13.0923],[6.4311,13.1156],[6.3811,13.1557],[6.294,13.1628],[6.2793,13.1504],[6.2621,13.0577],[6.1252,13.0572],[6.0621,13.0223],[6.0507,12.9944],[6.0683,12.8232],[6.0386,12.7689],[5.9655,12.7431],[5.7402,12.7218],[5.6897,12.6826],[5.5999,12.5589],[5.5527,12.5274],[5.5467,12.4617],[5.5708,12.3097],[5.5208,12.2579],[5.2152,12.2455],[5.0681,12.2693],[5.0312,12.1494],[5.0235,11.6806],[4.9821,11.6663],[4.9562,11.6914],[4.8751,11.6923],[4.685,11.6077],[4.6064,11.5383],[4.5615,11.5528],[4.5294,11.589],[4.5375,11.6843],[4.5818,11.7783],[4.6157,11.9341],[4.6091,12.3185],[4.6449,12.381],[4.7164,12.3985],[4.7846,12.3768],[4.8295,12.3994],[4.8332,12.4748],[4.8031,12.6356],[4.8259,12.7826],[4.7699,12.9014],[4.8184,13.1065],[4.8008,13.128],[4.7749,13.1197],[4.741,13.0695],[4.71,13.0514],[4.672,13.0545],[4.6029,13.0939],[4.4638,13.1398],[4.3409,13.2281],[4.27,13.2042],[4.1203,13.2106],[4.1258,13.473],[4.2485,13.4941],[4.4058,13.6412],[4.5067,13.6947],[4.8569,13.7741],[4.9251,13.7331],[5.0844,13.7475],[5.2276,13.7413],[5.3042,13.7739],[5.3463,13.8416],[5.3741,13.8553],[5.5218,13.8803]]]}},{"type":"Feature","properties":{"name":"Zamfara","country":"NG","adm1_code":"NGA-2872","ipc_phase":4,"ipc_label":"Emergency","famine_likely":false},"geometry":{"type":"Polygon","coordinates":[[[6.7539,13.1749],[6.8379,13.0635],[6.9066,13.0069],[6.9705,12.9918],[7.0629,12.9951],[7.0463,12.8903],[7.0779,12.4785],[7.0993,12.4276],[7.0944,12.3677],[7.1218,12.3149],[7.1575,12.154],[7.113,12.0384],[7.222,11.9545],[7.2332,11.8952],[7.1718,11.8923],[7.1485,11.8425],[7.0663,11.7792],[7.0457,11.7929],[6.9714,11.7929],[6.9134,11.7663],[6.8754,11.5872],[6.9099,11.5258],[6.8974,11.4108],[6.8657,11.3362],[6.7545,11.248],[6.7018,11.0895],[6.576,11.0294],[6.4741,11.0095],[6.3638,11.0375],[6.3228,11.0322],[6.2803,10.965],[6.2359,10.9432],[6.2224,10.8912],[6.1619,10.8627],[6.1464,10.9293],[6.0271,11.1112],[6.0182,11.2642],[5.9416,11.384],[5.9021,11.3994],[5.8832,11.4298],[5.9133,11.5731],[5.8663,11.6182],[5.7543,11.6434],[5.5698,11.6205],[5.4238,11.6698],[5.3853,11.7184],[5.2615,11.7199],[5.2363,11.6791],[5.1425,11.6548],[5.0645,11.688],[5.0235,11.6806],[5.0312,12.1494],[5.0681,12.2693],[5.2152,12.2455],[5.5208,12.2579],[5.5708,12.3097],[5.5467,12.4617],[5.5527,12.5274],[5.5999,12.5589],[5.6897,12.6826],[5.7402,12.7218],[5.9655,12.7431],[6.0386,12.7689],[6.0683,12.8232],[6.0507,12.9944],[6.0621,13.0223],[6.1252,13.0572],[6.2621,13.0577],[6.2793,13.1504],[6.294,13.1628],[6.3811,13.1557],[6.4311,13.1156],[6.5285,13.0923],[6.6259,13.0923],[6.7539,13.1749]]]}},{"type":"Feature","properties":{"name":"Yobe","country":"NG","adm1_code":"NGA-2873","ipc_phase":4,"ipc_label":"Emergency","famine_likely":false},"geometry":{"type":"Polygon","coordinates":[[[10.7713,13.3827],[10.953,13.3619],[11.44,13.3644],[11.7423,13.2894],[11.8528,13.2454],[12.0576,13.1168],[12.1164,13.1028],[12.2014,13.1254],[12.2632,13.1019],[12.2692,13.0859],[12.301,13.0981],[12.3257,13.0788],[12.3867,13.0786],[12.3629,12.8853],[12.3809,12.8219],[12.479,12.7342],[12.4875,12.6728],[12.4185,12.5518],[12.3083,12.4496],[12.3289,12.2999],[12.2828,11.9635],[12.3065,11.8637],[12.2357,11.6632],[12.3363,11.6467],[12.3838,11.5785],[12.3883,11.542],[12.1975,11.2843],[12.1972,11.1157],[12.1667,11.0471],[12.1044,11.0008],[11.8685,10.9191],[11.8118,10.8577],[11.7938,10.6592],[11.7398,10.6049],[11.6634,10.5902],[11.593,10.5972],[11.5774,10.6987],[11.5837,10.9623],[11.354,11.2159],[11.2902,11.2648],[11.1528,11.3308],[11.0142,11.2947],[10.9657,11.3021],[10.9393,11.3361],[10.974,11.4906],[10.9681,11.5753],[10.8479,11.867],[10.8104,12.1397],[10.7702,12.2101],[10.7352,12.4023],[10.6095,12.5024],[10.5699,12.7087],[10.5394,12.7729],[10.5116,12.7934],[10.4047,12.8171],[10.2627,12.8077],[10.2269,12.9328],[10.2011,12.9715],[10.1593,12.9839],[9.9025,12.8946],[9.8573,12.8298],[9.7699,12.7925],[9.6477,12.8305],[9.8193,13.0292],[9.8997,13.0843],[9.9301,13.146],[10.1198,13.2501],[10.675,13.3751],[10.7713,13.3827]]]}},{"type":"Feature","properties":{"name":"Katsina","country":"NG","adm1_code":"NGA-2870","ipc_phase":3,"ipc_label":"Crisis","famine_likely":false},"geometry":{"type":"Polygon","coordinates":[[[7.824,13.3453],[8.1051,13.2997],[8.2014,13.2264],[8.2598,13.2052],[8.4052,13.0709],[8.4827,13.0816],[8.5335,13.0646],[8.5968,13.0114],[8.6427,12.9444],[8.6793,12.9236],[8.977,12.8344],[8.8699,12.7155],[8.7681,12.6783],[8.7282,12.6816],[8.7015,12.71],[8.6474,12.6908],[8.5992,12.7152],[8.5354,12.8299],[8.2439,12.8296],[8.1373,12.8137],[8.1233,12.7877],[8.1172,12.6562],[8.1697,12.6243],[8.2493,12.6224],[8.2828,12.5696],[8.1873,12.5557],[8.1304,12.4165],[8.0938,12.3827],[7.9181,12.318],[7.8413,12.2661],[7.8296,12.2211],[7.8331,11.9144],[7.8593,11.818],[7.8558,11.7653],[7.8937,11.6508],[7.7465,11.6008],[7.7153,11.5639],[7.6922,11.4673],[7.7074,11.4167],[7.7762,11.3592],[7.7417,11.3072],[7.6606,11.2746],[7.5781,11.3379],[7.4668,11.3688],[7.404,11.3326],[7.3818,11.2646],[7.3543,11.2501],[7.2422,11.2634],[7.2254,11.21],[7.2438,11.1557],[7.1865,11.1122],[7.1533,11.1163],[7.1013,11.17],[6.9931,11.2098],[6.9919,11.2377],[7.035,11.2789],[7.0263,11.3212],[6.8818,11.3661],[6.9099,11.5258],[6.8754,11.5872],[6.9134,11.7663],[6.9714,11.7929],[7.0457,11.7929],[7.0663,11.7792],[7.1485,11.8425],[7.1718,11.8923],[7.2332,11.8952],[7.222,11.9545],[7.113,12.0384],[7.1575,12.154],[7.1218,12.3149],[7.0944,12.3677],[7.0993,12.4276],[7.0779,12.4785],[7.0463,12.8903],[7.0629,12.9951],[7.1374,13.0472],[7.1982,13.1174],[7.3248,13.1028],[7.392,13.1125],[7.7556,13.3271],[7.824,13.3453]]]}},{"type":"Feature","properties":{"name":"Jigawa","country":"NG","adm1_code":"NGA-2868","ipc_phase":3,"ipc_label":"Crisis","famine_likely":false},"geometry":{"type":"Polygon","coordinates":[[[8.9779,12.8432],[9.2694,12.8098],[9.3779,12.8258],[9.5903,12.8014],[9.6477,12.8305],[9.7699,12.7925],[9.8573,12.8298],[9.9025,12.8946],[10.1593,12.9839],[10.2011,12.9715],[10.2269,12.9328],[10.2627,12.8077],[10.4047,12.8171],[10.5116,12.7934],[10.5394,12.7729],[10.5699,12.7087],[10.6095,12.5024],[10.4774,12.4163],[10.394,12.4489],[10.2875,12.4244],[10.2647,12.4027],[10.1691,12.1164],[10.1716,12.0427],[10.155,12.0085],[9.7839,11.8582],[9.6997,11.8512],[9.6463,11.8034],[9.6252,11.7294],[9.6677,11.7012],[9.7644,11.7224],[9.7987,11.7145],[9.8306,11.5754],[9.7933,11.4817],[9.813,11.455],[9.8631,11.4598],[10.0006,11.2623],[10.0733,11.2338],[10.3182,11.2013],[10.3902,11.1776],[10.3615,11.1174],[10.2165,11.0541],[10.1957,10.9866],[10.2069,10.9504],[10.1798,10.9334],[10.106,10.9654],[9.9483,10.9537],[9.8911,10.9769],[9.8676,11.0322],[9.8764,11.1613],[9.8543,11.2216],[9.8105,11.2614],[9.6238,11.2378],[9.5732,11.2553],[9.5339,11.3047],[9.4081,11.2991],[9.2858,11.3412],[9.2247,11.3424],[9.228,11.3959],[9.253,11.4536],[9.3507,11.555],[9.2643,11.6152],[9.2273,11.6938],[9.1459,11.7014],[9.1296,11.7158],[9.2046,11.9077],[9.1812,12.0303],[9.135,12.0354],[9.0995,12.0119],[9.0372,12.012],[9.0292,12.0616],[8.9564,12.0506],[8.9366,12.0619],[8.9232,12.0831],[8.9469,12.1297],[8.9462,12.2218],[8.9045,12.2729],[8.7851,12.2987],[8.7654,12.3909],[8.6903,12.4393],[8.6783,12.5393],[8.5301,12.5747],[8.471,12.5633],[8.4207,12.5376],[8.3622,12.4252],[8.3443,12.4354],[8.3332,12.4815],[8.2493,12.6224],[8.1697,12.6243],[8.1172,12.6562],[8.1233,12.7877],[8.1373,12.8137],[8.2439,12.8296],[8.5354,12.8299],[8.5992,12.7152],[8.6474,12.6908],[8.7015,12.71],[8.7282,12.6816],[8.7681,12.6783],[8.822,12.6905],[8.9144,12.7504],[8.9779,12.8432]]]}},{"type":"Feature","properties":{"name":"Tapoa","country":"BF","adm1_code":"BFA-2878","ipc_phase":3,"ipc_label":"Crisis","famine_likely":false},"geometry":{"type":"Polygon","coordinates":[[[2.3902,11.8965],[2.3541,11.7998],[2.3016,11.7315],[2.2874,11.6653],[2.147,11.5637],[1.9834,11.414],[1.8406,11.4455],[1.7822,11.426],[1.7191,11.4278],[1.6016,11.3887],[1.5806,11.4271],[1.5632,11.426],[1.5693,11.4533],[1.4396,11.4738],[1.4232,11.4537],[1.2622,11.5727],[1.2328,11.6151],[1.2299,11.7165],[1.2678,11.765],[1.2941,11.8445],[1.3311,12.1393],[1.2237,12.1782],[1.2007,12.2302],[1.2186,12.3174],[1.1998,12.4715],[1.2427,12.5551],[1.28,12.7008],[1.264,12.7559],[1.3048,12.8385],[1.5359,12.6475],[1.597,12.6237],[1.8437,12.6061],[1.9114,12.6966],[1.9345,12.6935],[1.9717,12.7242],[2.109,12.7056],[2.2,12.5959],[2.2109,12.5231],[2.2463,12.4659],[2.245,12.4242],[2.2233,12.4097],[2.145,12.4117],[2.0693,12.3833],[2.0518,12.3419],[2.3381,11.9401],[2.3902,11.8965]]]}},{"type":"Feature","properties":{"name":"Kompienga","country":"BF","adm1_code":"BFA-2183","ipc_phase":2,"ipc_label":"Stressed","famine_likely":false},"geometry":{"type":"Polygon","coordinates":[[[1.4232,11.4537],[1.3898,11.4284],[1.3981,11.3987],[1.3391,11.3661],[1.3304,11.3472],[1.3479,11.3035],[1.3304,11.2888],[1.3163,11.2999],[1.3025,11.2888],[1.2733,11.3182],[1.2826,11.2789],[1.2684,11.2479],[1.219,11.268],[1.1722,11.2615],[1.1563,11.2855],[1.1356,11.2601],[1.1584,11.1659],[1.1175,11.179],[1.1004,11.1516],[1.0623,11.1421],[1.097,11.1045],[1.1142,11.0277],[1.097,11.0493],[1.035,11.0493],[0.9814,11.0801],[0.9524,11.0424],[0.9691,11.0029],[0.9633,10.9741],[0.9015,10.9927],[0.6753,10.9885],[0.4876,10.9332],[0.4997,10.9757],[0.4836,10.9797],[0.4888,11.0018],[0.3748,11.0258],[0.4297,11.1267],[0.4882,11.0807],[0.5052,11.1478],[0.5545,11.2079],[0.5582,11.2453],[0.5343,11.3214],[0.5762,11.3843],[0.5317,11.4961],[0.5294,11.6597],[0.5703,11.6996],[0.6965,11.7374],[0.7201,11.7564],[0.7227,11.8103],[0.8638,11.9181],[0.9694,11.9],[1.0138,11.8793],[1.0438,11.8391],[1.1032,11.8335],[1.1643,11.7397],[1.2044,11.7385],[1.2299,11.7165],[1.2328,11.6151],[1.2622,11.5727],[1.4232,11.4537]]]}},{"type":"Feature","properties":{"name":"L\u00e9raba","country":"BF","adm1_code":"BFA-2835","ipc_phase":2,"ipc_label":"Stressed","famine_likely":false},"geometry":{"type":"Polygon","coordinates":[[[-5.3655,10.2957],[-5.4025,10.3006],[-5.4378,10.34],[-5.4742,10.3503],[-5.4875,10.3929],[-5.5226,10.4255],[-5.4681,10.5878],[-5.4774,10.6196],[-5.4606,10.6446],[-5.4759,10.6504],[-5.4826,10.6842],[-5.4314,10.8447],[-5.4791,10.9755],[-5.5018,10.9702],[-5.5056,11.048],[-5.408,11.0411],[-5.3789,11.0251],[-5.2807,10.9369],[-5.2444,10.87],[-5.1867,10.8101],[-5.0619,10.8322],[-4.9486,10.7826],[-4.9472,10.6708],[-4.985,10.5856],[-5.1244,10.579],[-5.146,10.5359],[-5.1103,10.5093],[-5.0829,10.4296],[-5.0773,10.3779],[-5.0937,10.3137],[-5.1199,10.294],[-5.1521,10.3056],[-5.1684,10.2913],[-5.2176,10.3199],[-5.2966,10.323],[-5.3655,10.2957]]]}},{"type":"Feature","properties":{"name":"Komo\u00e9","country":"BF","adm1_code":"BFA-2836","ipc_phase":2,"ipc_label":"Stressed","famine_likely":false},"geometry":{"type":"Polygon","coordinates":[[[-5.1049,10.2069],[-5.1182,10.2125],[-5.1199,10.294],[-5.0937,10.3137],[-5.0796,10.3652],[-5.0829,10.4296],[-5.1103,10.5093],[-5.146,10.5359],[-5.1244,10.579],[-4.985,10.5856],[-4.9736,10.603],[-4.9472,10.6708],[-4.9486,10.7826],[-5.0619,10.8322],[-4.9648,10.8885],[-4.8015,10.8781],[-4.7495,10.8054],[-4.6819,10.7762],[-4.5562,10.8608],[-4.4846,10.8679],[-4.4387,10.8357],[-4.4019,10.7544],[-4.3021,10.7283],[-4.2777,10.6999],[-4.0904,10.7777],[-4.0314,10.7263],[-3.912,10.6885],[-3.8504,10.717],[-3.8437,10.7533],[-3.7854,10.82],[-3.7258,10.8271],[-3.7014,10.7883],[-3.6891,10.7465],[-3.78,10.7354],[-3.7942,10.7075],[-3.7784,10.6838],[-3.7238,10.674],[-3.6934,10.6368],[-3.698,10.4675],[-3.7774,10.3506],[-3.7491,10.2372],[-3.8172,10.1236],[-3.8925,10.0934],[-3.9677,10.0995],[-3.9904,10.0379],[-3.9813,10.0119],[-3.8939,9.9349],[-3.8916,9.8939],[-3.984,9.8512],[-3.9946,9.8208],[-4.035,9.8176],[-4.0599,9.7963],[-4.1503,9.8183],[-4.197,9.765],[-4.2703,9.7439],[-4.2836,9.732],[-4.2675,9.7273],[-4.3033,9.6867],[-4.3159,9.6166],[-4.365,9.6242],[-4.3712,9.583],[-4.4091,9.6477],[-4.5017,9.655],[-4.5159,9.6757],[-4.51,9.7451],[-4.5391,9.7447],[-4.5522,9.6965],[-4.5783,9.6965],[-4.604,9.7272],[-4.6811,9.6821],[-4.7383,9.7532],[-4.77,9.7374],[-4.7832,9.7584],[-4.7964,9.7545],[-4.8101,9.7818],[-4.7759,9.788],[-4.7985,9.8425],[-4.8176,9.8365],[-4.8385,9.8695],[-4.898,9.8889],[-4.928,9.8709],[-4.9661,9.901],[-4.9529,9.9534],[-4.9814,10.0077],[-4.9602,10.0085],[-4.9633,10.0403],[-5.0156,10.0971],[-5.0483,10.0854],[-5.0565,10.0971],[-5.0429,10.1033],[-5.0701,10.1102],[-5.0395,10.1343],[-5.0707,10.161],[-5.0639,10.179],[-5.0907,10.1779],[-5.0844,10.2274],[-5.1049,10.2069]]]}},{"type":"Feature","properties":{"name":"Poni","country":"BF","adm1_code":"BFA-2837","ipc_phase":2,"ipc_label":"Stressed","famine_likely":false},"geometry":{"type":"Polygon","coordinates":[[[-3.6063,9.9182],[-3.6617,9.9489],[-3.6796,9.9322],[-3.7696,9.9313],[-3.8235,9.8957],[-3.8916,9.8939],[-3.8939,9.9349],[-3.9813,10.0119],[-3.9904,10.0379],[-3.9677,10.0995],[-3.8925,10.0934],[-3.8172,10.1236],[-3.756,10.2196],[-3.7512,10.2542],[-3.7774,10.3506],[-3.698,10.4675],[-3.6945,10.6441],[-3.5983,10.6634],[-3.4956,10.6298],[-3.3964,10.6473],[-3.3179,10.5926],[-3.1986,10.638],[-3.0528,10.7406],[-3.0044,10.7427],[-2.9704,10.698],[-2.908,10.7036],[-2.9325,10.6343],[-2.8915,10.5217],[-2.8244,10.435],[-2.7676,10.4212],[-2.8223,10.3876],[-2.8413,10.3433],[-2.8332,10.306],[-2.7549,10.2608],[-2.7577,10.2346],[-2.7985,10.1895],[-2.7885,10.0924],[-2.8627,10.1102],[-2.8922,10.1014],[-2.9187,10.0188],[-2.9393,10.0041],[-2.9806,10.01],[-3.0514,10.0748],[-3.1546,10.0778],[-3.184,10.0542],[-3.1811,10.0041],[-3.2076,9.9628],[-3.2026,9.9082],[-3.2302,9.9047],[-3.2779,9.8435],[-3.3118,9.8541],[-3.3172,9.9013],[-3.3483,9.887],[-3.3892,9.9132],[-3.6063,9.9182]]]}},{"type":"Feature","properties":{"name":"Noumbiel","country":"BF","adm1_code":"BFA-5989","ipc_phase":2,"ipc_label":"Stressed","famine_likely":false},"geometry":{"type":"Polygon","coordinates":[[[-3.0591,9.7186],[-3.0946,9.7339],[-3.1369,9.8295],[-3.2,9.8454],[-3.2076,9.9628],[-3.1811,10.0041],[-3.184,10.0542],[-3.1546,10.0778],[-3.0514,10.0748],[-2.9806,10.01],[-2.9393,10.0041],[-2.9187,10.0188],[-2.8922,10.1014],[-2.8627,10.1102],[-2.7885,10.0924],[-2.7836,10.0185],[-2.7544,9.9668],[-2.7605,9.8705],[-2.7339,9.8228],[-2.7748,9.7743],[-2.7953,9.72],[-2.7402,9.6508],[-2.7615,9.6253],[-2.7663,9.5765],[-2.6892,9.4887],[-2.7449,9.4081],[-2.7637,9.3919],[-2.8104,9.4111],[-2.9102,9.5427],[-2.99,9.7084],[-3.0246,9.7286],[-3.0591,9.7186]]]}},{"type":"Feature","properties":{"name":"Oudalan","country":"BF","adm1_code":"BFA-2805","ipc_phase":4,"ipc_label":"Emergency","famine_likely":false},"geometry":{"type":"Polygon","coordinates":[[[-0.4679,15.0799],[-0.4257,15.0026],[-0.2367,15.0656],[0.2185,14.911],[0.2208,14.8882],[0.1858,14.8482],[0.1841,14.8196],[0.2197,14.7312],[0.1529,14.5467],[0.1588,14.4961],[0.2024,14.4355],[0.1798,14.4097],[0.1424,14.3989],[0.1114,14.3198],[-0.001,14.1852],[-0.17,14.1805],[-0.2474,14.1935],[-0.3181,14.1599],[-0.5851,14.1489],[-0.626,14.219],[-0.6353,14.3253],[-0.7848,14.4898],[-0.796,14.5423],[-0.8838,14.6716],[-1.0431,14.8181],[-0.7529,15.0697],[-0.4679,15.0799]]]}},{"type":"Feature","properties":{"name":"Soum","country":"BF","adm1_code":"BFA-2806","ipc_phase":5,"ipc_label":"Catastrophe / Famine","famine_likely":true},"geometry":{"type":"Polygon","coordinates":[[[-1.837,14.4796],[-1.6969,14.4961],[-1.3503,14.715],[-1.1167,14.7804],[-1.0431,14.8181],[-0.8838,14.6716],[-0.796,14.5423],[-0.7848,14.4898],[-0.6353,14.3253],[-0.6121,14.176],[-0.5669,14.1426],[-0.5508,14.0924],[-0.571,14.0086],[-0.8519,13.8513],[-1.1519,13.7614],[-1.2915,13.7422],[-1.3331,13.739],[-1.4731,13.7919],[-1.5106,13.8328],[-1.5348,13.9027],[-1.6159,13.8614],[-1.6564,13.8571],[-1.6969,13.8256],[-1.747,13.7293],[-1.8149,13.7993],[-1.8706,13.8982],[-1.8638,13.9941],[-2.0398,14.1027],[-2.085,14.1597],[-2.0234,14.1986],[-1.9971,14.4707],[-1.967,14.4837],[-1.837,14.4796]]]}},{"type":"Feature","properties":{"name":"Loroum","country":"BF","adm1_code":"BFA-2822","ipc_phase":4,"ipc_label":"Emergency","famine_likely":false},"geometry":{"type":"Polygon","coordinates":[[[-2.1198,14.1488],[-2.085,14.1597],[-2.0398,14.1027],[-1.8638,13.9941],[-1.8706,13.8982],[-1.8149,13.7993],[-1.7311,13.7088],[-1.7308,13.6817],[-1.8678,13.6058],[-1.878,13.5418],[-2.0045,13.517],[-2.1156,13.528],[-2.1486,13.6593],[-2.2074,13.8002],[-2.1986,13.8649],[-2.2479,13.8915],[-2.2709,13.9698],[-2.3864,14.0428],[-2.4198,14.0435],[-2.4713,13.9983],[-2.5685,13.991],[-2.5865,14.0461],[-2.6763,14.1417],[-2.5974,14.2223],[-2.4617,14.2809],[-2.3856,14.2647],[-2.1198,14.1488]]]}},{"type":"Feature","properties":{"name":"Yatenga","country":"BF","adm1_code":"BFA-2823","ipc_phase":2,"ipc_label":"Stressed","famine_likely":false},"geometry":{"type":"Polygon","coordinates":[[[-2.8673,14.0005],[-2.8409,14.043],[-2.6763,14.1417],[-2.5865,14.0461],[-2.5685,13.991],[-2.4713,13.9983],[-2.4198,14.0435],[-2.3864,14.0428],[-2.2709,13.9698],[-2.2479,13.8915],[-2.1986,13.8649],[-2.2074,13.8002],[-2.1486,13.6593],[-2.1156,13.528],[-2.0045,13.517],[-1.878,13.5418],[-1.8393,13.464],[-1.8401,13.3406],[-1.7944,13.2775],[-1.7464,13.2593],[-1.7205,13.2023],[-1.742,13.1224],[-1.8295,13.0979],[-1.8703,13.1415],[-1.895,13.1269],[-1.9218,13.0662],[-1.9796,13.0709],[-2.0182,13.0294],[-2.0902,13.0294],[-2.1493,13.0809],[-2.1448,13.1113],[-2.0988,13.155],[-2.1039,13.1945],[-2.0664,13.2629],[-2.0897,13.3361],[-2.1113,13.3424],[-2.1614,13.3224],[-2.2363,13.3328],[-2.3767,13.3662],[-2.4007,13.3884],[-2.4397,13.3757],[-2.5173,13.3153],[-2.5906,13.2931],[-2.6243,13.3608],[-2.6404,13.4579],[-2.6812,13.4716],[-2.7313,13.5202],[-2.8597,13.5578],[-2.9305,13.6385],[-2.8952,13.6516],[-2.9281,13.7996],[-2.8945,13.8666],[-2.8554,13.9962],[-2.8673,14.0005]]]}},{"type":"Feature","properties":{"name":"Sourou","country":"BF","adm1_code":"BFA-2808","ipc_phase":2,"ipc_label":"Stressed","famine_likely":false},"geometry":{"type":"Polygon","coordinates":[[[-2.9723,13.6245],[-2.9305,13.6385],[-2.8597,13.5578],[-2.7313,13.5202],[-2.6812,13.4716],[-2.6404,13.4579],[-2.6243,13.3608],[-2.5906,13.2931],[-2.5422,13.2661],[-2.4618,13.2648],[-2.4426,13.2531],[-2.4526,13.2247],[-2.549,13.0906],[-2.6829,13.0858],[-2.6958,13.0582],[-2.6902,12.927],[-2.7399,12.9354],[-2.7958,12.8999],[-2.8583,12.8974],[-2.9704,12.9537],[-3.0016,12.9531],[-3.0377,12.9276],[-3.0828,12.9493],[-3.1469,12.9467],[-3.1915,12.9994],[-3.2737,12.9828],[-3.2979,12.963],[-3.3115,12.9279],[-3.3875,12.8787],[-3.4037,12.813],[-3.4262,12.7865],[-3.4608,12.8417],[-3.4739,13.1676],[-3.4395,13.1849],[-3.4485,13.2658],[-3.2486,13.2928],[-3.284,13.5422],[-3.2597,13.6583],[-3.287,13.6978],[-3.2671,13.717],[-3.1958,13.6749],[-3.1251,13.6773],[-3.0822,13.6462],[-3.0675,13.6068],[-3.0191,13.6375],[-2.9723,13.6245]]]}},{"type":"Feature","properties":{"name":"Kossi","country":"BF","adm1_code":"BFA-2802","ipc_phase":2,"ipc_label":"Stressed","famine_likely":false},"geometry":{"type":"Polygon","coordinates":[[[-3.9777,13.4999],[-3.9561,13.4617],[-3.918,13.4511],[-3.984,13.3965],[-3.9716,13.3868],[-3.8926,13.3789],[-3.7986,13.3471],[-3.5969,13.1994],[-3.5451,13.1745],[-3.4739,13.1676],[-3.4608,12.8417],[-3.4262,12.7865],[-3.4293,12.7497],[-3.4554,12.7447],[-3.4644,12.7238],[-3.5187,12.7289],[-3.541,12.7036],[-3.5135,12.6746],[-3.5637,12.4818],[-3.6961,12.5343],[-3.9115,12.5414],[-3.9572,12.518],[-3.9961,12.4138],[-4.0646,12.3763],[-4.131,12.4142],[-4.1496,12.4421],[-4.1797,12.5618],[-4.1773,12.637],[-4.1555,12.679],[-4.2455,12.7289],[-4.2119,12.8192],[-4.2293,12.949],[-4.2897,13.0135],[-4.3511,13.1183],[-4.327,13.1686],[-4.2348,13.1756],[-4.23,13.1931],[-4.2581,13.2141],[-4.2535,13.2291],[-4.2055,13.273],[-4.166,13.2782],[-4.0875,13.398],[-3.9769,13.4606],[-3.9716,13.47],[-3.998,13.4805],[-3.9777,13.4999]]]}},{"type":"Feature","properties":{"name":"Banwa","country":"BF","adm1_code":"BFA-2801","ipc_phase":2,"ipc_label":"Stressed","famine_likely":false},"geometry":{"type":"Polygon","coordinates":[[[-4.2972,12.7121],[-4.2455,12.7289],[-4.1555,12.679],[-4.1773,12.637],[-4.1774,12.5462],[-4.1496,12.4421],[-4.0882,12.3831],[-4.0646,12.3763],[-4.0087,12.4016],[-3.9572,12.518],[-3.9115,12.5414],[-3.6573,12.5239],[-3.5637,12.4818],[-3.5747,12.4108],[-3.591,12.3925],[-3.6456,12.4273],[-3.696,12.4012],[-3.7644,12.2779],[-3.8134,12.2604],[-3.8216,12.1481],[-3.8685,12.1182],[-3.8809,12.0769],[-3.8995,12.0847],[-3.9405,12.0158],[-3.9268,11.9953],[-3.9518,11.9745],[-3.9473,11.94],[-3.9787,11.9458],[-4.0112,11.9252],[-4.0652,11.9484],[-4.116,11.9288],[-4.2113,11.9249],[-4.2383,11.9002],[-4.3084,11.7421],[-4.349,11.7276],[-4.3842,11.7425],[-4.4685,11.7186],[-4.4908,11.7616],[-4.4587,11.8419],[-4.4316,11.9845],[-4.4708,12.0029],[-4.4655,12.0638],[-4.5043,12.0823],[-4.5336,12.0605],[-4.621,12.0518],[-4.6527,12.0716],[-4.6361,12.1176],[-4.5605,12.1495],[-4.5855,12.1972],[-4.4935,12.2728],[-4.4882,12.3207],[-4.4625,12.3282],[-4.4358,12.3017],[-4.4061,12.3075],[-4.4516,12.4353],[-4.3872,12.534],[-4.4225,12.5972],[-4.4825,12.6463],[-4.4853,12.7147],[-4.3689,12.739],[-4.2972,12.7121]]]}},{"type":"Feature","properties":{"name":"Houet","country":"BF","adm1_code":"BFA-2799","ipc_phase":2,"ipc_label":"Stressed","famine_likely":false},"geometry":{"type":"Polygon","coordinates":[[[-4.7146,12.059],[-4.6527,12.0716],[-4.621,12.0518],[-4.5336,12.0605],[-4.5043,12.0823],[-4.4655,12.0638],[-4.4708,12.0029],[-4.4316,11.9845],[-4.4587,11.8419],[-4.4908,11.7616],[-4.4685,11.7186],[-4.3842,11.7425],[-4.349,11.7276],[-4.3084,11.7421],[-4.2383,11.9002],[-4.2113,11.9249],[-4.116,11.9288],[-4.0652,11.9484],[-3.96,11.9189],[-3.949,11.8511],[-3.9578,11.7357],[-3.9907,11.6377],[-3.9696,11.5401],[-3.9064,11.4664],[-3.8901,11.3807],[-3.8491,11.3594],[-3.8817,11.199],[-3.8756,11.1645],[-3.8595,11.1416],[-3.8015,11.1476],[-3.742,11.0704],[-3.642,10.98],[-3.5861,10.9721],[-3.6437,10.929],[-3.6597,10.8684],[-3.7145,10.8559],[-3.7258,10.8271],[-3.7854,10.82],[-3.8641,10.7076],[-3.9302,10.6869],[-3.951,10.7085],[-4.0314,10.7263],[-4.0904,10.7777],[-4.2777,10.6999],[-4.3021,10.7283],[-4.4019,10.7544],[-4.4387,10.8357],[-4.4846,10.8679],[-4.5562,10.8608],[-4.6819,10.7762],[-4.7495,10.8054],[-4.7881,10.8569],[-4.7938,10.8709],[-4.756,10.9338],[-4.7581,10.9933],[-4.6563,11.0347],[-4.6459,11.0729],[-4.7011,11.1681],[-4.7885,11.2314],[-4.7559,11.3626],[-4.6598,11.4472],[-4.6295,11.4125],[-4.6033,11.4168],[-4.5596,11.4677],[-4.5466,11.5203],[-4.5917,11.6104],[-4.591,11.6849],[-4.6711,11.705],[-4.6643,11.7357],[-4.626,11.7599],[-4.6211,11.8939],[-4.6376,11.9829],[-4.7323,12.0373],[-4.7146,12.059]]]}},{"type":"Feature","properties":{"name":"K\u00e9n\u00e9dougou","country":"BF","adm1_code":"BFA-2800","ipc_phase":2,"ipc_label":"Stressed","famine_likely":false},"geometry":{"type":"Polygon","coordinates":[[[-4.8068,11.9963],[-4.7613,12.0066],[-4.7323,12.0373],[-4.6376,11.9829],[-4.6211,11.8939],[-4.626,11.7599],[-4.6643,11.7357],[-4.6711,11.705],[-4.591,11.6849],[-4.5917,11.6104],[-4.5496,11.5406],[-4.5596,11.4677],[-4.6033,11.4168],[-4.6295,11.4125],[-4.6598,11.4472],[-4.7436,11.386],[-4.7938,11.2477],[-4.782,11.2171],[-4.7011,11.1681],[-4.6582,11.111],[-4.6503,11.0449],[-4.7581,10.9933],[-4.756,10.9338],[-4.7938,10.8709],[-4.815,10.8832],[-4.9648,10.8885],[-5.0619,10.8322],[-5.1867,10.8101],[-5.2444,10.87],[-5.2807,10.9369],[-5.3789,11.0251],[-5.408,11.0411],[-5.5056,11.048],[-5.4898,11.0821],[-5.3901,11.0947],[-5.3325,11.1216],[-5.3067,11.1994],[-5.2629,11.2516],[-5.2635,11.3902],[-5.2183,11.4222],[-5.2339,11.576],[-5.3076,11.6176],[-5.2807,11.6995],[-5.2871,11.7589],[-5.3343,11.7908],[-5.3706,11.7911],[-5.4124,11.8285],[-5.3699,11.8202],[-5.3065,11.846],[-5.2752,11.8374],[-5.1678,11.9437],[-5.0893,11.9793],[-5.0047,11.9807],[-4.9537,12.0051],[-4.89,11.9979],[-4.8472,12.0131],[-4.8068,11.9963]]]}},{"type":"Feature","properties":{"name":"Northern","country":"SD","adm1_code":"SDN-878","ipc_phase":2,"ipc_label":"Stressed","famine_likely":false},"geometry":{"type":"Polygon","coordinates":[[[31.4355,21.9954],[32.5245,21.9954],[32.167,18.913],[32.5864,18.6815],[32.5647,18.2631],[32.6671,17.9928],[32.6855,17.8649],[32.5761,17.6687],[31.8519,16.6711],[31.8136,16.6632],[31.6024,16.5388],[31.4085,16.5931],[31.062,16.5623],[27.4964,16.6787],[27.4823,20.0001],[24.9805,20.0084],[24.9812,21.9954],[31.2484,21.9944],[31.3595,22.1881],[31.4233,22.227],[31.4609,22.2155],[31.4918,22.1732],[31.4355,21.9954]]]}},{"type":"Feature","properties":{"name":"River Nile","country":"SD","adm1_code":"SDN-877","ipc_phase":2,"ipc_label":"Stressed","famine_likely":false},"geometry":{"type":"Polygon","coordinates":[[[32.5245,21.9954],[33.1598,21.9954],[33.5553,21.7106],[33.273,21.4969],[33.3301,21.4352],[33.3512,21.3044],[33.3394,21.2468],[33.2916,21.1802],[33.2958,21.0683],[33.2688,20.9641],[33.2854,20.9246],[33.3641,20.8733],[33.4319,20.7876],[33.5396,20.7466],[33.6771,20.4747],[33.6707,20.3545],[33.6833,20.3209],[33.6442,20.2332],[33.6239,20.0519],[33.6797,19.8448],[33.6963,19.6352],[33.6471,19.4667],[34.1291,18.37],[34.4753,18.2459],[34.7071,18.1141],[34.8628,17.967],[35.0118,17.6976],[35.1263,17.5303],[35.6563,17.1774],[35.6727,16.8518],[35.6593,16.7337],[35.6192,16.6326],[35.5565,16.5658],[35.4077,16.4762],[35.2516,16.4394],[34.5163,16.4335],[34.4871,16.4192],[34.1963,16.0173],[34.0487,15.9955],[33.8816,15.9289],[33.7468,15.9132],[33.6226,15.9432],[33.4987,16.0078],[33.0043,16.1355],[32.6397,16.3197],[32.114,16.4016],[32.0183,16.4594],[31.8693,16.6245],[31.8519,16.6711],[32.5761,17.6687],[32.6855,17.8649],[32.6671,17.9928],[32.5647,18.2631],[32.5864,18.6815],[32.167,18.913],[32.5245,21.9954]]]}},{"type":"Feature","properties":{"name":"North Darfur","country":"SD","adm1_code":"SDN-881","ipc_phase":5,"ipc_label":"Catastrophe / Famine","famine_likely":true},"geometry":{"type":"Polygon","coordinates":[[[23.9813,19.9954],[24.9745,19.9957],[24.9805,20.0084],[27.4823,20.0001],[27.4964,16.6787],[26.937,16.6727],[26.9165,16.6471],[27.1305,14.8761],[27.1848,14.8275],[27.2277,14.7464],[27.484,14.0013],[27.4421,13.7609],[27.5226,13.6068],[27.5027,13.5128],[27.3749,13.3636],[27.3611,13.2501],[27.2962,13.1407],[27.1443,12.9532],[27.1173,12.8934],[27.106,12.5935],[27.0171,12.4071],[27.0549,12.235],[27.0514,12.1136],[27.1169,12.0029],[27.1265,11.9469],[27.1917,11.8273],[27.0506,11.854],[26.6591,11.8489],[26.575,11.8792],[26.4268,11.999],[26.3278,12.0236],[26.2268,12.0184],[26.1899,12.0355],[26.1385,12.0817],[26.0393,12.2342],[25.8536,12.4235],[25.8732,12.4578],[26.0038,12.5032],[26.0141,12.5191],[26.0015,12.558],[25.7658,12.7508],[25.5823,12.8519],[25.3663,13.0365],[25.2448,13.0643],[25.0878,13.0497],[24.9213,13.0558],[24.3954,13.1219],[24.3554,13.1629],[24.3696,13.2247],[24.5285,13.384],[24.5919,13.4782],[24.5882,13.5187],[24.5486,13.5575],[24.4799,13.5666],[24.4021,13.5546],[24.2389,13.4932],[24.0803,13.4038],[23.9928,13.385],[23.7817,13.4562],[23.6347,13.548],[23.5016,13.5652],[23.4894,13.5957],[23.5237,13.7429],[23.5945,13.8679],[23.9152,14.2116],[24.1268,14.5563],[24.1535,14.6674],[24.1033,14.8648],[23.9614,15.0519],[23.9406,15.1662],[23.9372,15.3657],[24.0001,15.6987],[23.9844,15.7219],[23.9813,19.9954]]]}},{"type":"Feature","properties":{"name":"Western Darfur","country":"SD","adm1_code":"SDN-5858","ipc_phase":2,"ipc_label":"Stressed","famine_likely":false},"geometry":{"type":"Polygon","coordinates":[[[23.9726,15.6911],[23.9844,15.7219],[24.0001,15.6987],[23.9372,15.3657],[23.9456,15.1072],[23.9614,15.0519],[24.073,14.9192],[24.1298,14.8004],[24.1535,14.6674],[24.1268,14.5563],[23.9152,14.2116],[23.5945,13.8679],[23.5237,13.7429],[23.4928,13.644],[23.4894,13.5957],[23.5016,13.5652],[23.5232,13.5567],[23.4076,13.4335],[23.2881,13.4243],[23.2146,13.3876],[22.9021,12.9372],[22.6263,12.6338],[22.6814,12.2753],[22.6124,12.0728],[22.4581,12.0304],[22.484,12.1647],[22.408,12.3998],[22.3728,12.4631],[22.4457,12.6111],[22.3301,12.6615],[22.2049,12.7434],[22.1441,12.6713],[22.1059,12.6504],[22.0197,12.6314],[21.936,12.6395],[21.8801,12.6763],[21.8094,12.7937],[21.853,12.9057],[21.9641,13.0983],[22.0161,13.1402],[22.14,13.1935],[22.2676,13.3346],[22.276,13.3763],[22.2156,13.465],[22.1959,13.5805],[22.1321,13.6387],[22.1129,13.7298],[22.075,13.7803],[22.2147,13.9566],[22.5464,14.1397],[22.5319,14.2206],[22.4577,14.2411],[22.429,14.2646],[22.4181,14.3059],[22.451,14.3458],[22.4249,14.4704],[22.3635,14.5435],[22.3823,14.5791],[22.4654,14.6293],[22.6766,14.689],[22.6508,14.8162],[22.6589,14.8574],[22.7153,14.8994],[22.7389,14.9798],[22.829,15.0716],[22.9133,15.1217],[22.9657,15.2239],[22.9764,15.3736],[22.9068,15.4814],[22.9067,15.5414],[23.0045,15.6114],[23.0685,15.6867],[23.0946,15.7043],[23.1668,15.7129],[23.3206,15.6813],[23.3958,15.6883],[23.5927,15.749],[23.8291,15.731],[23.9726,15.6911]]]}},{"type":"Feature","properties":{"name":"S\u00e9no","country":"BF","adm1_code":"BFA-2876","ipc_phase":2,"ipc_label":"Stressed","famine_likely":false},"geometry":{"type":"Polygon","coordinates":[[[0.2024,14.4355],[0.3464,14.3076],[0.3888,14.2516],[0.3392,14.1258],[0.3785,14.0704],[0.3692,14.0391],[0.4019,14.0138],[0.4119,13.9784],[0.4567,13.9469],[0.4486,13.9096],[0.4999,13.851],[0.4682,13.813],[0.4002,13.8001],[0.3585,13.7496],[0.2687,13.7315],[0.2215,13.669],[0.1779,13.6559],[0.0615,13.5782],[-0.0581,13.5419],[-0.1719,13.5714],[-0.2263,13.4966],[-0.2454,13.5316],[-0.2196,13.6165],[-0.3287,13.6309],[-0.3683,13.6514],[-0.4447,13.7394],[-0.4665,13.8177],[-0.5517,13.899],[-0.6083,13.9226],[-0.6384,13.9622],[-0.571,14.0086],[-0.5508,14.0924],[-0.5669,14.1426],[-0.3181,14.1599],[-0.2474,14.1935],[-0.17,14.1805],[-0.001,14.1852],[0.1114,14.3198],[0.1424,14.3989],[0.1798,14.4097],[0.2024,14.4355]]]}},{"type":"Feature","properties":{"name":"Yagha","country":"BF","adm1_code":"BFA-2877","ipc_phase":4,"ipc_label":"Emergency","famine_likely":false},"geometry":{"type":"Polygon","coordinates":[[[0.4999,13.851],[0.6005,13.7687],[0.5805,13.7138],[0.5943,13.6889],[0.7635,13.682],[0.7757,13.6353],[0.8969,13.6149],[0.9914,13.5411],[1.0153,13.4657],[1.1572,13.3926],[1.2343,13.3776],[1.2687,13.3461],[1.2415,13.3355],[1.1877,13.3641],[1.1607,13.3113],[0.9835,13.3684],[0.9704,13.3283],[0.9717,13.0858],[0.8229,13.0007],[0.7965,13.002],[0.7536,12.9629],[0.6992,12.9752],[0.5744,12.954],[0.5965,12.9722],[0.5847,13.0016],[0.5107,13.0859],[0.4325,13.1676],[0.302,13.2084],[0.2572,13.2469],[0.2462,13.2825],[0.1838,13.3404],[0.1215,13.4484],[0.0696,13.4997],[0.0615,13.5782],[0.1779,13.6559],[0.2215,13.669],[0.2687,13.7315],[0.3585,13.7496],[0.4002,13.8001],[0.4682,13.813],[0.4999,13.851]]]}},{"type":"Feature","properties":{"name":"Komondjari","country":"BF","adm1_code":"BFA-2875","ipc_phase":3,"ipc_label":"Crisis","famine_likely":false},"geometry":{"type":"Polygon","coordinates":[[[0.9717,13.0858],[0.9835,13.0324],[1.114,12.9962],[1.3048,12.8385],[1.2688,12.7737],[1.1564,12.75],[1.1303,12.6817],[1.1037,12.6557],[1.012,12.6699],[0.9592,12.6086],[0.8808,12.5907],[0.8542,12.5064],[0.8328,12.5048],[0.8259,12.4682],[0.7626,12.4071],[0.7349,12.3483],[0.6772,12.3163],[0.6542,12.3295],[0.5946,12.4398],[0.4792,12.513],[0.349,12.4439],[0.3011,12.7341],[0.2473,12.8098],[0.2758,12.8488],[0.2879,12.9118],[0.4736,12.8632],[0.5488,12.9014],[0.5596,12.9489],[0.6992,12.9752],[0.7536,12.9629],[0.7965,13.002],[0.8229,13.0007],[0.9717,13.0858]]]}},{"type":"Feature","properties":{"name":"Koulp\u00e9logo","country":"BF","adm1_code":"BFA-2827","ipc_phase":2,"ipc_label":"Stressed","famine_likely":false},"geometry":{"type":"Polygon","coordinates":[[[0.3748,11.0258],[-0.1151,11.1247],[-0.0896,11.2014],[-0.053,11.2275],[0.0055,11.3228],[-0.0365,11.3486],[-0.1175,11.3327],[-0.166,11.3488],[-0.121,11.5226],[-0.1461,11.5663],[-0.0713,11.6877],[-0.0215,11.7237],[0.0481,11.7248],[0.0497,11.75],[0.0735,11.7472],[0.0863,11.7805],[0.1732,11.7765],[0.2237,11.7466],[0.2858,11.7492],[0.4258,11.6649],[0.5294,11.6597],[0.5317,11.4961],[0.5762,11.3843],[0.5343,11.3214],[0.5582,11.2453],[0.5545,11.2079],[0.5052,11.1478],[0.4882,11.0807],[0.4297,11.1267],[0.3748,11.0258]]]}},{"type":"Feature","properties":{"name":"Boulgou","country":"BF","adm1_code":"BFA-2826","ipc_phase":2,"ipc_label":"Stressed","famine_likely":false},"geometry":{"type":"Polygon","coordinates":[[[-0.1151,11.1247],[-0.3017,11.1629],[-0.2983,11.1284],[-0.3188,11.1014],[-0.3689,11.0652],[-0.4059,11.1015],[-0.4252,11.1015],[-0.4567,11.0296],[-0.513,10.9897],[-0.5906,10.9824],[-0.6348,10.908],[-0.6828,10.9536],[-0.668,10.9765],[-0.703,10.9942],[-0.697,11.0789],[-0.7316,11.1109],[-0.7769,11.1965],[-0.7354,11.2732],[-0.6065,11.3661],[-0.5773,11.3777],[-0.5474,11.367],[-0.5328,11.4482],[-0.5621,11.4882],[-0.6259,11.5211],[-0.7023,11.5394],[-0.7455,11.5212],[-0.8678,11.5856],[-0.9239,11.6695],[-0.9103,11.7078],[-0.7986,11.8376],[-0.6947,11.8574],[-0.5967,11.9734],[-0.5124,11.9898],[-0.4645,11.9875],[-0.4602,11.8963],[-0.3812,11.8211],[-0.2529,11.7934],[-0.219,11.8471],[-0.1155,11.9242],[-0.075,11.9102],[-0.0648,11.8764],[-0.0321,11.8541],[0.0148,11.8445],[0.0392,11.805],[0.0481,11.7248],[-0.0383,11.7157],[-0.0713,11.6877],[-0.1461,11.5663],[-0.121,11.5226],[-0.166,11.3488],[-0.1175,11.3327],[-0.0365,11.3486],[0.0055,11.3228],[-0.053,11.2275],[-0.0896,11.2014],[-0.1151,11.1247]]]}},{"type":"Feature","properties":{"name":"Nahouri","country":"BF","adm1_code":"BFA-2830","ipc_phase":2,"ipc_label":"Stressed","famine_likely":false},"geometry":{"type":"Polygon","coordinates":[[[-1.1076,10.9943],[-1.3804,11.0013],[-1.4136,11.014],[-1.4249,11.0473],[-1.4608,11.0524],[-1.4689,11.0779],[-1.5497,11.0919],[-1.6386,11.1411],[-1.645,11.1608],[-1.5889,11.2712],[-1.5881,11.3224],[-1.5667,11.3494],[-1.5128,11.3627],[-1.4698,11.4119],[-1.3834,11.4619],[-1.3138,11.5348],[-1.2736,11.476],[-1.2136,11.4713],[-1.1762,11.4162],[-1.1005,11.3809],[-1.0656,11.3418],[-1.0432,11.3281],[-0.9843,11.331],[-0.9728,11.2826],[-0.8789,11.1949],[-0.8186,11.1669],[-0.7769,11.1965],[-0.6906,11.0595],[-0.703,10.9942],[-0.8278,11.0058],[-0.9006,10.9662],[-0.8939,10.9799],[-0.9325,11.0031],[-1.0703,11.0139],[-1.1076,10.9943]]]}},{"type":"Feature","properties":{"name":"Sissili","country":"BF","adm1_code":"BFA-2820","ipc_phase":2,"ipc_label":"Stressed","famine_likely":false},"geometry":{"type":"Polygon","coordinates":[[[-1.4136,11.014],[-1.5624,11.0266],[-1.5987,10.9971],[-2.7288,10.9861],[-2.7141,11.0403],[-2.6534,11.0555],[-2.6367,11.1103],[-2.7145,11.1844],[-2.7334,11.1864],[-2.7553,11.1497],[-2.7891,11.1388],[-2.8042,11.2334],[-2.7431,11.3246],[-2.7163,11.3348],[-2.6239,11.3233],[-2.5249,11.389],[-2.5428,11.43],[-2.6659,11.5163],[-2.6801,11.6099],[-2.5935,11.6118],[-2.572,11.7257],[-2.5364,11.7906],[-2.4183,11.8617],[-2.2396,11.9095],[-2.2232,11.7263],[-2.3401,11.7204],[-2.35,11.6035],[-2.3356,11.5453],[-2.2858,11.5164],[-2.1906,11.5042],[-2.1605,11.4758],[-2.1526,11.4298],[-2.1176,11.3765],[-2.0012,11.2881],[-1.9748,11.2928],[-1.9183,11.3587],[-1.8708,11.3462],[-1.8311,11.2908],[-1.8054,11.288],[-1.6962,11.3669],[-1.6362,11.363],[-1.5881,11.3224],[-1.5889,11.2712],[-1.645,11.1608],[-1.6386,11.1411],[-1.5497,11.0919],[-1.4689,11.0779],[-1.4608,11.0524],[-1.4249,11.0473],[-1.4136,11.014]]]}},{"type":"Feature","properties":{"name":"Ioba","country":"BF","adm1_code":"BFA-2833","ipc_phase":2,"ipc_label":"Stressed","famine_likely":false},"geometry":{"type":"Polygon","coordinates":[[[-2.7288,10.9861],[-2.8373,10.998],[-2.8214,10.9063],[-2.8642,10.8643],[-2.9031,10.7471],[-2.9343,10.7018],[-2.9704,10.698],[-3.0044,10.7427],[-3.0528,10.7406],[-3.0882,10.7879],[-3.1689,10.7901],[-3.1791,10.7774],[-3.1911,10.7836],[-3.1815,10.8241],[-3.1997,10.8444],[-3.1913,10.8637],[-3.1593,10.8756],[-3.169,10.9245],[-3.1224,11.0604],[-3.1324,11.1019],[-3.1194,11.1787],[-3.1963,11.1959],[-3.3027,11.1712],[-3.2834,11.2461],[-3.2285,11.3151],[-3.1571,11.35],[-3.1155,11.3257],[-3.0052,11.3405],[-2.8586,11.2877],[-2.8784,11.2506],[-2.8042,11.2334],[-2.7891,11.1388],[-2.7553,11.1497],[-2.7334,11.1864],[-2.7145,11.1844],[-2.6367,11.1103],[-2.6534,11.0555],[-2.7141,11.0403],[-2.7288,10.9861]]]}},{"type":"Feature","properties":{"name":"Red Sea","country":"SD","adm1_code":"SDN-149","ipc_phase":3,"ipc_label":"Crisis","famine_likely":false},"geometry":{"type":"MultiPolygon","coordinates":[[[[38.6016,18.0048],[38.4593,17.8907],[38.3713,17.6988],[38.3437,17.6559],[38.2566,17.6025],[38.2502,17.5418],[38.2334,17.5257],[38.2097,17.5223],[38.1606,17.5573],[38.1195,17.5456],[38.108,17.4938],[38.0765,17.4799],[38.0712,17.5381],[38.0388,17.5482],[37.9469,17.4957],[37.8959,17.4426],[37.8492,17.444],[37.7989,17.4771],[37.7639,17.4591],[37.7204,17.3838],[37.496,17.3122],[37.5056,17.2368],[37.4947,17.1746],[37.4598,17.0947],[37.4034,17.0299],[37.3098,17.0553],[37.2334,17.0246],[37.134,17.0164],[37.0005,17.0726],[36.0402,16.9902],[35.6563,17.1774],[35.1632,17.4956],[35.1087,17.5512],[35.0118,17.6976],[34.8628,17.967],[34.7071,18.1141],[34.4753,18.2459],[34.2899,18.3218],[34.1423,18.3621],[34.119,18.3844],[33.644,19.4791],[33.6963,19.6352],[33.6797,19.8448],[33.6239,20.0519],[33.6442,20.2332],[33.6833,20.3209],[33.6707,20.3545],[33.6714,20.4965],[33.5396,20.7466],[33.4319,20.7876],[33.3641,20.8733],[33.289,20.9209],[33.2694,20.9563],[33.2958,21.0683],[33.2916,21.1802],[33.3394,21.2468],[33.3512,21.3044],[33.3301,21.4352],[33.273,21.4969],[33.5553,21.7106],[33.1598,21.9954],[36.8836,21.9957],[36.8779,21.976],[36.8401,21.9661],[36.8735,21.9361],[36.8742,21.8153],[36.8968,21.6779],[36.8879,21.6501],[36.9841,21.4658],[37.1136,21.2781],[37.199,21.2021],[37.313,21.0577],[37.304,21.0209],[37.252,21.006],[37.1893,21.0972],[37.2093,21.0986],[37.25,21.055],[37.2721,21.0543],[37.2297,21.1278],[37.1751,21.1567],[37.1592,21.148],[37.1486,21.2187],[37.1214,21.2243],[37.105,21.2075],[37.1178,21.0861],[37.0864,21.0406],[37.1473,20.9409],[37.1691,20.7464],[37.228,20.565],[37.2224,20.4682],[37.1823,20.4628],[37.1789,20.4499],[37.1751,20.3492],[37.2249,20.1195],[37.1888,20.0132],[37.2653,19.7869],[37.2634,19.7038],[37.2383,19.6553],[37.2438,19.5762],[37.2858,19.4753],[37.3335,19.1597],[37.3609,19.1283],[37.3552,19.1016],[37.3796,19.0693],[37.4343,18.8617],[37.5398,18.7159],[37.6747,18.741],[37.7017,18.7112],[37.7407,18.7092],[37.7656,18.6673],[37.7581,18.6286],[37.7852,18.6402],[37.8128,18.6156],[37.9255,18.585],[38.0382,18.4611],[38.1219,18.4133],[38.083,18.3829],[38.0761,18.3481],[38.1036,18.2917],[38.1517,18.2493],[38.2454,18.2439],[38.2512,18.2808],[38.3062,18.3065],[38.3123,18.296],[38.2795,18.273],[38.2762,18.242],[38.2173,18.2177],[38.2651,18.2239],[38.3762,18.1906],[38.3914,18.2242],[38.4432,18.1557],[38.4338,18.1423],[38.4756,18.1306],[38.4917,18.1414],[38.5122,18.0737],[38.532,18.0707],[38.5417,18.0859],[38.5259,18.1284],[38.5845,18.0771],[38.6016,18.0048]]],[[[37.2653,20.855],[37.2835,20.8327],[37.2718,20.7661],[37.2544,20.7498],[37.2434,20.804],[37.2653,20.855]]]]}},{"type":"Feature","properties":{"name":"Kassala","country":"SD","adm1_code":"SDN-884","ipc_phase":3,"ipc_label":"Crisis","famine_likely":false},"geometry":{"type":"Polygon","coordinates":[[[36.9273,16.4354],[36.9282,16.3611],[36.9543,16.2783],[36.8859,16.1849],[36.7595,15.8375],[36.671,15.7231],[36.6167,15.5315],[36.6279,15.4456],[36.5756,15.3934],[36.5249,15.2479],[36.4251,15.1334],[36.4622,14.7938],[36.0574,14.7927],[35.9771,14.7778],[35.5098,14.6119],[35.4083,14.607],[35.3589,14.641],[35.1306,14.8879],[34.9949,15.2119],[34.8832,15.3492],[34.7862,15.4198],[34.6246,15.5026],[34.3622,15.5774],[34.1985,15.9613],[34.1963,16.0173],[34.2377,16.0888],[34.4871,16.4192],[34.5163,16.4335],[35.2516,16.4394],[35.4077,16.4762],[35.5565,16.5658],[35.6192,16.6326],[35.6593,16.7337],[35.6727,16.8518],[35.6563,17.1774],[36.0402,16.9902],[36.9734,17.0621],[36.997,16.9995],[36.9681,16.9466],[36.9906,16.9136],[36.9997,16.8421],[36.9604,16.7056],[36.8924,16.6369],[36.8773,16.5273],[36.8834,16.4904],[36.9273,16.4354]]]}},{"type":"Feature","properties":{"name":"White Nile","country":"SD","adm1_code":"SDN-879","ipc_phase":2,"ipc_label":"Stressed","famine_likely":false},"geometry":{"type":"Polygon","coordinates":[[[33.2092,12.2104],[32.7318,12.2162],[32.7257,12.1323],[32.7467,12.0027],[32.0822,11.9998],[31.9272,12.1693],[31.8685,12.2058],[31.765,12.2161],[31.7452,12.2349],[31.6428,12.965],[31.7672,13.0863],[31.9266,13.1907],[32.0263,13.2361],[32.0489,13.2783],[32.0274,13.3706],[32.0596,13.4848],[32.0325,13.5137],[31.9486,13.5414],[31.8783,13.6074],[31.786,13.7422],[31.717,13.8935],[31.5771,13.9961],[31.52,14.2073],[31.5177,14.3436],[31.5356,14.4759],[31.5973,14.5976],[31.736,14.682],[31.8459,14.9141],[31.9692,15.0004],[31.974,15.0685],[32.3078,15.2093],[32.3982,15.1787],[32.5021,15.1988],[32.6148,15.1935],[32.6391,15.13],[32.6388,15.0549],[32.5461,15.0365],[32.5365,14.9998],[32.5678,14.9671],[32.6554,14.9262],[32.6686,14.8685],[32.6682,14.679],[32.6328,14.6171],[32.5435,14.5245],[32.4804,14.4162],[32.4312,14.3078],[32.4228,14.2447],[32.454,14.1378],[32.6306,13.8181],[32.6469,13.5422],[32.6607,13.5265],[32.7113,13.5425],[32.8031,13.6411],[32.8651,13.5702],[32.8935,13.2595],[32.9115,13.2038],[33.0994,12.8892],[33.0696,12.7235],[33.075,12.6629],[33.2092,12.2104]]]}},{"type":"Feature","properties":{"name":"South Kordufan","country":"SD","adm1_code":"SDN-882","ipc_phase":2,"ipc_label":"Stressed","famine_likely":false},"geometry":{"type":"Polygon","coordinates":[[[31.9272,12.1693],[32.3483,11.7032],[32.3598,11.5735],[32.3488,11.3076],[32.3642,11.24],[32.4354,11.107],[32.4307,11.0822],[32.4141,11.0509],[31.9429,10.6556],[31.8642,10.4721],[31.802,10.3762],[31.6648,10.2142],[31.2348,9.7923],[31.1644,9.764],[30.837,9.7494],[30.7653,9.7243],[30.4846,9.972],[30.013,10.2705],[29.6154,10.0581],[29.6139,9.9145],[29.5673,9.8414],[29.4831,9.7617],[29.2524,9.7112],[29.1323,9.6677],[29.0095,9.6032],[28.9138,9.529],[28.8287,9.4275],[28.8438,9.3245],[28.0451,9.3314],[27.9971,9.3849],[27.676,10.0609],[27.6573,10.1426],[27.3062,11.0],[27.2416,11.2627],[27.2249,11.4227],[27.2819,11.3775],[27.3713,11.3407],[27.4766,11.3407],[27.5924,11.3722],[27.645,11.4038],[27.8923,11.6459],[28.0291,11.9458],[28.066,11.9669],[28.2344,11.9458],[28.3186,11.909],[28.3607,11.909],[28.5343,11.9353],[28.6291,11.9774],[28.6343,12.0932],[28.6922,12.2774],[28.7238,12.3247],[28.7975,12.3721],[28.908,12.4931],[28.9764,12.4879],[29.2448,12.2984],[29.3433,12.278],[29.4005,12.2983],[29.5001,12.2814],[29.7695,12.6852],[29.8046,12.7133],[29.8823,12.7344],[29.9641,12.7285],[30.0094,12.6863],[30.0189,12.5334],[30.0518,12.5049],[30.4155,12.4989],[30.4659,12.4691],[30.5806,12.3182],[30.6526,12.2784],[30.7042,12.2718],[30.7575,12.2878],[30.8435,12.3729],[30.9853,12.4412],[31.0652,12.5636],[31.1161,12.6128],[31.1724,12.624],[31.2707,12.6155],[31.415,12.6956],[31.4935,12.6964],[31.6895,12.5926],[31.7517,12.2219],[31.8685,12.2058],[31.9272,12.1693]]]}},{"type":"Feature","properties":{"name":"Eastern Darfur","country":"SD","adm1_code":"SDN-5857","ipc_phase":2,"ipc_label":"Stressed","famine_likely":false},"geometry":{"type":"Polygon","coordinates":[[[26.6836,9.476],[26.6257,9.4807],[26.5569,9.5205],[26.1795,9.959],[26.1026,9.9878],[26.0108,10.1227],[25.9054,10.1813],[25.8936,10.3513],[25.8393,10.4206],[25.8436,10.5288],[25.6046,11.1814],[25.4391,11.3193],[25.1909,11.5859],[25.1817,12.2661],[25.2828,12.404],[25.3012,12.6798],[25.2448,13.0643],[25.3332,13.0517],[25.3943,13.0203],[25.5823,12.8519],[25.7658,12.7508],[26.0015,12.558],[26.0141,12.5191],[26.0038,12.5032],[25.8732,12.4578],[25.8536,12.4235],[26.0393,12.2342],[26.1385,12.0817],[26.1899,12.0355],[26.2268,12.0184],[26.3278,12.0236],[26.4268,11.999],[26.575,11.8792],[26.6591,11.8489],[27.0506,11.854],[27.1917,11.8273],[27.2244,11.6644],[27.2416,11.2627],[27.3062,11.0],[27.6573,10.1426],[27.676,10.0609],[27.8951,9.5954],[27.7696,9.5833],[27.3392,9.6128],[27.0804,9.6068],[26.6836,9.476]]]}},{"type":"Feature","properties":{"name":"Ondo","country":"NG","adm1_code":"NGA-2853","ipc_phase":2,"ipc_label":"Stressed","famine_likely":false},"geometry":{"type":"Polygon","coordinates":[[[5.003,5.8548],[4.8859,6.0065],[4.8262,6.0425],[4.7478,6.1389],[4.493,6.3205],[4.5544,6.3168],[4.5702,6.3358],[4.5686,6.3627],[4.4831,6.3863],[4.466,6.4064],[4.5146,6.4171],[4.5923,6.4718],[4.586,6.6031],[4.5671,6.6288],[4.4831,6.5674],[4.383,6.5821],[4.3549,6.6174],[4.3795,6.7138],[4.5385,6.8573],[4.5611,6.9883],[4.5998,7.0083],[4.6501,7.1017],[4.6926,7.1355],[4.7321,7.1465],[4.8323,7.0925],[4.8693,7.0982],[4.8723,7.2447],[4.8982,7.3391],[4.9907,7.3748],[4.9915,7.4148],[5.0993,7.439],[5.2799,7.4353],[5.3306,7.4199],[5.3761,7.3019],[5.4325,7.2801],[5.5378,7.3685],[5.5926,7.4957],[5.6237,7.6197],[5.7154,7.716],[5.7414,7.7302],[5.7689,7.7181],[5.7937,7.7276],[5.8114,7.7561],[5.8921,7.7704],[5.9224,7.7569],[5.9158,7.7179],[6.0284,7.5734],[5.9873,7.5157],[5.9346,7.4922],[5.9251,7.4573],[5.96,7.4205],[5.9527,7.299],[5.8766,7.2281],[5.8267,7.0761],[5.7861,7.031],[5.7713,6.9598],[5.7891,6.9174],[5.7766,6.8838],[5.7539,6.8784],[5.7136,6.7521],[5.6858,6.739],[5.6126,6.7599],[5.541,6.7171],[5.5147,6.7827],[5.5415,6.8361],[5.4956,6.8723],[5.2156,6.8724],[5.1871,6.8514],[5.1579,6.7774],[5.0799,6.6843],[5.0725,6.6064],[5.1208,6.5141],[5.0597,6.3824],[5.0122,6.3615],[4.9793,6.2844],[5.0526,6.2042],[5.0971,6.1869],[5.1152,6.1269],[5.003,5.8548]]]}},{"type":"Feature","properties":{"name":"Delta","country":"NG","adm1_code":"NGA-2860","ipc_phase":2,"ipc_label":"Stressed","famine_likely":false},"geometry":{"type":"Polygon","coordinates":[[[5.5258,5.0863],[5.4543,5.1491],[5.4959,5.1423],[5.4509,5.1901],[5.4443,5.1635],[5.3656,5.1635],[5.3457,5.3572],[5.4543,5.3688],[5.468,5.3409],[5.5296,5.3864],[5.5779,5.382],[5.5369,5.4303],[5.5339,5.4764],[5.5536,5.4969],[5.614,5.505],[5.6399,5.5402],[5.5962,5.5142],[5.5171,5.4986],[5.4849,5.4115],[5.4236,5.4365],[5.4338,5.3956],[5.376,5.3988],[5.2632,5.4365],[5.198,5.5015],[5.1912,5.5539],[5.2228,5.5812],[5.3928,5.5606],[5.44,5.6277],[5.4817,5.6153],[5.4925,5.5812],[5.5095,5.6016],[5.4474,5.6562],[5.4285,5.6558],[5.3796,5.598],[5.326,5.6054],[5.3182,5.6367],[5.3376,5.7246],[5.2803,5.6175],[5.1797,5.5826],[5.1292,5.6281],[5.0886,5.7087],[5.1027,5.7932],[5.115,5.8009],[5.154,5.7792],[5.154,5.8145],[5.1854,5.842],[5.2674,5.8719],[5.2904,5.9101],[5.12,5.8242],[5.0447,5.7675],[5.003,5.8548],[5.1152,6.1269],[5.185,6.0932],[5.2324,6.0385],[5.2232,5.9728],[5.2313,5.9207],[5.2511,5.9057],[5.3263,5.9624],[5.3314,6.0198],[5.4633,6.0185],[5.5301,5.9821],[5.6019,6.0375],[5.6634,6.0399],[5.7799,5.9768],[5.8961,5.8784],[5.8703,5.8066],[5.8915,5.7738],[5.8888,5.7462],[6.0215,5.7619],[6.1695,5.8892],[6.2225,5.9746],[6.2224,6.0135],[6.1305,6.0844],[6.0999,6.1347],[6.0849,6.208],[6.0528,6.2639],[6.0703,6.3279],[6.0936,6.3495],[6.1277,6.3462],[6.1732,6.2875],[6.2013,6.2871],[6.2691,6.3556],[6.546,6.4933],[6.6456,6.4974],[6.6767,6.5351],[6.715,6.3211],[6.759,6.1811],[6.7577,6.1229],[6.7037,6.0759],[6.689,5.9143],[6.6161,5.7927],[6.5469,5.501],[6.4747,5.4385],[6.4953,5.3713],[6.3333,5.3371],[6.2981,5.3057],[6.2885,5.2636],[6.2095,5.2526],[6.2103,5.1837],[6.1536,5.152],[6.0955,5.1528],[6.0502,5.1046],[6.0028,5.1169],[5.9475,5.1595],[5.874,5.092],[5.8059,5.0842],[5.6986,5.0267],[5.6658,5.025],[5.5258,5.0863]]]}},{"type":"Feature","properties":{"name":"Bayelsa","country":"NG","adm1_code":"NGA-2845","ipc_phase":2,"ipc_label":"Stressed","famine_likely":false},"geometry":{"type":"Polygon","coordinates":[[[6.7226,4.5914],[6.7018,4.5425],[6.6951,4.4229],[6.6746,4.5328],[6.6541,4.5117],[6.6945,4.3591],[6.6775,4.3331],[6.6126,4.3367],[6.5959,4.4821],[6.5808,4.5079],[6.5505,4.5049],[6.5784,4.4829],[6.5884,4.4477],[6.5696,4.3349],[6.5199,4.3231],[6.4618,4.3287],[6.4343,4.3472],[6.4077,4.341],[6.4153,4.3223],[6.3989,4.316],[6.2705,4.2926],[6.2468,4.3205],[6.3325,4.4366],[6.2972,4.4366],[6.263,4.3957],[6.2425,4.498],[6.2494,4.4099],[6.2017,4.4434],[6.2302,4.388],[6.2223,4.3419],[6.1947,4.3142],[6.1948,4.3],[6.2227,4.3],[6.2171,4.2906],[6.0967,4.2781],[6.085,4.3205],[6.1053,4.3746],[6.085,4.3684],[6.0887,4.4111],[6.0554,4.4199],[6.0403,4.4059],[6.0618,4.2952],[5.9969,4.3194],[5.9886,4.4161],[5.9751,4.382],[5.9546,4.3957],[5.9728,4.3448],[5.9463,4.3352],[5.8675,4.3873],[5.8556,4.4116],[5.8659,4.4366],[5.8391,4.4161],[5.7824,4.456],[5.7703,4.4714],[5.7975,4.4571],[5.7498,4.4844],[5.5669,4.6752],[5.5573,4.7178],[5.5715,4.711],[5.5715,4.7296],[5.5277,4.7565],[5.4754,4.8475],[5.5095,4.8271],[5.469,4.8868],[5.3909,5.1377],[5.4338,5.1361],[5.4754,5.0945],[5.4602,5.1338],[5.6413,5.0284],[5.6986,5.0267],[5.769,5.07],[5.9017,5.1067],[5.9475,5.1595],[6.0028,5.1169],[6.0502,5.1046],[6.0955,5.1528],[6.1536,5.152],[6.2103,5.1837],[6.2095,5.2526],[6.2885,5.2636],[6.2981,5.3057],[6.3333,5.3371],[6.4791,5.362],[6.4953,5.3713],[6.4931,5.393],[6.5856,5.3845],[6.62,5.3341],[6.49,5.2023],[6.4625,5.1035],[6.4321,5.0644],[6.4275,5.0188],[6.448,4.9778],[6.3973,4.8922],[6.3858,4.8174],[6.4458,4.7669],[6.4514,4.7176],[6.5652,4.7513],[6.6271,4.7124],[6.6505,4.6434],[6.7226,4.5914]]]}},{"type":"Feature","properties":{"name":"Rivers","country":"NG","adm1_code":"NGA-2844","ipc_phase":2,"ipc_label":"Stressed","famine_likely":false},"geometry":{"type":"MultiPolygon","coordinates":[[[[7.5335,4.7027],[7.5174,4.6799],[7.5142,4.6259],[7.5311,4.6011],[7.502,4.5727],[7.4627,4.5738],[7.4541,4.5532],[7.4324,4.5554],[7.3467,4.5803],[7.312,4.6079],[7.281,4.6011],[7.2637,4.58],[7.2712,4.56],[7.3333,4.5294],[7.3257,4.5117],[7.281,4.5049],[7.1904,4.6116],[7.1789,4.6689],[7.1331,4.6632],[7.0991,4.6973],[7.0718,4.7581],[7.0604,4.7207],[7.0786,4.711],[7.0979,4.6618],[7.1472,4.64],[7.1697,4.6059],[7.1734,4.5729],[7.1475,4.56],[7.1846,4.519],[7.1506,4.4706],[7.1128,4.4714],[7.1128,4.4509],[7.0806,4.4704],[7.0786,4.5049],[7.0627,4.4763],[7.0786,4.4434],[7.044,4.4366],[7.0022,4.5799],[7.0178,4.5956],[7.0233,4.6489],[7.044,4.6426],[7.0036,4.7178],[6.9785,4.6924],[6.9627,4.7309],[6.9558,4.6837],[6.9893,4.6079],[6.949,4.6147],[6.9006,4.6837],[6.9026,4.6669],[6.9336,4.6125],[6.9285,4.5738],[6.957,4.5941],[6.9831,4.5768],[6.9756,4.4844],[7.0221,4.3885],[7.0066,4.3746],[6.9031,4.3966],[6.8801,4.3882],[6.8609,4.4157],[6.8664,4.4509],[6.8338,4.4859],[6.8186,4.5427],[6.8455,4.6286],[6.8032,4.6498],[6.7702,4.7451],[6.7853,4.817],[6.7639,4.8065],[6.7497,4.8345],[6.7156,4.8345],[6.7268,4.7851],[6.7556,4.7539],[6.7722,4.663],[6.8255,4.6011],[6.7962,4.5597],[6.8376,4.3929],[6.8708,4.3608],[6.7746,4.3389],[6.7156,4.3547],[6.7224,4.44],[6.7088,4.4919],[6.7361,4.6079],[6.7226,4.5914],[6.6505,4.6434],[6.6271,4.7124],[6.5652,4.7513],[6.4514,4.7176],[6.4458,4.7669],[6.3858,4.8174],[6.3973,4.8922],[6.448,4.9778],[6.4275,5.0188],[6.4321,5.0644],[6.4625,5.1035],[6.49,5.2023],[6.62,5.3341],[6.5856,5.3845],[6.4931,5.393],[6.4747,5.4385],[6.5469,5.501],[6.6057,5.7232],[6.6358,5.6966],[6.6688,5.6943],[6.6262,5.502],[6.6327,5.4799],[6.7046,5.4863],[6.7459,5.4431],[6.7231,5.3397],[6.7338,5.2942],[6.8702,5.1949],[7.0112,5.1852],[7.1371,5.1977],[7.1899,5.1825],[7.2515,5.1947],[7.2714,5.1579],[7.2662,5.1094],[7.1633,4.9514],[7.1765,4.8737],[7.2172,4.8612],[7.3383,4.8786],[7.4294,4.8621],[7.4963,4.8174],[7.5261,4.7642],[7.5335,4.7027]]],[[[7.4696,4.4714],[7.5845,4.4846],[7.57,4.4594],[7.4318,4.4348],[7.3582,4.4393],[7.3369,4.4602],[7.3462,4.4782],[7.4046,4.498],[7.4696,4.4714]]],[[[7.2742,4.4919],[7.3325,4.4919],[7.2984,4.4147],[7.1817,4.382],[7.138,4.397],[7.2295,4.5328],[7.2742,4.4919]]]]}},{"type":"Feature","properties":{"name":"Akwa Ibom","country":"NG","adm1_code":"NGA-2842","ipc_phase":2,"ipc_label":"Stressed","famine_likely":false},"geometry":{"type":"Polygon","coordinates":[[[8.2992,4.7823],[8.3324,4.7178],[8.3235,4.6656],[8.3535,4.6489],[8.3565,4.6256],[8.2886,4.5486],[8.032,4.5588],[7.9793,4.539],[7.7424,4.5263],[7.7229,4.5117],[7.7571,4.5049],[7.7031,4.4975],[7.647,4.5191],[7.5584,4.5253],[7.572,4.539],[7.5393,4.5418],[7.5584,4.58],[7.5296,4.6389],[7.551,4.711],[7.5335,4.7027],[7.5261,4.7642],[7.4672,4.8985],[7.4762,4.9331],[7.4628,4.9817],[7.5177,5.0504],[7.5355,5.2473],[7.5253,5.3053],[7.6209,5.3104],[7.65,5.3294],[7.6459,5.367],[7.6213,5.3742],[7.6469,5.4425],[7.6408,5.5111],[7.6672,5.5299],[7.7053,5.5241],[7.7547,5.4893],[7.7888,5.437],[7.8971,5.365],[7.869,5.3336],[7.9168,5.257],[7.9755,5.2671],[8.0458,5.2328],[8.0625,5.2135],[8.0551,5.0911],[8.0958,4.9856],[8.249,4.8128],[8.2992,4.7823]]]}},{"type":"Feature","properties":{"name":"Gezira","country":"SD","adm1_code":"SDN-875","ipc_phase":2,"ipc_label":"Stressed","famine_likely":false},"geometry":{"type":"Polygon","coordinates":[[[33.1009,15.3175],[33.2223,15.3959],[33.5441,15.432],[33.6642,15.3175],[33.8585,15.2537],[34.0225,15.171],[34.0982,15.0205],[34.2415,14.8202],[34.2512,14.7608],[33.9078,14.1625],[33.9378,14.115],[33.9252,14.1045],[33.9817,14.0247],[33.871,14.0458],[33.7703,14.0456],[33.6799,14.0954],[33.6374,14.0972],[33.5768,14.0665],[33.432,13.9388],[33.3773,13.9155],[33.2691,14.029],[33.2302,14.0507],[33.1468,14.0454],[33.0792,13.9953],[33.054,13.9568],[32.9639,13.7491],[32.9327,13.7481],[32.8846,13.7977],[32.8392,13.7894],[32.8121,13.7288],[32.8031,13.6411],[32.7113,13.5425],[32.6607,13.5265],[32.6407,13.573],[32.6306,13.8181],[32.454,14.1378],[32.4228,14.2447],[32.4312,14.3078],[32.4804,14.4162],[32.5435,14.5245],[32.6328,14.6171],[32.6682,14.679],[32.6686,14.8685],[32.6554,14.9262],[32.5495,14.9802],[32.5369,15.0207],[32.5637,15.044],[32.6388,15.0549],[32.6459,15.103],[32.6148,15.1935],[32.6339,15.237],[32.8633,15.3039],[33.0407,15.3284],[33.1009,15.3175]]]}},{"type":"Feature","properties":{"name":"Khartoum","country":"SD","adm1_code":"SDN-874","ipc_phase":3,"ipc_label":"Crisis","famine_likely":false},"geometry":{"type":"Polygon","coordinates":[[[33.5441,15.432],[33.2223,15.3959],[33.1009,15.3175],[33.0407,15.3284],[32.8633,15.3039],[32.6339,15.237],[32.6148,15.1935],[32.5021,15.1988],[32.3982,15.1787],[32.3078,15.2093],[32.2216,15.4415],[32.005,15.7996],[31.8516,15.9964],[31.6024,16.5388],[31.8136,16.6632],[31.8519,16.6711],[31.8856,16.5983],[32.0183,16.4594],[32.114,16.4016],[32.6397,16.3197],[33.0043,16.1355],[33.4987,16.0078],[33.6226,15.9432],[33.7076,15.9178],[33.8129,15.9148],[34.0487,15.9955],[34.1963,16.0173],[34.2267,15.8716],[34.3622,15.5774],[34.0188,15.6305],[33.7668,15.7063],[33.6799,15.6461],[33.5933,15.5286],[33.5441,15.432]]]}},{"type":"Feature","properties":{"name":"North Kordufan","country":"SD","adm1_code":"SDN-883","ipc_phase":2,"ipc_label":"Stressed","famine_likely":false},"geometry":{"type":"Polygon","coordinates":[[[29.7695,12.6852],[29.5001,12.2814],[29.4005,12.2983],[29.3433,12.278],[29.2448,12.2984],[28.9764,12.4879],[28.908,12.4931],[28.7975,12.3721],[28.7238,12.3247],[28.6922,12.2774],[28.6343,12.0932],[28.6291,11.9774],[28.5975,11.9564],[28.4186,11.9143],[28.3186,11.909],[28.2344,11.9458],[28.066,11.9669],[28.0291,11.9458],[27.8923,11.6459],[27.645,11.4038],[27.5924,11.3722],[27.4766,11.3407],[27.3713,11.3407],[27.2819,11.3775],[27.2249,11.4227],[27.2244,11.6644],[27.1917,11.8273],[27.1265,11.9469],[27.1169,12.0029],[27.0514,12.1136],[27.0549,12.235],[27.0152,12.3964],[27.106,12.5935],[27.1173,12.8934],[27.1443,12.9532],[27.2962,13.1407],[27.3611,13.2501],[27.3749,13.3636],[27.5027,13.5128],[27.5226,13.6068],[27.4421,13.7609],[27.484,14.0013],[27.2277,14.7464],[27.1848,14.8275],[27.1305,14.8761],[26.9165,16.6471],[26.937,16.6727],[27.4964,16.6787],[31.062,16.5623],[31.4085,16.5931],[31.6024,16.5388],[31.8516,15.9964],[32.005,15.7996],[32.2216,15.4415],[32.3078,15.2093],[31.974,15.0685],[31.9692,15.0004],[31.8459,14.9141],[31.736,14.682],[31.5973,14.5976],[31.5356,14.4759],[31.5177,14.3436],[31.52,14.2073],[31.5771,13.9961],[31.717,13.8935],[31.786,13.7422],[31.8783,13.6074],[31.9486,13.5414],[32.0565,13.4955],[32.0274,13.3706],[32.0441,13.2635],[32.0132,13.2237],[31.9266,13.1907],[31.7672,13.0863],[31.6428,12.965],[31.6895,12.5926],[31.468,12.7029],[31.415,12.6956],[31.2707,12.6155],[31.147,12.6233],[31.0878,12.5909],[30.9853,12.4412],[30.8435,12.3729],[30.731,12.2757],[30.6526,12.2784],[30.5806,12.3182],[30.4659,12.4691],[30.4155,12.4989],[30.0518,12.5049],[30.0156,12.548],[30.0161,12.675],[29.9641,12.7285],[29.8424,12.7282],[29.7695,12.6852]]]}},{"type":"Feature","properties":{"name":"Abia","country":"NG","adm1_code":"NGA-2841","ipc_phase":2,"ipc_label":"Stressed","famine_likely":false},"geometry":{"type":"Polygon","coordinates":[[[7.8778,5.6903],[7.9084,5.4836],[7.9571,5.3915],[7.9446,5.3561],[7.8971,5.365],[7.7888,5.437],[7.7547,5.4893],[7.7053,5.5241],[7.6672,5.5299],[7.6408,5.5111],[7.6469,5.4425],[7.6213,5.3742],[7.6459,5.367],[7.65,5.3294],[7.6209,5.3104],[7.5253,5.3053],[7.5355,5.2473],[7.5177,5.0504],[7.4628,4.9817],[7.4762,4.9331],[7.4672,4.8985],[7.4963,4.8174],[7.4294,4.8621],[7.3383,4.8786],[7.2172,4.8612],[7.1765,4.8737],[7.1633,4.9514],[7.2662,5.1094],[7.2714,5.1579],[7.2515,5.1947],[7.3244,5.4055],[7.3623,5.4478],[7.405,5.5432],[7.4004,5.6253],[7.382,5.6701],[7.4008,5.7301],[7.3879,5.8421],[7.2501,5.9263],[7.2966,5.9853],[7.3637,6.0206],[7.4683,6.0222],[7.5335,5.973],[7.5262,5.8503],[7.5856,5.8206],[7.7309,5.8188],[7.7847,5.7938],[7.8083,5.7284],[7.8778,5.6903]]]}},{"type":"Feature","properties":{"name":"Ebonyi","country":"NG","adm1_code":"NGA-2863","ipc_phase":2,"ipc_label":"Stressed","famine_likely":false},"geometry":{"type":"Polygon","coordinates":[[[8.269,6.7015],[8.3064,6.6204],[8.3996,6.5179],[8.4389,6.4012],[8.3768,6.3663],[8.3799,6.2356],[8.2816,6.1195],[8.2465,6.0179],[8.1908,6.0308],[8.1623,5.99],[8.0979,5.9508],[8.0722,5.9497],[8.0524,5.9948],[8.0151,6.0055],[7.9746,5.9926],[7.9668,5.8916],[7.9176,5.8241],[7.9199,5.777],[7.8778,5.6903],[7.8083,5.7284],[7.7847,5.7938],[7.7309,5.8188],[7.5856,5.8206],[7.5262,5.8503],[7.5335,5.973],[7.5834,5.9887],[7.6663,5.9281],[7.6932,5.9419],[7.6885,6.0445],[7.7325,6.101],[7.7085,6.2483],[7.6905,6.2749],[7.7341,6.4076],[7.7351,6.4788],[7.6957,6.6065],[7.7275,6.6263],[7.8277,6.6302],[7.8603,6.5615],[7.9291,6.5192],[7.9733,6.5788],[7.9986,6.6957],[8.1191,6.7107],[8.1565,6.7604],[8.2024,6.7648],[8.2178,6.7916],[8.2484,6.7735],[8.269,6.7015]]]}},{"type":"Feature","properties":{"name":"Anambra","country":"NG","adm1_code":"NGA-2857","ipc_phase":2,"ipc_label":"Stressed","famine_likely":false},"geometry":{"type":"Polygon","coordinates":[[[6.6057,5.7232],[6.626,5.8185],[6.689,5.9143],[6.7037,6.0759],[6.7577,6.1229],[6.759,6.1811],[6.715,6.3211],[6.6767,6.5351],[6.7595,6.5343],[6.7924,6.5668],[6.8381,6.712],[6.906,6.7761],[6.9137,6.716],[6.9801,6.712],[7.1003,6.6678],[7.0959,6.6005],[7.0402,6.5402],[7.0132,6.4651],[7.022,6.4405],[7.0854,6.4187],[7.1059,6.391],[7.1461,6.2991],[7.1271,6.2381],[7.1354,6.2265],[7.1653,6.2408],[7.1818,6.2306],[7.1861,6.2064],[7.21,6.1889],[7.2044,6.1541],[7.2433,6.0667],[7.2651,6.0417],[7.3307,6.0435],[7.3637,6.0206],[7.2966,5.9853],[7.2501,5.9263],[7.1676,5.9041],[7.0772,5.9235],[6.9861,5.9073],[6.9485,5.8845],[6.8958,5.762],[6.8563,5.7508],[6.8133,5.769],[6.7357,5.7477],[6.6688,5.6943],[6.6358,5.6966],[6.6057,5.7232]]]}},{"type":"Feature","properties":{"name":"Edo","country":"NG","adm1_code":"NGA-2861","ipc_phase":2,"ipc_label":"Stressed","famine_likely":false},"geometry":{"type":"Polygon","coordinates":[[[6.6767,6.5351],[6.6456,6.4974],[6.546,6.4933],[6.2691,6.3556],[6.2013,6.2871],[6.1732,6.2875],[6.1277,6.3462],[6.0936,6.3495],[6.0703,6.3279],[6.0528,6.2639],[6.0849,6.208],[6.0999,6.1347],[6.1305,6.0844],[6.2224,6.0135],[6.2225,5.9746],[6.2107,5.9367],[6.0727,5.7988],[6.0215,5.7619],[5.9235,5.7411],[5.8888,5.7462],[5.8915,5.7738],[5.8703,5.8066],[5.8961,5.8784],[5.7799,5.9768],[5.6634,6.0399],[5.6019,6.0375],[5.5301,5.9821],[5.4633,6.0185],[5.3314,6.0198],[5.3263,5.9624],[5.2511,5.9057],[5.2313,5.9207],[5.2232,5.9728],[5.2324,6.0385],[5.185,6.0932],[5.1152,6.1269],[5.0971,6.1869],[5.0526,6.2042],[4.9793,6.2844],[5.0122,6.3615],[5.0597,6.3824],[5.1208,6.5141],[5.0725,6.6064],[5.0799,6.6843],[5.1579,6.7774],[5.1991,6.8647],[5.4956,6.8723],[5.5415,6.8361],[5.5147,6.7827],[5.541,6.7171],[5.6126,6.7599],[5.6858,6.739],[5.7136,6.7521],[5.7539,6.8784],[5.7766,6.8838],[5.7891,6.9174],[5.7713,6.9598],[5.7861,7.031],[5.8267,7.0761],[5.8766,7.2281],[5.9527,7.299],[5.96,7.4205],[5.9251,7.4573],[5.9346,7.4922],[5.9873,7.5157],[6.0284,7.5734],[6.0657,7.5684],[6.0826,7.5576],[6.0787,7.5379],[6.1111,7.5271],[6.1077,7.4606],[6.1324,7.4267],[6.1783,7.4277],[6.2641,7.4633],[6.351,7.3786],[6.4327,7.3843],[6.458,7.3617],[6.5112,7.2507],[6.6284,7.279],[6.6573,7.2363],[6.6972,7.2203],[6.7194,7.1489],[6.6874,6.9552],[6.6492,6.8438],[6.6506,6.6632],[6.6767,6.5351]]]}},{"type":"Feature","properties":{"name":"Bauchi","country":"NG","adm1_code":"NGA-2858","ipc_phase":3,"ipc_label":"Crisis","famine_likely":false},"geometry":{"type":"Polygon","coordinates":[[[11.0686,9.5864],[10.9303,9.6026],[10.8643,9.5917],[10.7408,9.5345],[10.6141,9.5306],[10.5604,9.4967],[10.3624,9.6119],[9.8723,9.8371],[9.8264,9.8209],[9.8134,9.7978],[9.8655,9.7081],[9.8561,9.6754],[9.7652,9.6287],[9.7354,9.5672],[9.6608,9.5446],[9.5024,9.5366],[9.2991,9.5822],[9.22,9.6939],[9.1597,9.7289],[9.203,9.8457],[9.1772,9.996],[9.1133,10.0188],[8.9973,9.9986],[8.9605,10.0231],[8.9618,10.1827],[8.9369,10.2868],[8.9011,10.3301],[8.8425,10.3454],[8.785,10.3356],[8.6967,10.4238],[8.7304,10.4834],[8.7413,10.549],[8.7873,10.5987],[8.8154,10.6641],[8.8083,10.7329],[8.7625,10.7868],[8.734,10.8628],[8.7375,11.0215],[8.7677,11.0848],[8.8632,11.1044],[9.0319,11.2961],[9.0988,11.3262],[9.1308,11.3081],[9.2247,11.3424],[9.2858,11.3412],[9.4081,11.2991],[9.5339,11.3047],[9.5732,11.2553],[9.6238,11.2378],[9.8105,11.2614],[9.8543,11.2216],[9.8764,11.1613],[9.8676,11.0322],[9.8911,10.9769],[9.9483,10.9537],[10.106,10.9654],[10.1798,10.9334],[10.2069,10.9504],[10.1957,10.9866],[10.2165,11.0541],[10.3615,11.1174],[10.3902,11.1776],[10.3182,11.2013],[10.0733,11.2338],[10.0006,11.2623],[9.8631,11.4598],[9.813,11.455],[9.7933,11.4817],[9.8306,11.5754],[9.7987,11.7145],[9.7644,11.7224],[9.6677,11.7012],[9.6252,11.7294],[9.6463,11.8034],[9.6997,11.8512],[9.7839,11.8582],[10.155,12.0085],[10.1716,12.0427],[10.1691,12.1164],[10.2647,12.4027],[10.2875,12.4244],[10.394,12.4489],[10.4774,12.4163],[10.6095,12.5024],[10.7352,12.4023],[10.7484,12.3643],[10.7702,12.2101],[10.8104,12.1397],[10.8479,11.867],[10.9681,11.5753],[10.974,11.4906],[10.9393,11.3361],[10.9657,11.3021],[11.0142,11.2947],[10.9538,11.2322],[10.8599,11.1786],[10.7792,11.0895],[10.7033,11.0666],[10.6738,11.0414],[10.5938,10.8118],[10.5415,10.7394],[10.5386,10.7116],[10.6457,10.6664],[10.677,10.5973],[10.6876,10.5187],[10.8234,10.4456],[10.844,10.3856],[10.8432,10.1876],[10.7293,10.1303],[10.7236,10.0971],[10.7651,10.0394],[10.9714,9.8878],[11.0013,9.822],[11.0243,9.6956],[11.075,9.6104],[11.0686,9.5864]]]}},{"type":"Feature","properties":{"name":"Plateau","country":"NG","adm1_code":"NGA-2866","ipc_phase":2,"ipc_label":"Stressed","famine_likely":false},"geometry":{"type":"Polygon","coordinates":[[[10.5604,9.4967],[10.582,9.4484],[10.5923,9.257],[10.646,9.1051],[10.653,8.9446],[10.6185,8.8801],[10.4603,8.8028],[10.2289,8.7467],[10.0773,8.5666],[9.9403,8.4809],[9.8175,8.3731],[9.7451,8.3528],[9.6155,8.3512],[9.5788,8.4036],[9.4077,8.4864],[9.3454,8.4885],[9.1901,8.4537],[9.0348,8.4709],[8.9516,8.5144],[8.9298,8.5557],[8.9285,8.6453],[8.8847,8.7274],[8.9508,8.8351],[8.9878,8.847],[9.0532,8.9262],[9.0731,8.9897],[9.0276,9.0301],[8.9639,9.0122],[8.8301,9.0239],[8.7822,9.0724],[8.7666,9.1407],[8.66,9.2048],[8.685,9.3228],[8.5593,9.4845],[8.559,9.6268],[8.5875,9.6473],[8.59,9.6823],[8.6315,9.7387],[8.6283,9.8877],[8.6678,10.0192],[8.6419,10.0948],[8.6601,10.1692],[8.7712,10.2731],[8.785,10.3356],[8.8425,10.3454],[8.9011,10.3301],[8.9567,10.2318],[8.9605,10.0231],[8.9973,9.9986],[9.1133,10.0188],[9.1772,9.996],[9.203,9.8457],[9.1597,9.7289],[9.22,9.6939],[9.2991,9.5822],[9.5024,9.5366],[9.6608,9.5446],[9.7354,9.5672],[9.7652,9.6287],[9.8561,9.6754],[9.8655,9.7081],[9.8134,9.7978],[9.8264,9.8209],[9.8723,9.8371],[10.3624,9.6119],[10.5604,9.4967]]]}},{"type":"Feature","properties":{"name":"Nassarawa","country":"NG","adm1_code":"NGA-2867","ipc_phase":2,"ipc_label":"Stressed","famine_likely":false},"geometry":{"type":"Polygon","coordinates":[[[9.6155,8.3512],[9.5883,8.3081],[9.5475,8.282],[9.4325,8.2984],[9.36,8.3272],[9.3352,8.317],[9.3039,8.2381],[9.3573,8.1714],[9.3696,8.0579],[9.1694,7.9145],[8.9789,8.0555],[8.8326,8.0507],[8.558,8.1334],[8.4262,8.1185],[8.3706,8.0715],[8.3544,8.0012],[8.4248,7.8265],[8.431,7.7914],[8.4182,7.7751],[8.2934,7.8555],[8.0353,7.9285],[7.9682,7.9644],[7.6367,8.0301],[7.4952,8.0164],[7.2858,8.0281],[7.084,7.9601],[6.9384,7.8744],[6.9515,7.9562],[6.9818,8.0158],[6.9973,8.1627],[6.9931,8.2281],[6.9448,8.313],[6.9781,8.4118],[7.2635,8.4714],[7.3921,8.5348],[7.4359,8.5832],[7.5143,8.7589],[7.5611,8.9607],[7.5599,9.1206],[7.5829,9.2277],[7.6248,9.2716],[7.6258,9.3107],[7.6539,9.3237],[7.6926,9.285],[7.7245,9.2875],[7.8166,9.2507],[7.8507,9.2657],[7.8895,9.3364],[7.9509,9.3459],[7.9834,9.316],[7.9918,9.2679],[8.0634,9.2188],[8.0998,9.005],[8.1792,9.0481],[8.2635,9.1532],[8.386,9.1163],[8.4836,8.9992],[8.5226,9.004],[8.5654,9.0468],[8.66,9.2048],[8.7666,9.1407],[8.7822,9.0724],[8.8301,9.0239],[8.9639,9.0122],[9.0276,9.0301],[9.0731,8.9897],[9.0532,8.9262],[8.9878,8.847],[8.9508,8.8351],[8.8847,8.7274],[8.9285,8.6453],[8.9298,8.5557],[8.9516,8.5144],[9.0958,8.4545],[9.1901,8.4537],[9.3454,8.4885],[9.4077,8.4864],[9.5788,8.4036],[9.6155,8.3512]]]}},{"type":"Feature","properties":{"name":"Gombe","country":"NG","adm1_code":"NGA-2859","ipc_phase":3,"ipc_label":"Crisis","famine_likely":false},"geometry":{"type":"Polygon","coordinates":[[[11.0686,9.5864],[11.075,9.6104],[11.0243,9.6956],[11.0013,9.822],[10.9714,9.8878],[10.7651,10.0394],[10.7236,10.0971],[10.7293,10.1303],[10.8432,10.1876],[10.844,10.3856],[10.8234,10.4456],[10.6876,10.5187],[10.677,10.5973],[10.6457,10.6664],[10.5386,10.7116],[10.5415,10.7394],[10.5938,10.8118],[10.6738,11.0414],[10.7033,11.0666],[10.7792,11.0895],[10.8599,11.1786],[10.9538,11.2322],[11.0142,11.2947],[11.1528,11.3308],[11.2902,11.2648],[11.354,11.2159],[11.5837,10.9623],[11.5842,10.6268],[11.593,10.5972],[11.701,10.5942],[11.7134,10.5071],[11.6395,10.3888],[11.6372,10.3448],[11.6891,10.2632],[11.8071,10.1963],[11.8743,10.089],[11.9456,10.0447],[11.9404,9.8257],[11.9251,9.7842],[11.8878,9.7538],[11.6178,9.6066],[11.1749,9.5777],[11.0686,9.5864]]]}},{"type":"Feature","properties":{"name":"Enugu","country":"NG","adm1_code":"NGA-2862","ipc_phase":2,"ipc_label":"Stressed","famine_likely":false},"geometry":{"type":"Polygon","coordinates":[[[7.4937,7.0745],[7.5424,6.9546],[7.6032,6.8892],[7.6784,6.8438],[7.7847,6.88],[7.8261,6.8599],[7.8622,6.7722],[7.8619,6.7236],[7.8277,6.6302],[7.7275,6.6263],[7.6957,6.6065],[7.7351,6.4788],[7.7341,6.4076],[7.6905,6.2749],[7.7085,6.2483],[7.7325,6.101],[7.6885,6.0445],[7.6932,5.9419],[7.6663,5.9281],[7.5834,5.9887],[7.5335,5.973],[7.4683,6.0222],[7.3725,6.0125],[7.3307,6.0435],[7.2651,6.0417],[7.2163,6.1249],[7.21,6.1889],[7.1861,6.2064],[7.1818,6.2306],[7.1653,6.2408],[7.1354,6.2265],[7.1271,6.2381],[7.1461,6.2991],[7.1059,6.391],[7.0854,6.4187],[7.022,6.4405],[7.0132,6.4651],[7.0402,6.5402],[7.0959,6.6005],[7.1003,6.6678],[6.9801,6.712],[6.9137,6.716],[6.906,6.7761],[6.9327,6.829],[6.9659,6.8503],[6.9732,6.8189],[7.021,6.7783],[7.2362,6.962],[7.3118,7.053],[7.4117,7.1078],[7.4606,7.1049],[7.4937,7.0745]]]}},{"type":"Feature","properties":{"name":"Kogi","country":"NG","adm1_code":"NGA-2865","ipc_phase":2,"ipc_label":"Stressed","famine_likely":false},"geometry":{"type":"Polygon","coordinates":[[[7.666,8.0257],[7.6757,7.8649],[7.7543,7.7562],[7.7561,7.6045],[7.7837,7.4461],[7.8792,7.4162],[7.8473,7.3521],[7.8273,7.24],[7.7855,7.1711],[7.6528,7.0993],[7.6338,7.0144],[7.607,7.0062],[7.4606,7.1049],[7.4117,7.1078],[7.3118,7.053],[7.2362,6.962],[7.021,6.7783],[6.9732,6.8189],[6.9659,6.8503],[6.9327,6.829],[6.906,6.7761],[6.8381,6.712],[6.7924,6.5668],[6.7595,6.5343],[6.6767,6.5351],[6.6506,6.6632],[6.6492,6.8438],[6.6874,6.9552],[6.7194,7.1489],[6.6972,7.2203],[6.6573,7.2363],[6.6284,7.279],[6.5112,7.2507],[6.458,7.3617],[6.4327,7.3843],[6.351,7.3786],[6.2641,7.4633],[6.1783,7.4277],[6.1324,7.4267],[6.1077,7.4606],[6.1111,7.5271],[6.0787,7.5379],[6.0826,7.5576],[6.0657,7.5684],[6.0284,7.5734],[5.9658,7.6408],[5.9158,7.7179],[5.9224,7.7569],[5.8921,7.7704],[5.8114,7.7561],[5.7662,7.7695],[5.6248,7.8503],[5.61,7.8933],[5.6176,7.9359],[5.6686,7.9849],[5.6702,8.0071],[5.6368,8.0204],[5.5366,7.9924],[5.5176,7.9995],[5.5161,8.0417],[5.536,8.0696],[5.5288,8.1295],[5.4214,8.2076],[5.3492,8.3153],[5.3569,8.3482],[5.5157,8.5307],[5.5552,8.5148],[5.6058,8.4656],[5.7061,8.4279],[6.0534,8.3737],[6.0868,8.3804],[6.1171,8.4339],[6.1735,8.6757],[6.2159,8.73],[6.2774,8.7367],[6.3705,8.6809],[6.4654,8.4317],[6.5722,8.3536],[6.6914,8.2069],[6.7264,8.2757],[6.7531,8.2776],[6.7556,8.3163],[6.8216,8.3672],[6.835,8.4068],[6.9781,8.4118],[6.9448,8.313],[6.9931,8.2281],[6.9973,8.1627],[6.9818,8.0158],[6.9515,7.9562],[6.9384,7.8744],[7.084,7.9601],[7.2858,8.0281],[7.4952,8.0164],[7.666,8.0257]]]}},{"type":"Feature","properties":{"name":"Osun","country":"NG","adm1_code":"NGA-2855","ipc_phase":2,"ipc_label":"Stressed","famine_likely":false},"geometry":{"type":"Polygon","coordinates":[[[4.1769,7.0589],[4.1479,7.1462],[4.0771,7.1124],[4.1455,7.4744],[4.1043,7.5575],[4.0341,7.6251],[4.0864,7.8477],[4.1539,7.8299],[4.2051,7.8665],[4.2041,7.889],[4.2635,7.954],[4.3224,7.9176],[4.359,7.8587],[4.3999,7.8506],[4.4692,7.9147],[4.5474,7.9472],[4.561,7.9659],[4.5556,8.0341],[4.6853,8.0306],[4.8993,8.0815],[4.9409,8.0804],[4.992,8.0263],[5.0641,8.0306],[5.0414,7.9493],[4.9723,7.9038],[4.9261,7.8431],[4.9124,7.6272],[4.9915,7.4148],[4.9907,7.3748],[4.8982,7.3391],[4.8723,7.2447],[4.8693,7.0982],[4.8323,7.0925],[4.7321,7.1465],[4.6926,7.1355],[4.6501,7.1017],[4.5998,7.0083],[4.5611,6.9883],[4.5455,7.0074],[4.3641,6.9805],[4.3345,7.0619],[4.3016,7.0897],[4.1769,7.0589]]]}},{"type":"Feature","properties":{"name":"Imo","country":"NG","adm1_code":"NGA-2843","ipc_phase":2,"ipc_label":"Stressed","famine_likely":false},"geometry":{"type":"Polygon","coordinates":[[[6.7046,5.4863],[6.6327,5.4799],[6.6262,5.502],[6.6688,5.6943],[6.7357,5.7477],[6.8133,5.769],[6.8563,5.7508],[6.8958,5.762],[6.9485,5.8845],[6.9861,5.9073],[7.0772,5.9235],[7.1676,5.9041],[7.2501,5.9263],[7.3879,5.8421],[7.4008,5.7301],[7.382,5.6701],[7.4004,5.6253],[7.405,5.5432],[7.3623,5.4478],[7.3244,5.4055],[7.2515,5.1947],[7.1899,5.1825],[7.1371,5.1977],[7.0112,5.1852],[6.8702,5.1949],[6.7244,5.3051],[6.7459,5.4431],[6.7046,5.4863]]]}},{"type":"Feature","properties":{"name":"Ekiti","country":"NG","adm1_code":"NGA-2854","ipc_phase":2,"ipc_label":"Stressed","famine_likely":false},"geometry":{"type":"Polygon","coordinates":[[[5.536,8.0696],[5.5161,8.0417],[5.5176,7.9995],[5.5366,7.9924],[5.6368,8.0204],[5.6702,8.0071],[5.6686,7.9849],[5.6176,7.9359],[5.61,7.8933],[5.6248,7.8503],[5.6578,7.8211],[5.8114,7.7561],[5.7937,7.7276],[5.7689,7.7181],[5.7414,7.7302],[5.7154,7.716],[5.6237,7.6197],[5.5926,7.4957],[5.5378,7.3685],[5.4325,7.2801],[5.3761,7.3019],[5.3306,7.4199],[5.2799,7.4353],[5.0993,7.439],[4.9915,7.4148],[4.9124,7.6272],[4.9261,7.8431],[4.9723,7.9038],[5.0414,7.9493],[5.0641,8.0306],[5.1015,7.998],[5.164,8.0164],[5.2302,7.9756],[5.2944,7.9673],[5.3537,7.9743],[5.3931,8.0553],[5.536,8.0696]]]}},{"type":"Feature","properties":{"name":"Kaduna","country":"NG","adm1_code":"NGA-2864","ipc_phase":2,"ipc_label":"Stressed","famine_likely":false},"geometry":{"type":"Polygon","coordinates":[[[8.7413,10.549],[8.7304,10.4834],[8.6967,10.4238],[8.785,10.3356],[8.7712,10.2731],[8.6601,10.1692],[8.6419,10.0948],[8.6678,10.0192],[8.6283,9.8877],[8.6315,9.7387],[8.59,9.6823],[8.5875,9.6473],[8.559,9.6268],[8.5593,9.4845],[8.685,9.3228],[8.6806,9.2619],[8.5654,9.0468],[8.5226,9.004],[8.4836,8.9992],[8.386,9.1163],[8.2635,9.1532],[8.1792,9.0481],[8.0998,9.005],[8.0634,9.2188],[7.9918,9.2679],[7.9834,9.316],[7.9509,9.3459],[7.8895,9.3364],[7.8507,9.2657],[7.8166,9.2507],[7.7245,9.2875],[7.6926,9.285],[7.6539,9.3237],[7.5942,9.3042],[7.5758,9.3381],[7.54,9.3514],[7.4865,9.292],[7.4058,9.3076],[7.2617,9.2953],[7.2686,9.3559],[7.2183,9.4166],[7.2269,9.4536],[7.2816,9.4921],[7.2901,9.5321],[7.3381,9.5866],[7.3319,9.6179],[7.2872,9.6582],[7.2952,9.686],[7.2375,9.7141],[7.2173,9.741],[7.2962,9.781],[7.2792,9.9776],[7.2308,10.0111],[7.0085,10.0171],[6.9367,10.0472],[6.8921,10.1052],[7.041,10.233],[7.0651,10.2646],[7.0675,10.2989],[6.9445,10.3668],[6.956,10.4824],[6.9009,10.5285],[6.8499,10.5225],[6.8352,10.6231],[6.768,10.6378],[6.7355,10.6239],[6.7399,10.5847],[6.7177,10.5688],[6.6412,10.5677],[6.5685,10.5347],[6.5367,10.5403],[6.4976,10.589],[6.4267,10.5736],[6.3073,10.4833],[6.2081,10.3658],[6.1738,10.3612],[6.0996,10.4491],[6.0931,10.4826],[6.1264,10.623],[6.1077,10.7229],[6.1221,10.8316],[6.2224,10.8912],[6.2359,10.9432],[6.2803,10.965],[6.3228,11.0322],[6.3638,11.0375],[6.4741,11.0095],[6.576,11.0294],[6.6864,11.0763],[6.7246,11.1277],[6.7545,11.248],[6.8454,11.3169],[6.8818,11.3661],[7.0263,11.3212],[7.035,11.2789],[6.9919,11.2377],[6.9931,11.2098],[7.0663,11.1903],[7.1533,11.1163],[7.1865,11.1122],[7.2438,11.1557],[7.2254,11.21],[7.2422,11.2634],[7.3543,11.2501],[7.3818,11.2646],[7.404,11.3326],[7.4668,11.3688],[7.5781,11.3379],[7.6606,11.2746],[7.7417,11.3072],[7.7762,11.3592],[7.8451,11.365],[7.9625,11.4511],[8.1032,11.4955],[8.1388,11.4789],[8.114,11.3727],[8.1343,11.3401],[8.2373,11.2943],[8.2943,11.2358],[8.4398,11.1897],[8.5424,11.082],[8.5619,10.9428],[8.5428,10.8663],[8.5584,10.7467],[8.5439,10.7091],[8.5015,10.6988],[8.4807,10.6712],[8.5353,10.6261],[8.6156,10.6159],[8.6789,10.5545],[8.7413,10.549]]]}},{"type":"Feature","properties":{"name":"Kano","country":"NG","adm1_code":"NGA-2869","ipc_phase":2,"ipc_label":"Stressed","famine_likely":false},"geometry":{"type":"Polygon","coordinates":[[[9.2247,11.3424],[9.1308,11.3081],[9.0988,11.3262],[9.0319,11.2961],[8.8632,11.1044],[8.7677,11.0848],[8.7375,11.0215],[8.734,10.8628],[8.7625,10.7868],[8.8083,10.7329],[8.8154,10.6641],[8.7873,10.5987],[8.7413,10.549],[8.6595,10.5642],[8.6156,10.6159],[8.5353,10.6261],[8.4807,10.6712],[8.5015,10.6988],[8.5439,10.7091],[8.5584,10.7467],[8.5428,10.8663],[8.5619,10.9428],[8.5424,11.082],[8.4398,11.1897],[8.2943,11.2358],[8.2373,11.2943],[8.1343,11.3401],[8.114,11.3727],[8.1388,11.4789],[8.1032,11.4955],[7.9625,11.4511],[7.8451,11.365],[7.7762,11.3592],[7.7074,11.4167],[7.6922,11.4673],[7.7153,11.5639],[7.7465,11.6008],[7.8937,11.6508],[7.8558,11.7653],[7.8593,11.818],[7.8331,11.9144],[7.8296,12.2211],[7.8413,12.2661],[7.9181,12.318],[8.0938,12.3827],[8.1304,12.4165],[8.1873,12.5557],[8.2828,12.5696],[8.3443,12.4354],[8.3622,12.4252],[8.4207,12.5376],[8.471,12.5633],[8.5301,12.5747],[8.6783,12.5393],[8.6903,12.4393],[8.7654,12.3909],[8.7851,12.2987],[8.9045,12.2729],[8.9462,12.2218],[8.9469,12.1297],[8.9232,12.0831],[8.9366,12.0619],[8.9564,12.0506],[9.0292,12.0616],[9.0372,12.012],[9.0995,12.0119],[9.135,12.0354],[9.1812,12.0303],[9.2046,11.9077],[9.1296,11.7158],[9.1459,11.7014],[9.2273,11.6938],[9.2643,11.6152],[9.3507,11.555],[9.253,11.4536],[9.228,11.3959],[9.2247,11.3424]]]}},{"type":"Feature","properties":{"name":"Federal Capital Territory","country":"NG","adm1_code":"NGA-3470","ipc_phase":2,"ipc_label":"Stressed","famine_likely":false},"geometry":{"type":"Polygon","coordinates":[[[6.9781,8.4118],[6.7894,8.4121],[6.759,8.4722],[6.754,9.2139],[6.9631,9.2324],[7.0234,9.2138],[7.1639,9.0976],[7.3108,9.2974],[7.4058,9.3076],[7.4865,9.292],[7.54,9.3514],[7.5758,9.3381],[7.5942,9.3042],[7.6258,9.3107],[7.6248,9.2716],[7.5829,9.2277],[7.5599,9.1206],[7.5611,8.9607],[7.5143,8.7589],[7.4359,8.5832],[7.3921,8.5348],[7.2635,8.4714],[6.9781,8.4118]]]}},{"type":"Feature","properties":{"name":"Dire Dawa","country":"ET","adm1_code":"ETH-3135","ipc_phase":2,"ipc_label":"Stressed","famine_likely":false},"geometry":{"type":"Polygon","coordinates":[[[42.341,9.7204],[42.2695,9.6642],[42.2017,9.652],[42.1337,9.6173],[42.1473,9.5419],[42.0767,9.4749],[41.9901,9.5051],[41.9224,9.4772],[41.7682,9.4878],[41.7369,9.4738],[41.7406,9.5849],[41.763,9.6401],[41.8185,9.6475],[41.892,9.6839],[42.0404,9.629],[42.2031,9.7744],[42.2543,9.7806],[42.3027,9.7626],[42.341,9.7204]]]}},{"type":"Feature","properties":{"name":"Addis Ababa","country":"ET","adm1_code":"ETH-3133","ipc_phase":1,"ipc_label":"Minimal","famine_likely":false},"geometry":{"type":"Polygon","coordinates":[[[38.8183,9.0969],[38.83,9.0789],[38.8765,9.0777],[38.9079,8.9845],[38.8999,8.9375],[38.8579,8.9454],[38.8747,8.8755],[38.8346,8.8679],[38.8166,8.8326],[38.7764,8.8458],[38.6938,8.9136],[38.655,8.9966],[38.7101,9.0815],[38.7752,9.0956],[38.792,9.0745],[38.8183,9.0969]]]}},{"type":"Feature","properties":{"name":"Harari People","country":"ET","adm1_code":"ETH-3136","ipc_phase":2,"ipc_label":"Stressed","famine_likely":false},"geometry":{"type":"Polygon","coordinates":[[[42.2566,9.3848],[42.2719,9.3629],[42.2516,9.2723],[42.2741,9.2179],[42.2659,9.1988],[42.2487,9.1887],[42.192,9.2214],[42.1508,9.2085],[42.1188,9.2319],[42.0637,9.2298],[42.0763,9.3086],[42.1287,9.3837],[42.1897,9.364],[42.2566,9.3848]]]}},{"type":"Feature","properties":{"name":"Bal\u00e9","country":"BF","adm1_code":"BFA-2803","ipc_phase":2,"ipc_label":"Stressed","famine_likely":false},"geometry":{"type":"Polygon","coordinates":[[[-2.9194,12.053],[-2.8853,12.0083],[-2.8648,12.0083],[-2.8785,11.9301],[-2.831,11.8815],[-2.8757,11.8114],[-2.9058,11.8165],[-2.9237,11.7976],[-2.9148,11.78],[-2.7731,11.7526],[-2.6766,11.6026],[-2.6659,11.5163],[-2.5253,11.4109],[-2.5386,11.3738],[-2.5818,11.3607],[-2.6239,11.3233],[-2.7163,11.3348],[-2.7431,11.3246],[-2.8042,11.2334],[-2.8784,11.2506],[-2.8437,11.3101],[-2.8301,11.3954],[-2.8301,11.4404],[-2.8505,11.4739],[-2.8293,11.519],[-2.8488,11.5333],[-2.9618,11.534],[-3.05,11.5739],[-3.197,11.4834],[-3.2302,11.4856],[-3.2771,11.4594],[-3.2977,11.4797],[-3.3098,11.5462],[-3.352,11.5552],[-3.4199,11.6003],[-3.3962,11.6784],[-3.5451,11.729],[-3.5871,11.757],[-3.6127,11.8078],[-3.5734,11.888],[-3.4952,11.9243],[-3.4901,11.9768],[-3.4067,11.9906],[-3.3571,11.9881],[-3.2994,11.9587],[-3.2913,11.9045],[-3.272,11.8875],[-3.244,11.8839],[-3.1958,11.9066],[-3.1355,11.8752],[-3.0938,11.8898],[-3.1042,11.938],[-3.1812,11.9691],[-3.2287,12.0293],[-3.2265,12.0812],[-3.2091,12.0944],[-3.18,12.0997],[-3.1288,12.0743],[-3.0596,12.0878],[-3.0432,12.0514],[-2.986,12.0291],[-2.9194,12.053]]]}},{"type":"Feature","properties":{"name":"Sangui\u00e9","country":"BF","adm1_code":"BFA-2819","ipc_phase":2,"ipc_label":"Stressed","famine_likely":false},"geometry":{"type":"Polygon","coordinates":[[[-2.8597,11.9958],[-2.9194,12.053],[-2.8964,12.1038],[-2.8079,12.0643],[-2.7925,12.1151],[-2.8308,12.2135],[-2.8819,12.2594],[-2.8815,12.3011],[-2.8375,12.3392],[-2.8406,12.3669],[-2.7643,12.4348],[-2.7204,12.5116],[-2.7513,12.5918],[-2.7477,12.6219],[-2.6371,12.7362],[-2.535,12.8117],[-2.5104,12.8132],[-2.4865,12.7744],[-2.511,12.7265],[-2.5066,12.7045],[-2.4112,12.6967],[-2.4575,12.6346],[-2.4507,12.6182],[-2.3157,12.649],[-2.2813,12.5913],[-2.2339,12.6312],[-2.2222,12.6124],[-2.2594,12.5331],[-2.3488,12.4648],[-2.4153,12.445],[-2.4241,12.4265],[-2.3961,12.2251],[-2.4757,12.1555],[-2.4317,12.1082],[-2.4815,12.0601],[-2.4706,12.0038],[-2.4125,11.9903],[-2.3461,11.9387],[-2.2403,11.965],[-2.2533,11.9019],[-2.4183,11.8617],[-2.5117,11.8094],[-2.572,11.7257],[-2.5935,11.6118],[-2.6801,11.6099],[-2.7731,11.7526],[-2.8902,11.767],[-2.9237,11.7976],[-2.9058,11.8165],[-2.8757,11.8114],[-2.8319,11.8675],[-2.8785,11.9301],[-2.8597,11.9958]]]}},{"type":"Feature","properties":{"name":"Tuy","country":"BF","adm1_code":"BFA-2834","ipc_phase":2,"ipc_label":"Stressed","famine_likely":false},"geometry":{"type":"Polygon","coordinates":[[[-3.5871,11.757],[-3.5084,11.7115],[-3.3962,11.6784],[-3.4199,11.6003],[-3.352,11.5552],[-3.3098,11.5462],[-3.2977,11.4797],[-3.2771,11.4594],[-3.2302,11.4856],[-3.197,11.4834],[-3.05,11.5739],[-2.9618,11.534],[-2.8488,11.5333],[-2.8286,11.5039],[-2.8505,11.4739],[-2.8284,11.4301],[-2.8437,11.3101],[-2.8586,11.2877],[-3.0052,11.3405],[-3.1155,11.3257],[-3.1571,11.35],[-3.1982,11.3384],[-3.2834,11.2461],[-3.3027,11.1712],[-3.418,11.1434],[-3.4465,11.1623],[-3.5926,11.0364],[-3.5861,10.9721],[-3.6249,10.9688],[-3.742,11.0704],[-3.7901,11.1398],[-3.8595,11.1416],[-3.8756,11.1645],[-3.8817,11.199],[-3.8491,11.3594],[-3.8901,11.3807],[-3.9064,11.4664],[-3.9696,11.5401],[-3.9907,11.6377],[-3.9578,11.7357],[-3.949,11.8511],[-3.9193,11.8463],[-3.878,11.8073],[-3.8722,11.7727],[-3.7731,11.7237],[-3.7324,11.7186],[-3.6782,11.7474],[-3.5871,11.757]]]}},{"type":"Feature","properties":{"name":"Bougouriba","country":"BF","adm1_code":"BFA-2832","ipc_phase":2,"ipc_label":"Stressed","famine_likely":false},"geometry":{"type":"Polygon","coordinates":[[[-3.418,11.1434],[-3.1963,11.1959],[-3.1194,11.1787],[-3.1324,11.1019],[-3.1224,11.0604],[-3.169,10.9245],[-3.1593,10.8756],[-3.1913,10.8637],[-3.1997,10.8444],[-3.1815,10.8241],[-3.1911,10.7836],[-3.0882,10.7879],[-3.0572,10.735],[-3.1292,10.6983],[-3.1986,10.638],[-3.3179,10.5926],[-3.3964,10.6473],[-3.4956,10.6298],[-3.5983,10.6634],[-3.6945,10.6441],[-3.7238,10.674],[-3.7897,10.6947],[-3.78,10.7354],[-3.6891,10.7465],[-3.726,10.8186],[-3.7218,10.8483],[-3.6597,10.8684],[-3.6437,10.929],[-3.5861,10.9721],[-3.579,11.0005],[-3.5966,11.0288],[-3.5549,11.0759],[-3.4465,11.1623],[-3.418,11.1434]]]}},{"type":"Feature","properties":{"name":"Mou Houn","country":"BF","adm1_code":"BFA-2804","ipc_phase":2,"ipc_label":"Stressed","famine_likely":false},"geometry":{"type":"Polygon","coordinates":[[[-2.8648,12.3925],[-2.8375,12.3392],[-2.869,12.3217],[-2.8873,12.2775],[-2.8308,12.2135],[-2.7925,12.1151],[-2.8079,12.0643],[-2.8964,12.1038],[-2.9309,12.0431],[-2.986,12.0291],[-3.0432,12.0514],[-3.0596,12.0878],[-3.1288,12.0743],[-3.18,12.0997],[-3.2265,12.0812],[-3.2287,12.0293],[-3.1812,11.9691],[-3.1042,11.938],[-3.0938,11.8898],[-3.1113,11.8784],[-3.1355,11.8752],[-3.1958,11.9066],[-3.244,11.8839],[-3.272,11.8875],[-3.2913,11.9045],[-3.2994,11.9587],[-3.3571,11.9881],[-3.4901,11.9768],[-3.4952,11.9243],[-3.5734,11.888],[-3.5951,11.8595],[-3.6127,11.8078],[-3.5871,11.757],[-3.6782,11.7474],[-3.7324,11.7186],[-3.8722,11.7727],[-3.878,11.8073],[-3.9193,11.8463],[-3.9543,11.8502],[-3.96,11.9189],[-3.9787,11.9458],[-3.9473,11.94],[-3.9518,11.9745],[-3.9268,11.9953],[-3.9405,12.0158],[-3.8995,12.0847],[-3.8809,12.0769],[-3.8685,12.1182],[-3.8216,12.1481],[-3.8134,12.2604],[-3.7644,12.2779],[-3.696,12.4012],[-3.6456,12.4273],[-3.591,12.3925],[-3.5778,12.4015],[-3.5135,12.6746],[-3.541,12.7036],[-3.5187,12.7289],[-3.4729,12.722],[-3.4554,12.7447],[-3.4069,12.744],[-3.3606,12.6638],[-3.3719,12.6389],[-3.3498,12.632],[-3.3164,12.6723],[-3.2582,12.6862],[-3.2484,12.5297],[-3.1892,12.527],[-3.1665,12.5018],[-3.159,12.5092],[-3.0976,12.4199],[-2.9624,12.3496],[-2.8864,12.3932],[-2.8648,12.3925]]]}},{"type":"Feature","properties":{"name":"Kouritenga","country":"BF","adm1_code":"BFA-2829","ipc_phase":2,"ipc_label":"Stressed","famine_likely":false},"geometry":{"type":"Polygon","coordinates":[[[-0.4645,11.9875],[-0.4365,12.0074],[-0.4211,12.0454],[-0.4229,12.1535],[-0.4774,12.2062],[-0.5169,12.3241],[-0.5071,12.3625],[-0.5282,12.4165],[-0.6045,12.4692],[-0.6137,12.5058],[-0.4376,12.4667],[-0.3891,12.4689],[-0.2074,12.5605],[-0.2346,12.4772],[-0.2239,12.4367],[-0.1452,12.388],[-0.1835,12.2729],[-0.0846,12.2307],[0.0277,12.1248],[0.0306,12.0979],[-0.0825,12.0486],[-0.1055,12.0058],[-0.1103,11.9229],[-0.219,11.8471],[-0.2529,11.7934],[-0.3812,11.8211],[-0.4294,11.856],[-0.4702,11.9272],[-0.4645,11.9875]]]}},{"type":"Feature","properties":{"name":"Ganzourgou","country":"BF","adm1_code":"BFA-2828","ipc_phase":2,"ipc_label":"Stressed","famine_likely":false},"geometry":{"type":"Polygon","coordinates":[[[-0.616,12.5951],[-0.6045,12.4692],[-0.5282,12.4165],[-0.5132,12.3873],[-0.5169,12.3241],[-0.4774,12.2062],[-0.4229,12.1535],[-0.4211,12.0454],[-0.4555,11.9881],[-0.5967,11.9734],[-0.6947,11.8574],[-0.8092,11.8403],[-0.8329,11.8822],[-0.888,11.8859],[-0.8985,11.9503],[-1.0225,12.0877],[-1.064,12.2123],[-1.0971,12.2417],[-1.0968,12.3077],[-1.1162,12.3304],[-1.1108,12.3721],[-1.0897,12.3789],[-1.0601,12.4477],[-1.08,12.4843],[-1.0362,12.4921],[-1.0124,12.5232],[-0.9792,12.5244],[-0.9103,12.4662],[-0.8493,12.4834],[-0.84,12.5242],[-0.7442,12.5925],[-0.7501,12.6505],[-0.7353,12.6747],[-0.6968,12.6794],[-0.6607,12.6747],[-0.635,12.6448],[-0.616,12.5951]]]}},{"type":"Feature","properties":{"name":"Zoundw\u00e9ogo","country":"BF","adm1_code":"BFA-2831","ipc_phase":2,"ipc_label":"Stressed","famine_likely":false},"geometry":{"type":"Polygon","coordinates":[[[-0.9383,11.8783],[-0.8329,11.8822],[-0.8189,11.8473],[-0.7986,11.8376],[-0.9103,11.7078],[-0.9239,11.6695],[-0.8678,11.5856],[-0.7455,11.5212],[-0.7023,11.5394],[-0.6259,11.5211],[-0.5621,11.4882],[-0.5328,11.4482],[-0.5474,11.367],[-0.5773,11.3777],[-0.6065,11.3661],[-0.7354,11.2732],[-0.7696,11.203],[-0.8186,11.1669],[-0.8789,11.1949],[-0.9728,11.2826],[-0.9843,11.331],[-1.0432,11.3281],[-1.1005,11.3809],[-1.1762,11.4162],[-1.2136,11.4713],[-1.2736,11.476],[-1.3477,11.5841],[-1.3191,11.6788],[-1.2258,11.8322],[-1.1246,11.9104],[-1.073,11.9263],[-0.9383,11.8783]]]}},{"type":"Feature","properties":{"name":"Ziro","country":"BF","adm1_code":"BFA-2821","ipc_phase":2,"ipc_label":"Stressed","famine_likely":false},"geometry":{"type":"Polygon","coordinates":[[[-1.3477,11.5841],[-1.3138,11.5348],[-1.3834,11.4619],[-1.4698,11.4119],[-1.5128,11.3627],[-1.5667,11.3494],[-1.5881,11.3224],[-1.6362,11.363],[-1.6962,11.3669],[-1.7873,11.2965],[-1.8311,11.2908],[-1.8708,11.3462],[-1.9183,11.3587],[-1.9849,11.2866],[-2.0378,11.3042],[-2.0543,11.3382],[-2.1176,11.3765],[-2.1526,11.4298],[-2.1605,11.4758],[-2.1906,11.5042],[-2.2858,11.5164],[-2.3356,11.5453],[-2.35,11.6035],[-2.3401,11.7204],[-2.2232,11.7263],[-2.2396,11.9095],[-2.0975,11.945],[-2.0418,11.9817],[-1.969,11.9049],[-1.867,11.9142],[-1.8129,11.9387],[-1.7889,11.9264],[-1.635,11.7726],[-1.4832,11.6904],[-1.4277,11.6261],[-1.3477,11.5841]]]}},{"type":"Feature","properties":{"name":"Boulkiemd\u00e9","country":"BF","adm1_code":"BFA-2812","ipc_phase":2,"ipc_label":"Stressed","famine_likely":false},"geometry":{"type":"Polygon","coordinates":[[[-2.2813,12.5913],[-2.3103,12.6481],[-2.2722,12.6716],[-2.1775,12.6976],[-2.0873,12.692],[-2.0091,12.7076],[-1.9722,12.672],[-1.9363,12.6727],[-1.9226,12.621],[-1.8293,12.5871],[-1.8064,12.5594],[-1.7899,12.4731],[-1.8719,12.4353],[-1.9217,12.4607],[-1.9856,12.4614],[-2.0193,12.4229],[-2.0777,12.2975],[-2.0264,12.268],[-1.9171,12.3329],[-1.8207,12.3426],[-1.7926,12.259],[-1.7977,12.2227],[-1.8703,12.1449],[-1.9585,12.1023],[-1.9765,12.043],[-2.0442,11.9766],[-2.0975,11.945],[-2.2533,11.9019],[-2.2403,11.965],[-2.3461,11.9387],[-2.4125,11.9903],[-2.4706,12.0038],[-2.4812,12.0386],[-2.4815,12.0601],[-2.4317,12.1082],[-2.4757,12.1555],[-2.3961,12.2251],[-2.4241,12.4265],[-2.4153,12.445],[-2.3488,12.4648],[-2.2594,12.5331],[-2.2222,12.6124],[-2.2339,12.6312],[-2.2813,12.5913]]]}},{"type":"Feature","properties":{"name":"Kadiogo","country":"BF","adm1_code":"BFA-2815","ipc_phase":1,"ipc_label":"Minimal","famine_likely":false},"geometry":{"type":"Polygon","coordinates":[[[-1.0978,12.2598],[-1.0621,12.2049],[-1.0762,12.1701],[-1.2808,12.1235],[-1.3264,12.1396],[-1.4117,12.1093],[-1.4423,12.1812],[-1.4594,12.1944],[-1.5156,12.192],[-1.5696,12.1423],[-1.6797,12.0913],[-1.7146,12.0572],[-1.8039,12.0814],[-1.8703,12.1449],[-1.7934,12.2389],[-1.8207,12.3426],[-1.6809,12.3979],[-1.7208,12.5632],[-1.6209,12.5931],[-1.5957,12.6731],[-1.5568,12.6235],[-1.5649,12.5395],[-1.4837,12.5654],[-1.4538,12.5322],[-1.4722,12.4597],[-1.3957,12.4643],[-1.3257,12.5014],[-1.2704,12.4865],[-1.2485,12.4375],[-1.2699,12.3345],[-1.2044,12.2889],[-1.1235,12.2541],[-1.0978,12.2598]]]}},{"type":"Feature","properties":{"name":"Oubritenga","country":"BF","adm1_code":"BFA-2816","ipc_phase":2,"ipc_label":"Stressed","famine_likely":false},"geometry":{"type":"Polygon","coordinates":[[[-0.9103,12.4662],[-0.9792,12.5244],[-1.0124,12.5232],[-1.0362,12.4921],[-1.08,12.4843],[-1.0601,12.4477],[-1.0897,12.3789],[-1.1108,12.3721],[-1.1162,12.3304],[-1.0968,12.3077],[-1.0978,12.2598],[-1.1235,12.2541],[-1.2044,12.2889],[-1.2699,12.3345],[-1.2485,12.4375],[-1.2704,12.4865],[-1.3257,12.5014],[-1.3957,12.4643],[-1.4722,12.4597],[-1.4499,12.5131],[-1.4837,12.5654],[-1.5649,12.5395],[-1.5568,12.6235],[-1.5957,12.6731],[-1.6042,12.721],[-1.6485,12.7376],[-1.6644,12.8648],[-1.7315,12.9007],[-1.6647,12.9277],[-1.627,12.9252],[-1.4857,12.8652],[-1.3722,12.858],[-1.3483,12.8234],[-1.2175,12.7774],[-1.1717,12.7433],[-1.1337,12.6864],[-1.1537,12.6434],[-1.1443,12.6321],[-1.1322,12.6304],[-1.1124,12.6732],[-1.0303,12.6657],[-0.9869,12.6432],[-0.9206,12.5619],[-0.84,12.5242],[-0.8493,12.4834],[-0.9103,12.4662]]]}},{"type":"Feature","properties":{"name":"Gourma","country":"BF","adm1_code":"BFA-2184","ipc_phase":2,"ipc_label":"Stressed","famine_likely":false},"geometry":{"type":"Polygon","coordinates":[[[-0.1103,11.9229],[-0.1055,12.0058],[-0.0825,12.0486],[0.0306,12.0979],[0.0277,12.1248],[-0.0846,12.2307],[0.0094,12.3278],[0.0694,12.3331],[0.1465,12.3713],[0.253,12.373],[0.4792,12.513],[0.5946,12.4398],[0.6542,12.3295],[0.6772,12.3163],[0.7349,12.3483],[0.7626,12.4071],[0.8259,12.4682],[0.8328,12.5048],[0.8542,12.5064],[0.8808,12.5907],[0.9592,12.6086],[1.012,12.6699],[1.1037,12.6557],[1.1303,12.6817],[1.1564,12.75],[1.2688,12.7737],[1.2726,12.6685],[1.2427,12.5551],[1.1998,12.4715],[1.2186,12.3174],[1.2007,12.2302],[1.2237,12.1782],[1.3311,12.1393],[1.3302,12.1084],[1.2941,11.8445],[1.2678,11.765],[1.2299,11.7165],[1.2044,11.7385],[1.1643,11.7397],[1.1032,11.8335],[1.0438,11.8391],[1.0138,11.8793],[0.9694,11.9],[0.8638,11.9181],[0.7227,11.8103],[0.7201,11.7564],[0.6965,11.7374],[0.5703,11.6996],[0.5294,11.6597],[0.4476,11.6612],[0.3157,11.7394],[0.2237,11.7466],[0.1732,11.7765],[0.1019,11.7852],[0.0735,11.7472],[0.0497,11.75],[0.0148,11.8445],[-0.0321,11.8541],[-0.0648,11.8764],[-0.075,11.9102],[-0.1103,11.9229]]]}},{"type":"Feature","properties":{"name":"Gnagna","country":"BF","adm1_code":"BFA-2874","ipc_phase":3,"ipc_label":"Crisis","famine_likely":false},"geometry":{"type":"Polygon","coordinates":[[[-0.0846,12.2307],[-0.1835,12.2729],[-0.1452,12.388],[-0.2239,12.4367],[-0.2346,12.4772],[-0.1966,12.6042],[-0.2222,12.7093],[-0.1989,12.7879],[-0.3048,12.8547],[-0.3223,12.8806],[-0.366,12.9908],[-0.3604,13.0782],[-0.3019,13.191],[-0.3139,13.2281],[-0.2762,13.3567],[-0.2945,13.4158],[-0.23,13.4717],[-0.1719,13.5714],[-0.0581,13.5419],[0.0615,13.5782],[0.0696,13.4997],[0.1215,13.4484],[0.1838,13.3404],[0.2462,13.2825],[0.2572,13.2469],[0.302,13.2084],[0.4325,13.1676],[0.5965,12.9722],[0.5596,12.9489],[0.5488,12.9014],[0.4736,12.8632],[0.2879,12.9118],[0.2758,12.8488],[0.2473,12.8098],[0.3011,12.7341],[0.349,12.4439],[0.253,12.373],[0.1465,12.3713],[0.0694,12.3331],[0.0094,12.3278],[-0.0846,12.2307]]]}},{"type":"Feature","properties":{"name":"Baz\u00e9ga","country":"BF","adm1_code":"BFA-2814","ipc_phase":2,"ipc_label":"Stressed","famine_likely":false},"geometry":{"type":"Polygon","coordinates":[[[-1.0623,12.1837],[-1.0344,12.1495],[-1.0225,12.0877],[-0.8985,11.9503],[-0.888,11.8859],[-0.9383,11.8783],[-1.073,11.9263],[-1.1246,11.9104],[-1.2258,11.8322],[-1.3191,11.6788],[-1.3477,11.5841],[-1.4277,11.6261],[-1.4832,11.6904],[-1.635,11.7726],[-1.7889,11.9264],[-1.8129,11.9387],[-1.867,11.9142],[-1.969,11.9049],[-2.0418,11.9817],[-1.9765,12.043],[-1.9585,12.1023],[-1.8943,12.1431],[-1.8703,12.1449],[-1.8039,12.0814],[-1.7146,12.0572],[-1.6797,12.0913],[-1.5696,12.1423],[-1.5156,12.192],[-1.4594,12.1944],[-1.4423,12.1812],[-1.4117,12.1093],[-1.3264,12.1396],[-1.2808,12.1235],[-1.2363,12.1429],[-1.1318,12.1533],[-1.0623,12.1837]]]}},{"type":"Feature","properties":{"name":"Kourw\u00e9ogo","country":"BF","adm1_code":"BFA-2813","ipc_phase":2,"ipc_label":"Stressed","famine_likely":false},"geometry":{"type":"Polygon","coordinates":[[[-1.8719,12.4353],[-1.8021,12.4574],[-1.7899,12.4731],[-1.7966,12.5244],[-1.8293,12.5871],[-1.9226,12.621],[-1.9273,12.6623],[-1.9639,12.7238],[-1.961,12.7609],[-1.8609,12.8699],[-1.7315,12.9007],[-1.6644,12.8648],[-1.6485,12.7376],[-1.6042,12.721],[-1.5963,12.7039],[-1.6209,12.5931],[-1.7208,12.5632],[-1.6809,12.3979],[-1.8207,12.3426],[-1.9171,12.3329],[-2.0264,12.268],[-2.0777,12.2975],[-2.0193,12.4229],[-1.9856,12.4614],[-1.9217,12.4607],[-1.8719,12.4353]]]}},{"type":"Feature","properties":{"name":"Nayala","country":"BF","adm1_code":"BFA-2807","ipc_phase":2,"ipc_label":"Stressed","famine_likely":false},"geometry":{"type":"Polygon","coordinates":[[[-2.6371,12.7362],[-2.7477,12.6219],[-2.7513,12.5918],[-2.7204,12.5116],[-2.7643,12.4348],[-2.8406,12.3669],[-2.8648,12.3925],[-2.8864,12.3932],[-2.9567,12.3479],[-3.0976,12.4199],[-3.159,12.5092],[-3.1665,12.5018],[-3.1892,12.527],[-3.2484,12.5297],[-3.2582,12.6862],[-3.3164,12.6723],[-3.3406,12.6312],[-3.3648,12.6347],[-3.3606,12.6638],[-3.4004,12.7399],[-3.4293,12.7497],[-3.3875,12.8787],[-3.3115,12.9279],[-3.2737,12.9828],[-3.1915,12.9994],[-3.1469,12.9467],[-3.0828,12.9493],[-3.0377,12.9276],[-3.0016,12.9531],[-2.9704,12.9537],[-2.8583,12.8974],[-2.7958,12.8999],[-2.7399,12.9354],[-2.6902,12.927],[-2.7108,12.8084],[-2.6371,12.7362]]]}},{"type":"Feature","properties":{"name":"Passor\u00e9","country":"BF","adm1_code":"BFA-2817","ipc_phase":2,"ipc_label":"Stressed","famine_likely":false},"geometry":{"type":"Polygon","coordinates":[[[-2.4112,12.6967],[-2.5066,12.7045],[-2.511,12.7265],[-2.4865,12.7744],[-2.5104,12.8132],[-2.535,12.8117],[-2.6371,12.7362],[-2.7108,12.8084],[-2.6859,12.9705],[-2.5279,12.9582],[-2.4461,12.9702],[-2.4177,12.9784],[-2.3699,13.0292],[-2.2365,13.0913],[-2.129,13.0643],[-2.0902,13.0294],[-2.0182,13.0294],[-1.9796,13.0709],[-1.9218,13.0662],[-1.895,13.1269],[-1.8703,13.1415],[-1.8295,13.0979],[-1.742,13.1224],[-1.6439,13.0294],[-1.6208,13.0346],[-1.6147,13.0173],[-1.5893,13.0232],[-1.557,12.9971],[-1.5025,12.994],[-1.5589,12.8999],[-1.6647,12.9277],[-1.8609,12.8699],[-1.961,12.7609],[-1.9639,12.7238],[-1.9411,12.6773],[-1.9532,12.6689],[-2.0091,12.7076],[-2.0873,12.692],[-2.1775,12.6976],[-2.4372,12.6157],[-2.4575,12.6346],[-2.4112,12.6967]]]}},{"type":"Feature","properties":{"name":"Zondoma","country":"BF","adm1_code":"BFA-2818","ipc_phase":2,"ipc_label":"Stressed","famine_likely":false},"geometry":{"type":"Polygon","coordinates":[[[-2.129,13.0643],[-2.2365,13.0913],[-2.3699,13.0292],[-2.4177,12.9784],[-2.5279,12.9582],[-2.6859,12.9705],[-2.6961,13.0196],[-2.6829,13.0858],[-2.549,13.0906],[-2.4526,13.2247],[-2.4426,13.2531],[-2.4618,13.2648],[-2.5422,13.2661],[-2.5906,13.2931],[-2.5173,13.3153],[-2.4397,13.3757],[-2.4007,13.3884],[-2.3767,13.3662],[-2.2363,13.3328],[-2.1614,13.3224],[-2.1113,13.3424],[-2.0897,13.3361],[-2.0664,13.2629],[-2.1039,13.1945],[-2.0988,13.155],[-2.1448,13.1113],[-2.1493,13.0809],[-2.129,13.0643]]]}},{"type":"Feature","properties":{"name":"Namentenga","country":"BF","adm1_code":"BFA-2824","ipc_phase":3,"ipc_label":"Crisis","famine_likely":false},"geometry":{"type":"Polygon","coordinates":[[[-0.6137,12.5058],[-0.616,12.5951],[-0.635,12.6448],[-0.6726,12.6763],[-0.6757,12.7386],[-0.7838,12.8987],[-0.8114,12.9818],[-0.7895,13.0003],[-0.7212,12.9601],[-0.6813,12.9855],[-0.6764,13.1442],[-0.65,13.2547],[-0.6884,13.4303],[-0.7237,13.4761],[-0.7503,13.6416],[-0.7379,13.6739],[-0.6928,13.6988],[-0.6727,13.7324],[-0.6567,13.885],[-0.6083,13.9226],[-0.5517,13.899],[-0.4665,13.8177],[-0.4447,13.7394],[-0.3683,13.6514],[-0.3287,13.6309],[-0.2196,13.6165],[-0.2454,13.5316],[-0.222,13.4884],[-0.2945,13.4158],[-0.2803,13.3166],[-0.3139,13.2281],[-0.3019,13.191],[-0.3105,13.163],[-0.3604,13.0782],[-0.366,12.9908],[-0.3048,12.8547],[-0.1989,12.7879],[-0.2222,12.7093],[-0.1966,12.6042],[-0.2074,12.5605],[-0.3891,12.4689],[-0.4376,12.4667],[-0.6137,12.5058]]]}},{"type":"Feature","properties":{"name":"Sanmatenga","country":"BF","adm1_code":"BFA-2825","ipc_phase":3,"ipc_label":"Crisis","famine_likely":false},"geometry":{"type":"Polygon","coordinates":[[[-0.6726,12.6763],[-0.7353,12.6747],[-0.7501,12.6505],[-0.7442,12.5925],[-0.84,12.5242],[-0.8697,12.5309],[-0.9206,12.5619],[-0.9869,12.6432],[-1.0303,12.6657],[-1.1124,12.6732],[-1.1322,12.6304],[-1.1443,12.6321],[-1.1537,12.6434],[-1.1337,12.6864],[-1.1717,12.7433],[-1.2175,12.7774],[-1.3483,12.8234],[-1.3722,12.858],[-1.4857,12.8652],[-1.5526,12.9041],[-1.5025,12.994],[-1.5217,13.0779],[-1.488,13.11],[-1.3759,13.1405],[-1.2993,13.1354],[-1.3028,13.2045],[-1.2769,13.2868],[-1.3582,13.4233],[-1.3212,13.4939],[-1.3358,13.562],[-1.289,13.6501],[-1.3331,13.739],[-1.1519,13.7614],[-0.8519,13.8513],[-0.642,13.9709],[-0.6083,13.9226],[-0.6567,13.885],[-0.6727,13.7324],[-0.6928,13.6988],[-0.7379,13.6739],[-0.7503,13.6416],[-0.7237,13.4761],[-0.6884,13.4303],[-0.65,13.2547],[-0.6764,13.1442],[-0.6813,12.9855],[-0.7212,12.9601],[-0.7895,13.0003],[-0.8114,12.9818],[-0.7838,12.8987],[-0.6757,12.7386],[-0.6726,12.6763]]]}},{"type":"Feature","properties":{"name":"Bam","country":"BF","adm1_code":"BFA-2811","ipc_phase":3,"ipc_label":"Crisis","famine_likely":false},"geometry":{"type":"Polygon","coordinates":[[[-1.6439,13.0294],[-1.742,13.1224],[-1.7205,13.2023],[-1.7464,13.2593],[-1.7944,13.2775],[-1.8401,13.3406],[-1.8393,13.464],[-1.8787,13.5639],[-1.8678,13.6058],[-1.833,13.6344],[-1.7308,13.6817],[-1.747,13.7293],[-1.6969,13.8256],[-1.6564,13.8571],[-1.6159,13.8614],[-1.5348,13.9027],[-1.5106,13.8328],[-1.4731,13.7919],[-1.337,13.7449],[-1.2984,13.6838],[-1.289,13.6501],[-1.3358,13.562],[-1.3212,13.4939],[-1.3582,13.4233],[-1.2769,13.2868],[-1.3028,13.2045],[-1.2993,13.1354],[-1.3759,13.1405],[-1.488,13.11],[-1.5217,13.0779],[-1.5025,12.994],[-1.557,12.9971],[-1.5893,13.0232],[-1.6147,13.0173],[-1.6208,13.0346],[-1.6439,13.0294]]]}}]}
