ward_code,ward,lga,state,worldpop_total,meta_total,meta_u5,grid3_v3_total,worldpop_u5,grid3_v3_u5
RVSNDN06,Ikuru,Andoni,Rivers,9590.7,37716.6,4829.2,5517.0,3664.9,774
RVSABM17,Aktward 17,Akuku Toru,Rivers,1408.0,16155.7,1932.4,1744.9,1342.3,323
RVSABM01,Aktward 1,Akuku Toru,Rivers,4334.9,54431.2,6511.3,3888.8,6545.5,681
CRSANA12,Ward 12,Calabar South,Cross River,9354.5,33145.1,3952.0,8946.6,3042.9,1107
BYSSPR09,Koluama,Southern Ijaw,Bayelsa,12183.2,34245.7,4174.1,13623.2,3514.8,2328
BYSSPR07,Foropa,Southern Ijaw,Bayelsa,27827.9,62527.2,7642.3,28177.9,6849.0,4627
CRSKTA02,Ikot Edem Odo,Akpabuyo,Cross River,24490.1,44568.7,5447.8,9638.0,5128.7,1208
CRSBKS10,Atai Ema,Bakassi,Cross River,2403.6,5569.4,623.8,1281.1,1307.1,173
BYSBRS10,Sangana,Brass,Bayelsa,7151.9,18669.1,2210.6,7363.2,1982.2,1355
BYSBRS03,Brass 3,Brass,Bayelsa,4621.7,9340.8,1105.9,3435.0,1273.3,460
BYSKMR01,Iduwini 1,Ekeremor,Bayelsa,19574.8,45276.2,6037.0,19166.5,7675.1,3548
RVSBNY09,Boward 9,Bonny,Rivers,4037.0,7188.0,780.2,5429.2,860.7,879
RVSDEG03,Deward 3,Degema,Rivers,2391.6,10702.3,1285.5,2286.6,1271.6,456
RVSDEG01,Deward 1,Degema,Rivers,2129.0,7856.4,943.7,2769.2,494.1,377
RVSDEG04,Deward 4,Degema,Rivers,2024.3,9780.4,1174.8,2615.8,588.5,394
RVSDEG13,Deward 13,Degema,Rivers,5521.7,29822.1,3582.1,6306.8,1793.1,999
RVSNDN07,Samaga,Andoni,Rivers,15872.8,42566.0,5333.1,10321.7,4653.7,1456
RVSDEG06,Deward 6,Degema,Rivers,3541.9,11584.1,1391.4,2918.0,1518.2,449
AKSRNN04,Esuk Oro,Oron,Akwa Ibom,3258.2,15823.4,1830.9,2164.1,1893.2,302
AKSRNN06,Uko Uyikim,Oron,Akwa Ibom,14653.2,87220.1,10132.8,15802.7,7768.6,2012
AKSRNN05,Anamfa,Oron,Akwa Ibom,9008.9,88649.4,10154.8,4135.3,8875.8,526
AKSKRT06,Elekpom,Eastern Obolo,Akwa Ibom,3972.1,7136.4,898.0,4286.3,939.2,603
DTSBUR08,Ojobo,Burutu,Delta,5499.5,18421.8,2369.5,6502.0,1584.9,1220
AKSBYF01,Eyonsek,Udung Uko,Akwa Ibom,3577.2,5454.1,655.1,1306.1,740.5,162
AKSENW06,Effiat 1,Mbo,Akwa Ibom,5060.0,7420.2,898.4,4240.2,1057.5,630
AKSKRT09,Iko,Eastern Obolo,Akwa Ibom,1158.8,3200.3,407.9,1083.9,590.4,145
AKSKRT08,Okoroiyong,Eastern Obolo,Akwa Ibom,11586.2,21907.8,2792.1,6793.9,2517.3,865
AKSKRT04,Okoromboko,Eastern Obolo,Akwa Ibom,2887.4,6539.1,833.3,2664.9,878.9,374
AKSPNG09,Iwuopom Opolom,Ibeno,Akwa Ibom,2443.7,3908.4,459.8,2298.4,416.9,285
AKSPNG10,Iwuoachang,Ibeno,Akwa Ibom,6457.0,8705.2,1022.3,7410.8,763.6,993
AKSBYF04,Eyobiosio,Udung Uko,Akwa Ibom,5699.4,8509.1,1035.5,3321.9,1097.8,411
AKSKRT05,Okoro Ete,Eastern Obolo,Akwa Ibom,8065.9,17474.1,2219.5,7194.7,2365.7,1030
RVSNDN10,Ataba 2,Andoni,Rivers,25842.3,79334.1,9822.0,23290.0,10937.2,3739
CRSANA09,Ward 9,Calabar South,Cross River,15340.9,15381.5,1757.4,31461.0,1719.5,4444
CRSANA08,Ward 8,Calabar South,Cross River,7804.6,9809.3,1120.7,18931.9,870.3,2623
CRSANA05,Ward 5,Calabar South,Cross River,7886.3,7459.3,852.2,15601.5,879.4,2466
CRSANA04,Ward 4,Calabar South,Cross River,9279.5,9120.9,1042.1,17482.4,1066.4,2520
CRSANA02,Ward 2,Calabar South,Cross River,10511.2,11186.0,1278.0,17148.1,1249.6,2258
BNSMKD04,Central / South Mission,Makurdi,Benue,20476.4,13461.8,2032.0,16947.2,3155.3,2404
ANSAWK11,Awka V 3 / Agu Oka,Awka South,Anambra,6265.8,1996.8,211.3,11814.5,640.7,1789
OSSOSO13,Jagun 3 / Otun Hagun B,Osogbo,Osun,2700.2,3137.5,378.8,11025.5,314.5,1458
ANSJJT11,Oba 3 / Nnobi 1,Idemili South,Anambra,21818.1,18941.9,2095.9,30053.5,2411.4,4497
OSSOSO12,Jagun 2 / B,Osogbo,Osun,7717.6,6101.1,765.6,9895.8,1042.0,1314
ANSNSH08,Army Barracks / Inland Town 2,Onitsha North,Anambra,35637.1,15354.5,1753.2,53491.3,4086.0,8463
OYSOLE07,Molete,Orelope,Oyo,3073.8,3133.1,378.0,2519.9,532.6,356
CRSCAL07,Ikot Ishie / Six,Calabar Municipal,Cross River,20926.3,24154.7,3174.0,34413.7,2977.8,4715
OYSISW10,Oritamerin / Ward 12 SW9 2,Ibadan South West,Oyo,3036.4,5549.8,672.9,4391.9,548.0,630
OYSISW01,Agbokojo / Ward 11 SW9,Ibadan South West,Oyo,9072.9,14937.7,1811.1,9695.0,1764.7,1396
CRSCAL02,Edim Otop / Two,Calabar Municipal,Cross River,9673.9,8485.9,969.5,15960.7,1117.8,2287
OSSOSO01,Akepe / Eketa,Osogbo,Osun,6867.3,8465.3,1064.5,10330.7,996.6,1362
ANSNSH14,Water Works / Water-side Central 2,Onitsha North,Anambra,3765.4,1488.7,167.3,7218.9,410.2,1107
NISBDA09,Masaga B / Masaga  2,Bida,Niger,15856.6,20427.2,3966.6,25075.1,6483.1,5470
NASKEF01,Angwan-Rimi,Keffi,Nasarawa,11493.8,9436.0,1617.9,17580.5,2233.8,3873
OGSABS11,Iporo / Sodeke / Sale-Ijeun 1,Abeokuta South,Ogun,12156.4,10152.8,1438.1,18627.0,2398.6,2988
ANSFGG06,Fegge 3,Onitsha South,Anambra,987.0,617.4,70.3,1781.6,108.8,308
OGSABS06,Ibara 2,Abeokuta South,Ogun,17209.3,15718.0,2222.6,26477.7,2825.2,3425
OGSABS10,Ijeun Titun / Ago-Egun / Ijesa,Abeokuta South,Ogun,22099.3,25433.8,3601.1,35333.4,3086.6,4211
OGSABS14,Kuto / Imo / Isabo,Abeokuta South,Ogun,3904.4,4048.2,573.4,6588.8,567.8,874
ABSGWB13,Umuarukwu / Ward Six,Ugwunagbo,Abia,10802.5,10299.8,1267.4,4550.4,1359.3,736
ANSNSH13,Umudei / Inland Town 1,Onitsha North,Anambra,3609.1,523.6,59.6,7932.6,398.0,1553
ANSNSH12,Umuaselle / Inland Town 3,Onitsha North,Anambra,2531.4,1270.3,144.5,5165.7,278.9,906
NISBDA06,Masaba A / Masaga 1,Bida,Niger,11228.0,54653.4,10612.8,17140.9,4367.4,3782
CRSCAL09,Kasuk / Seven,Calabar Municipal,Cross River,26110.7,26117.1,3206.4,40087.0,3272.9,5345
OSSOSO15,Popo / Otun Jagun 'A',Osogbo,Osun,11385.8,10146.0,1273.5,16526.5,1524.0,2292
ANSNSH03,Emmanuel Church / Inland Town 6,Onitsha North,Anambra,4101.2,692.6,78.3,8026.9,448.5,1501
ANSZBL11,Orumba / Ozubulu  1,Ekwusigo,Anambra,17889.6,21502.5,2440.5,21390.6,2076.4,3188
NISBDA12,Umaru Majagi A / Umaru Majigi  1,Bida,Niger,12961.3,38161.9,7410.3,18667.1,4980.8,3663
CRSCAL10,Big Qua / Four,Calabar Municipal,Cross River,22996.5,19422.7,2219.1,30001.6,2910.8,3877
DTSAYB08,Owa-Alero / Owa 2,Ika North East,Delta,10919.1,12451.1,1492.9,18085.0,1367.9,2681
DTSAYB10,Owanta / Owa  5,Ika North East,Delta,10804.6,8236.5,1009.6,21296.6,1310.9,3708
DTSAYB03,Boji-Boji Owa 2 / Owa 4,Ika North East,Delta,6486.8,5780.1,708.5,12859.4,783.4,2034
RVSRGM06,Usomili O / Omoku Town 4,Ogba/Egbema/Ndoni,Rivers,5518.8,6935.0,886.8,9584.0,858.5,1895
RVSRGM02,Ahiahu / Omuku Town,Ogba/Egbema/Ndoni,Rivers,1720.9,2205.8,282.1,3170.1,290.0,818
AKSKET02,Urban 2,Eket,Akwa Ibom,35707.1,38833.7,4805.7,47040.8,4808.6,6074
OSSIDN11,Oke-Iroko / Eesa Ikirun,Ifelodun,Osun,5546.6,4616.5,566.1,11922.7,658.7,2033
AKSKTE04,Ikot Ekpene Urban / Ikot Ekpene 1,Ikot Ekpene,Akwa Ibom,41507.4,49880.1,5426.5,56532.0,4513.0,7182
AKSKTE10,Ikot Inyang / Ikot Ekpene 6,Ikot Ekpene,Akwa Ibom,30430.9,43495.3,4731.9,44172.4,3468.6,5779
AKSKTE02,Nsiak / Ikot Ekpene 4,Ikot Ekpene,Akwa Ibom,23405.0,11425.8,1306.0,17285.0,2574.0,2140
AKSKTE11,Uruaobo / Ikot Ekpene 5,Ikot Ekpene,Akwa Ibom,18035.1,18367.7,2021.5,22951.5,1981.4,2880
OSSION02,Afolu / Elerin A,Irepodun,Osun,12429.9,19090.0,2325.9,14073.7,2472.1,1926
OSSION04,Aromiwe / Olobu D,Irepodun,Osun,16126.8,23430.7,2928.3,16467.6,2567.5,2244
OSSION05,Balogun Jagba / Elerin D,Irepodun,Osun,5564.8,8276.3,1045.1,5211.4,761.0,682
OGSABS07,Igbore / Ago Oba,Abeokuta South,Ogun,6375.6,5891.8,834.5,10128.7,1071.2,1530
LASAON03,Agboju and Environ,Amuwo Odofin,Lagos,7706.1,7775.1,829.2,12810.9,801.4,1737
LASSMU05,Bashua East and West,Shomolu,Lagos,1728.0,5616.4,629.6,2912.0,752.2,545
ANSHAL17,Umuhu / Ubahuezi and Ubahu Ward,Ihiala,Anambra,19150.1,24298.8,2547.4,28859.2,1951.5,4324
OSSIWO02,Gidigbo 2,Iwo,Osun,2989.3,2975.6,364.0,5201.4,516.7,1482
ANSABN17,Nimo 3,Njikoka,Anambra,7588.5,9339.7,1095.9,12075.2,865.0,1810
IMSMGD09,Awo 3,Oru East,Imo,6555.1,5873.4,635.9,13247.8,683.9,1913
ANSABN11,Enugu Ukwu 3,Njikoka,Anambra,9427.5,10439.6,1222.0,10511.4,1100.3,1600
ANSABN03,Abagana 3,Njikoka,Anambra,11002.6,11204.9,1314.7,15887.7,1265.5,2362
ANSAWK08,Awka 3,Awka South,Anambra,10909.0,1434.8,151.7,23959.1,1115.5,3798
OSSICL04,Ilare 3,Ife Central,Osun,8727.4,8781.7,1043.0,27620.0,1002.3,4698
OSSICL08,Iremo 3,Ife Central,Osun,6771.2,9807.3,1137.6,21914.0,783.8,2948
KWSFUF03,Akanbi 3,Ilorin South,Kwara,91841.1,94727.3,14917.1,124386.5,15454.2,21213
KN3809,Unguwa Uku Kauyen Alu,Tarauni,Kano,17879.9,14893.1,2753.2,31283.0,3571.9,11429
KN1209,Sabon Gari West,Fagge,Kano,15074.6,23786.4,4636.2,22025.3,5659.5,4125
ANSNNE05,Otolo 3,Nnewi North,Anambra,13546.5,12776.3,1362.7,18181.5,1396.2,2694
ANSUKP04,Amichi 3,Nnewi South,Anambra,37868.0,35277.5,3901.4,32150.5,4096.5,4756
ANSUKP15,Ukpor 3,Nnewi South,Anambra,11860.3,10502.8,1101.1,12698.8,1204.5,1897
IMSWER12,Ikenegbu 3,Owerri Municipal,Imo,10230.9,11565.0,1160.5,13562.0,1248.6,2160
ANSUKP10,Ezinifite 3,Nnewi South,Anambra,6518.4,6356.2,666.4,6627.6,662.7,980
ANSFGG03,Bridge Head 3,Onitsha South,Anambra,1462.3,861.3,105.7,1674.6,202.9,278
ABSUMA19,Urban 3,Umuahia North,Abia,12147.4,13855.5,1536.6,19052.0,1332.1,3245
ANSNEN09,Agulu 3,Anaocha,Anambra,16504.5,2395.2,253.2,14736.7,1739.7,2180
ANSFGG13,Odoakpu 3,Onitsha South,Anambra,1127.5,138.3,15.8,2193.4,124.3,373
ANSATN12,Okpoko 3,Ogbaru,Anambra,4173.7,8955.1,1139.6,6949.4,929.0,1377
EBSHKW39,Wigbeke 3,Ohaukwu,Ebonyi,4311.2,3278.8,492.9,6423.6,629.2,1097
ANSAWK15,Nibo 2,Awka South,Anambra,8904.7,2904.3,307.0,12787.6,910.5,1893
OYSODS06,Ijeru 2,Ogbomosho South,Oyo,4582.4,3579.2,396.5,8703.9,502.1,1706
ANSABN14,Nawfia 2,Njikoka,Anambra,8474.9,6278.4,665.2,13854.7,872.5,2063
OSSIWO12,Oke Adan 2,Iwo,Osun,16006.3,16692.2,2041.9,26516.1,2225.8,5024
ANSABN10,Enugu Ukwu 2,Njikoka,Anambra,9531.5,11657.2,1367.3,12208.0,1138.2,1876
OSSICL03,Ilare 2,Ife Central,Osun,6198.2,6892.7,818.6,20920.5,711.8,3436
ANSAWK07,Awka 2,Awka South,Anambra,10867.6,14024.1,1482.4,21946.3,1111.3,3613
ANSAWK02,Amawbia 2,Awka South,Anambra,4520.5,694.3,73.4,11151.9,462.2,1778
ANSABN06,Abba 2,Njikoka,Anambra,5115.9,7125.5,836.1,8394.0,609.0,1311
EDSUSL09,Ogida 2,Egor,Edo,44976.9,60269.3,7560.3,64937.2,7844.4,10103
ODSANE04,Ikado 2,Akoko North East,Ondo,34908.5,51801.1,6040.8,31152.6,4611.1,4320
OSSIWO05,Isale Oba 2,Iwo,Osun,3009.4,2932.6,358.7,4459.1,420.8,811
ABSACH02,Arochukwu 2,Arochukwu,Abia,12178.7,22004.1,2490.2,8441.6,1690.5,1365
LASEOA12,Ikoyi 2,Eti Osa,Lagos,9202.6,6384.6,677.8,12538.0,1045.2,1437
OYSISN03,Ekunle 1,Iseyin,Oyo,1670.8,1126.8,139.7,1159.1,204.0,163
LASMUN04,Babalosa 2,Mushin,Lagos,4160.0,13361.2,1480.0,7312.0,1918.3,1334
LASAMO03,Abesan 2,Alimosho,Lagos,8432.4,17234.5,2461.7,14102.7,2934.7,2085
OGSIUE11,Porogun 2,Ijebu Ode,Ogun,24820.8,23139.7,3142.9,43696.6,3341.9,5550
KWSFUF10,Okaka 2,Ilorin South,Kwara,2560.0,2823.6,426.8,4220.1,621.8,799
KWSFUF07,Balogun Fulani 2,Ilorin South,Kwara,1728.0,1756.2,265.5,2618.3,431.6,508
KWSKEY04,Are 2,Ilorin East,Kwara,53413.4,53556.2,8179.5,50559.7,9881.8,8589
KWSKEY06,Gambari 2,Ilorin East,Kwara,6309.4,6737.0,1030.3,9917.6,1240.3,1827
EKSIEN05,Odose 2,Ise/Orun,Ekiti,10328.0,7028.0,864.4,14599.0,2077.2,3094
IMSUMD02,Amandugba 2,Isu,Imo,30766.8,32936.6,3970.6,24399.7,4212.0,3523
ANSAJL16,Oko 2,Orumba North,Anambra,13050.9,3134.0,342.1,16536.3,1381.6,2474
ABSKPU15,Ngwaukwu 2,Isiala-Ngwa North,Abia,6940.8,2555.7,294.7,8059.0,774.1,1317
IMSAFR12,Okirika-Nweke 2,Ahiazu-Mbaise,Imo,7305.9,11032.8,1326.1,7658.6,855.1,1103
ANSNEN16,Neni 2,Anaocha,Anambra,10966.0,10790.8,1229.3,10212.6,1263.0,1513
ABSNGK03,Abayi 2,Obi Nwga,Abia,28675.9,35538.3,4196.9,64769.9,3283.7,10605
ANSJJT03,Awka Etiti 2,Idemili South,Anambra,11124.6,13706.1,1523.4,16082.2,1202.1,2378
ANSNNE02,Nnewichi 2,Nnewi North,Anambra,22082.5,23958.3,2680.9,34489.8,2764.6,5532
IMSMGD02,Akata 2,Oru East,Imo,7212.9,7243.9,796.0,12145.8,763.4,1741
ANSNEN08,Agulu 2,Anaocha,Anambra,23594.7,13791.3,1524.4,20723.8,2568.3,3077
IMSAWD15,Umuhuokabia 2,Orsu,Imo,8437.7,9621.9,1139.3,18650.1,965.7,2679
ANSNEN04,Adazi Ani 2,Anaocha,Anambra,14483.2,10521.5,1198.6,14138.8,1648.6,2095
ANSAGU19,Umuchu 2,Aguata,Anambra,16352.0,35794.0,4124.4,12288.4,1839.4,1819
IMSMGD06,Amiri 2,Oru East,Imo,36250.5,35529.6,3914.1,66425.4,3874.4,9568
ANSAGU02,Achina 2,Aguata,Anambra,26948.9,10485.7,1162.4,31795.8,2920.1,4713
ANSFGG16,Odoakpu 6,Onitsha South,Anambra,1788.6,701.4,79.9,3668.1,197.2,670
ANSAJL08,Nanka 2,Orumba North,Anambra,13795.7,23967.5,2616.4,14568.8,1468.1,2154
OYSINW09,Inalende,Ibadan North West,Oyo,2781.9,4673.9,592.5,5061.4,600.3,1073
ANSAGU17,Uga 2,Aguata,Anambra,30199.7,43332.1,4803.7,32616.4,3253.6,4832
IMSAFR09,Ogbe 2,Ahiazu-Mbaise,Imo,23843.8,13987.8,1672.2,24987.2,2799.0,3629
IMSAWD09,Okwuamaraihe 2,Orsu,Imo,9417.1,10185.0,1205.9,20844.0,1077.8,2993
ABSEZA07,Ogbor 2,Aba North,Abia,29963.4,25993.9,3058.4,51215.7,3593.1,8739
ANSAGU07,Ekwulobia 2,Aguata,Anambra,38416.8,60762.9,6683.9,49135.6,4169.9,7296
IMSAMG07,Amaigbo 2,Nwangele,Imo,18866.8,27782.1,3559.7,11526.2,3669.5,1666
ANSNEN01,Adazi Enu 2,Anaocha,Anambra,18980.5,10119.2,1156.1,11607.9,2321.8,1715
ANSNEN14,Ichida 2,Anaocha,Anambra,17000.6,18788.5,2140.4,15266.5,1925.3,2256
IMSWER11,Ikenegbu 2,Owerri Municipal,Imo,11256.2,14602.0,1465.8,12665.1,1159.6,1936
IMSNKR08,Owerre Nkwoji 2,Nkwerre,Imo,11286.6,11620.5,1291.3,9907.2,1314.3,1437
ANSAGU09,Ezinifite 2,Aguata,Anambra,22935.3,23826.0,2641.3,15966.7,2491.6,2360
ANSFGG05,Fegge 2,Onitsha South,Anambra,1210.7,829.8,94.5,1845.7,133.5,301
ANSFGG12,Odoakpu 2,Onitsha South,Anambra,2404.4,207.5,23.6,4023.6,265.2,663
ANSFGG17,Odoakpu 7,Onitsha South,Anambra,1468.1,1146.0,130.5,2764.7,161.9,437
ANSUKP03,Amichi 2,Nnewi South,Anambra,23912.1,32519.0,3676.5,30886.1,2624.6,4568
ANSFGG02,Bridge Head 2,Onitsha South,Anambra,1326.7,1440.2,174.4,2108.3,218.8,332
IMSWER02,Aladinma 2,Owerri Municipal,Imo,15851.5,24575.1,2496.8,23667.7,1736.6,3534
ANSATN11,Okpoko 2,Ogbaru,Anambra,2240.0,3358.2,427.4,3576.6,549.0,874
EDSBEN09,Ikpema,Oredo,Edo,1115.1,547.6,72.6,2760.6,143.2,455
ANSNEN02,Adazi Nnukwu 2,Anaocha,Anambra,11371.6,13269.7,1511.7,13184.7,1291.3,1982
ABSEZA10,Osusu 2,Aba North,Abia,7913.4,11112.4,1297.3,12754.5,1471.9,2241
ANSFGG10,Fegge 7,Onitsha South,Anambra,2644.7,983.0,111.9,4769.0,291.7,814
ANSNNE04,Otolo 2,Nnewi North,Anambra,10198.3,12995.5,1455.8,15718.2,1143.4,2337
12503,Gamboru B,Ngala,Borno,1984.0,9756.1,2022.2,9250.0,2366.8,2167
ANSUKP14,Ukpor 2,Nnewi South,Anambra,29038.5,32113.4,3785.0,31042.1,3362.6,4594
12405,Gamboru,Maiduguri,Borno,12159.7,25203.2,4625.3,19878.7,6164.2,4659
ANSAGU11,Igbokwu 2,Aguata,Anambra,23250.9,30097.3,3321.3,31915.3,2521.1,4786
ANSNNE07,Umudim 2,Nnewi North,Anambra,48969.7,46763.5,5804.9,65405.4,6314.9,9962
ANSFGG15,Odoakpu 5,Onitsha South,Anambra,1611.0,177.8,20.3,2724.8,177.7,446
ANSFGG08,Fegge 5,Onitsha South,Anambra,2822.0,1911.6,217.7,4122.9,351.7,683
ANSGDD06,Nkpor Agu 2,Idemili North,Anambra,30573.3,36116.5,4041.7,59440.2,3309.5,9203
ENSNKW06,Abakpa 2 / Ugwogo / Federal Housing,Enugu East,Enugu,23558.0,52425.8,6767.2,31072.1,5048.2,5334
OYSIBAN06,Igangan 4,Ibarapa North,Oyo,1801.9,1987.0,249.4,2595.5,345.9,384
ANSATN13,Okpoko 4,Ogbaru,Anambra,9520.4,9097.6,1157.7,11946.7,1696.9,1923
IMSWER06,Azuzi 4,Owerri Municipal,Imo,5485.7,6333.9,635.6,5944.8,574.3,882
ANSAWK04,Awka 6,Awka South,Anambra,13158.4,15412.6,1629.2,27670.5,1345.5,5629
ANSFGG09,Fegge 6,Onitsha South,Anambra,1157.4,711.3,81.0,2179.3,127.6,366
ANSATN15,Okpoko 6,Ogbaru,Anambra,25587.8,48096.7,6097.5,27326.1,5576.4,4933
ABSUMA20,Urban 5,Umuahia North,Abia,13928.5,20151.5,2234.8,25654.9,1561.6,4556
ANSAWK10,Awka 5,Awka South,Anambra,34828.1,55296.7,6523.5,48602.8,4076.8,7434
LASEOA05,Apese / 6 Extension,Eti Osa,Lagos,17469.7,13995.1,1485.8,30689.3,1863.1,3628
41409,Nasarawa,Funtua,Katsina,7449.7,8882.5,1783.4,12709.3,2061.1,4538
ANSUKP17,Ukpor 5,Nnewi South,Anambra,18169.2,14262.1,1495.2,17386.0,1845.1,2573
OSSIWO01,Gidigbo 1,Iwo,Osun,3424.2,3534.9,432.4,6237.6,517.2,1439
OSSILA05,Isedo 1,Ila,Osun,3432.1,3253.1,408.5,8098.1,418.5,1583
ABSUMA15,Ugba Urban 4,Umuahia North,Abia,8534.2,13628.7,1511.5,14312.7,961.3,2567
LASIKA08,Ojodu,Ikeja,Lagos,16972.6,28538.8,2920.7,28508.0,2779.7,4314
OSSIWO11,Oke Adan 1,Iwo,Osun,576.0,580.8,71.0,1008.0,102.8,288
OSSIWO08,Molete 1,Iwo,Osun,1600.0,1699.3,207.9,3136.0,280.0,823
KWSFUF06,Balogun Fulani 1,Ilorin South,Kwara,2688.0,2672.2,403.9,4374.6,675.9,877
ANSAWK01,Amawbia 1,Awka South,Anambra,4160.6,381.8,40.4,9629.6,425.4,1550
EDSUSL05,Uselu 1,Egor,Edo,10789.1,9459.3,1211.8,20241.3,1764.6,3175
EDSUSL07,Ogida 1,Egor,Edo,33852.5,37240.5,4672.3,48463.4,6685.9,7623
ODSANE05,Ilepa 1,Akoko North East,Ondo,2776.5,3516.4,410.1,4515.4,508.7,792
LASEOA20,Victoria Island,Eti Osa,Lagos,17288.5,12062.1,1280.6,22954.6,1911.4,2555
KWSKEY03,Are 1,Ilorin East,Kwara,4489.3,4875.0,736.9,6887.2,1114.8,1479
IMSNKR07,Owerre Nkwoji 1,Nkwerre,Imo,3768.4,4708.5,522.2,4272.7,485.1,678
LASEOA11,Ikoyi 1,Eti Osa,Lagos,36117.9,37677.4,4032.7,50703.6,5349.2,5879
LASSUE21,Sanusi 1,Surulere,Lagos,3840.0,13048.8,1445.4,7192.4,1449.6,1051
LASMUN03,Babalosa 1,Mushin,Lagos,3776.0,12447.2,1382.1,6290.9,1643.7,1070
LASAMO02,Abesan 1,Alimosho,Lagos,5855.1,11128.1,1589.5,8258.6,2080.8,1144
KWSFUF09,Okaka 1,Ilorin South,Kwara,3995.6,4155.9,628.2,5744.6,936.7,1048
KWSKEY12,Zango 1,Ilorin East,Kwara,8177.2,8404.9,1276.9,12214.0,1741.4,2296
KWSKEY05,Gambari 1,Ilorin East,Kwara,3279.3,3414.0,516.0,5090.7,789.3,1084
ANSAGU16,Uga 1,Aguata,Anambra,23697.2,41105.5,4556.4,26411.5,2538.3,3914
IMSRRT15,Orji 1 and 2,Owerri North,Imo,51806.1,52839.8,6099.7,80154.9,6020.1,12184
IMSRRT11,Obibi 1,Owerri North,Imo,23726.5,29917.7,3372.8,33493.7,2629.1,4998
IMSUMD06,Ekwe 1,Isu,Imo,32301.9,45439.5,5703.3,23259.6,5842.2,3366
ANSNNE06,Umudim 1,Nnewi North,Anambra,27906.9,27465.1,3311.2,35554.9,3311.6,5267
ABSABA07,Eziukwu 1 / 2,Aba South,Abia,25769.0,62427.6,6689.8,32783.5,6604.0,5589
IMSURU10,Osina 1 and 2,Ideato North,Imo,17920.9,18838.3,2249.6,22258.5,2070.4,3201
ANSNEN17,Nri 1,Anaocha,Anambra,6332.1,3316.6,378.0,5168.7,815.3,773
ANSAGU08,Ezinifite 1,Aguata,Anambra,27357.0,43665.1,4840.6,25470.1,2941.4,3778
ANSUKP08,Ezinifite 1,Nnewi South,Anambra,7223.4,7161.3,750.8,8920.5,733.1,1318
ANSNEN03,Adazi Ani 1,Anaocha,Anambra,55589.9,55815.8,6358.6,53640.2,6358.1,7954
ANSAGU06,Ekwulobia 1,Aguata,Anambra,27011.1,62538.6,6848.0,53142.2,2875.5,7901
IMSRRT04,Egbu 1 and 2,Owerri North,Imo,13686.8,15302.7,1743.8,20800.7,1542.6,3409
IMSWER14,New Owerri 1,Owerri Municipal,Imo,27314.6,25633.2,3039.4,80555.9,3204.6,12251
ANSATN10,Okpoko 1,Ogbaru,Anambra,9740.5,9097.6,1157.7,12242.7,1970.0,2144
ANSABN15,Nimo 1,Njikoka,Anambra,12327.2,8507.7,998.3,15589.0,1427.6,2394
ANSNEN15,Neni 1,Anaocha,Anambra,29186.0,29971.8,3414.4,27149.7,3292.7,4020
IMSUMD01,Amandugba 1,Isu,Imo,19976.1,27118.2,3492.6,12011.9,4260.6,1731
IMSMGD05,Amiri 1,Oru East,Imo,10906.1,9673.1,1046.6,18243.6,1135.9,2615
OYSONA11,Oremeji,Ona Ara,Oyo,36700.6,77427.8,10756.5,59769.6,10405.6,9717
OYSATA06,Aremo,Atiba,Oyo,26670.5,36837.9,4755.7,43290.0,5021.1,6414
IMSNGB13,Ubulu 1 and 2,Oru West,Imo,26272.3,29850.9,3365.9,26744.8,2869.5,3837
ANSAJL15,Oko 1,Orumba North,Anambra,12549.9,5531.8,603.9,19520.2,1328.6,2938
IMSAFR11,Okirika-Nweke 1,Ahiazu-Mbaise,Imo,14482.4,6953.2,835.8,13455.8,1732.7,1948
IMSUML12,Osu-Owerre 1,Isiala Mbano,Imo,6276.2,4116.7,493.4,7048.7,734.3,1014
ANSNEN13,Ichida 1,Anaocha,Anambra,18103.1,21940.5,2499.5,17386.2,2041.9,2575
IMSETU12,Onicha 1,Ezinihitte,Imo,40992.1,57712.2,6596.9,35372.3,4602.3,5122
ABSNGK02,Abayi 1,Obi Nwga,Abia,7961.4,10427.9,1231.5,18842.9,911.7,3054
50603,Gwadangwaji,Birnin Kebbi,Kebbi,40980.2,40941.7,7956.5,34876.4,7926.9,6972
ANSJJT05,Nnobi 1,Idemili South,Anambra,44076.0,41687.6,4640.9,50894.4,4957.7,7544
ANSNNE03,Otolo 1,Nnewi North,Anambra,8237.0,9636.3,1027.7,14668.6,848.4,2230
ABSEZA06,Ogbor 1,Aba North,Abia,9579.9,8894.4,1045.8,16289.2,1167.8,2872
IMSNSA12,Umuaka 1,Njaba,Imo,34615.1,35370.4,4111.7,38788.4,4184.5,5661
IMSMGD01,Akata 1,Oru East,Imo,13494.7,12124.3,1311.8,20521.8,1405.3,2940
ANSAGU18,Umuchu 1,Aguata,Anambra,39339.5,19363.9,2213.9,41150.0,4392.5,6135
ANSNEN07,Agulu 1,Anaocha,Anambra,6198.7,2557.2,270.3,6057.5,633.8,895
OYSOGN04,Isale Afon,Ogbomosho North,Oyo,1962.6,1414.0,156.6,3642.2,224.8,664
ANSAGU01,Achina 1,Aguata,Anambra,25306.0,6610.5,747.1,25571.7,2779.6,3799
ANSGDD05,Nkpor Agu 1,Idemili North,Anambra,19794.6,15233.7,1704.8,30057.9,2146.2,4612
ABSABA13,Ngwa 1 / 2,Aba South,Abia,15452.1,21192.8,2414.0,23053.1,2738.7,4291
ANSNEN05,Adazi Enu 1,Anaocha,Anambra,13892.3,16724.5,1905.3,14456.5,1565.3,2151
ANSUKP02,Amichi 1,Nnewi South,Anambra,27418.4,29184.5,3238.1,27921.3,3007.9,4136
IMSAMG01,Abajah 1,Nwangele,Imo,27904.6,30867.4,3755.9,22865.2,3559.4,3324
IMSNWA09,Ogwa 1,Mbatoli,Imo,20852.4,18563.0,2222.2,26912.6,2418.6,3906
IMSWER01,Aladinma 1,Owerri Municipal,Imo,6464.4,7670.9,770.0,6985.9,666.4,1005
CRSDUK08,Odot,Odukpani,Cross River,6041.1,9217.7,1179.4,2102.8,785.6,247
ANSAGU10,Igbokwu 1,Aguata,Anambra,33148.6,34616.2,3837.4,33501.9,3620.3,4956
ANSFGG04,Fegge 1,Onitsha South,Anambra,1880.5,617.4,70.3,3063.0,207.4,541
ANSFGG11,Odoakpu 1,Onitsha South,Anambra,2421.5,790.3,90.0,4596.3,267.0,752
IMSWER10,Ikenegbu 1,Owerri Municipal,Imo,21385.8,23977.5,2406.1,27239.7,2649.0,4342
ABSUMA02,Afugiri 1,Umuahia North,Abia,4350.5,3062.8,343.7,6776.8,486.1,1222
IMSKED06,Atta 1,Ikeduru,Imo,13651.0,19116.5,2129.8,16535.5,1464.9,2379
IMSWER03,Azuzi 1,Owerri Municipal,Imo,25054.9,23532.2,2361.4,26952.6,2864.5,4249
ABSEZA09,Osusu 1,Aba North,Abia,3559.9,4526.9,535.2,5660.5,615.9,992
ANSAJL07,Nanka 1,Orumba North,Anambra,27915.9,9316.9,1017.3,37310.6,2964.0,5514
ABSKPU14,Ngwaukwu 1 / Abayi / Amaorji,Isiala-Ngwa North,Abia,18549.3,10382.4,1197.3,17449.5,2069.9,2843
IMSNGB05,Mgbidi 1 and 2,Oru West,Imo,27636.5,26234.2,3115.7,37248.8,3182.9,5386
IMSAFR08,Ogbe 1,Ahiazu-Mbaise,Imo,22982.7,35510.9,4268.4,27188.4,2719.5,4002
IMSNSA05,Atta 1,Njaba,Imo,16304.1,13701.3,1495.3,26086.2,1727.4,3769
ANSUKP13,Ukpor 1,Nnewi South,Anambra,42855.9,37297.6,4160.9,46291.5,4662.7,6845
ANSJJT04,Awka Etity 1,Idemili South,Anambra,15468.5,19859.1,2240.7,21274.6,1710.0,3180
ANSGDD10,Ogidi 1,Idemili North,Anambra,36058.3,66507.4,7582.4,50461.7,4433.5,7545
ANSNNE08,Uruagu 1,Nnewi North,Anambra,46362.4,49676.5,6259.7,72481.0,6290.7,11143
ANSNNE01,Nnewichi 1,Nnewi North,Anambra,33778.5,33568.5,3746.6,43771.6,3735.9,6542
OYSOGN05,Jagun,Ogbomosho North,Oyo,913.3,541.3,60.0,1406.0,109.9,255
ANSJJT09,Oba 1,Idemili South,Anambra,22505.2,29548.6,3290.6,26667.5,2520.2,3960
ENSUWN04,Achara 1,Enugu South,Enugu,24001.2,43162.1,5221.0,26676.3,3882.4,4264
LASIKA06,G R A,Ikeja,Lagos,31761.3,120568.0,14338.0,40783.8,13871.8,4790
ABSEZA11,St Eugene,Aba North,Abia,2399.9,3112.1,360.3,3121.1,406.3,558
OSSILA02,Eyindi,Ila,Osun,2348.8,2216.2,278.3,5442.3,286.4,1044
12406,Hausari,Maiduguri,Borno,4634.9,7058.5,1293.6,10963.5,1751.1,2755
12404,Fezzan,Maiduguri,Borno,1010.2,1091.4,200.1,2464.0,382.4,1080
OSSBOLUW07,Oke Ode,Boluwaduro,Osun,1447.2,2780.3,351.5,2610.0,272.6,517
OYSOSO04,Agoro,Olorunsogo,Oyo,3341.3,4994.7,604.4,3217.5,504.2,468
EBSAFK33,Ohaisu B,Afikpo North,Ebonyi,12778.0,28184.0,3185.3,14348.7,2175.0,3004
OYSONA09,Olorunsogo,Ona Ara,Oyo,12154.7,29643.2,4174.5,14949.8,3515.8,2138
OYSSWT01,Adabo,Saki West,Oyo,10847.9,11168.8,1470.1,14255.8,1699.8,2077
OYSOGN01,Aaje / Ogunbado,Ogbomosho North,Oyo,19303.8,16995.5,1882.6,41028.6,2151.0,7517
OYSOET03,Alaodi,Oyo East,Oyo,5673.5,5730.8,728.4,9841.3,851.4,1538
OYSOET07,Balogun,Oyo East,Oyo,10100.1,15000.1,1882.9,10420.1,1984.9,1490
12415,Shehuri South,Maiduguri,Borno,2688.0,5022.5,921.7,4093.4,1579.8,1668
12409,Gwange 3,Maiduguri,Borno,20152.6,47411.6,8701.0,29891.3,11191.7,6847
OYSODS01,Akata,Ogbomosho South,Oyo,3540.1,2589.1,292.2,6167.1,415.8,1186
OYSOWT02,Akeetan,Oyo West,Oyo,13932.1,10470.5,1342.3,27131.4,1733.0,4307
LASIKA16,Orile Ikeja,Ikeja,Lagos,4918.0,8770.6,918.8,7990.9,1016.2,1084
GMSGME04,Bolari West,Gombe,Gombe,12168.8,9285.6,1822.2,23436.3,2356.0,7485
OSSIRE10,Sango,Irewole,Osun,41653.9,81408.2,9940.2,61688.6,5396.1,9476
OYSODS08,Isoko,Ogbomosho South,Oyo,883.5,676.6,75.0,1901.5,110.9,393
GMSGME06,Herwa Gana,Gombe,Gombe,2656.3,2116.7,415.4,5996.0,511.8,1864
OSSICL11,Moreojaja,Ife Central,Osun,4381.8,4914.1,583.6,14703.9,503.2,2421
KN2105,Kan Karofi,Kano Municipal,Kano,6208.0,24805.7,4503.9,9077.3,5383.3,3667
KN3801,Babban Giji,Tarauni,Kano,14410.9,25612.2,4258.5,21540.5,6208.6,6058
KN2109,Tudun Nufawa,Kano Municipal,Kano,2368.0,17273.7,3187.7,4363.9,2988.8,2822
10506,Gur,Biu,Borno,15247.7,12958.4,2467.5,15311.3,2861.7,2302
OGSOGU03,Idowa,Odogbolu,Ogun,9119.7,10281.2,1269.8,15460.3,1088.4,1863
71507,Lantewa,Tarmuwa,Yobe,14267.1,5323.9,955.4,15495.1,2525.5,2469
EKSEKW03,Ifakin,Ekiti South-West,Ekiti,25906.3,45248.1,5241.3,19048.5,5148.0,3371
10605,Korongillum,Chibok,Borno,10427.3,8719.0,1732.8,7043.9,2038.8,1033
10508,Miringa,Biu,Borno,24820.8,25821.9,4916.8,28510.9,5070.2,5393
62007,Lamba Tureta,Tureta,Sokoto,16049.7,23389.1,4909.5,11633.1,3258.8,2058
60705,Gigane,Gwadabawa,Sokoto,30184.6,25941.7,5381.8,24006.3,6253.4,4416
62005,Kuruwa,Tureta,Sokoto,4619.4,3891.2,800.2,2219.5,942.3,392
61305,Lajinge,Sabon Birni,Sokoto,19606.7,26871.0,5557.2,22506.1,4000.9,4001
61908,Salewa,Tangaza,Sokoto,10598.4,9081.2,1857.6,10425.4,2137.9,1910
OSSBOE02,Araromi,Boripe,Osun,11634.0,13285.3,1629.2,29624.5,1381.6,4596
OSSIEW06,Ilaje,Ilesha West,Osun,32875.6,37352.1,4382.1,54783.0,3861.6,7672
OYSEGA08,Olubadan,Egbeda,Oyo,27416.0,97978.3,12993.9,34512.9,12339.2,5529
BNSMKD11,Wailomayo,Makurdi,Benue,23040.7,32315.8,4878.0,38591.1,3395.9,5443
BA0213,Dan Kade,Bauchi,Bauchi,8037.5,6663.0,1270.3,14602.2,1601.1,5149
EBSAKL15,Izzi Unuhu,Abakaliki,Ebonyi,11922.7,5692.3,906.1,16229.5,1851.6,2780
BA0218,Makama B,Bauchi,Bauchi,15555.5,12581.3,2398.7,27069.7,3139.3,8447
JI1304,Kasuwar Kofa,Hadejia,Jigawa,768.0,1974.6,398.7,1680.0,440.3,1010
JI0911,Zango,Gumel,Jigawa,4829.6,9539.4,1914.8,7250.1,2361.2,2444
BA1101,Jama'are A,Jama'Are,Bauchi,5102.2,8778.2,1749.3,6577.7,1497.7,1551
BA0203,Makama A,Bauchi,Bauchi,15341.3,12100.0,2306.9,27244.5,3110.1,8567
BA0201,Dan Amar A,Bauchi,Bauchi,7853.2,6817.7,1299.8,12591.4,1517.6,4360
EBSUGB05,Echiaba,Ebonyi,Ebonyi,15667.3,30609.3,5567.0,33061.5,2786.0,5652
KN2111,Yakasai,Kano Municipal,Kano,5101.4,31062.9,5699.4,7846.4,5245.6,3985
NASLFA13,Zanwa,Lafia,Nasarawa,26024.5,21987.7,4135.1,41940.0,4921.2,8882
NASDMA07,Madauchi,Doma,Nasarawa,15469.1,6077.4,1209.3,22712.2,3681.7,5049
NASKEF02,Gangaren-Tudu,Keffi,Nasarawa,11124.1,8901.5,1526.3,18996.4,2078.2,4327
NASKEF09,Tudun-Kofa,Keffi,Nasarawa,4841.8,4782.8,820.1,6228.9,842.6,1155
NASNSW07,Nasarawa Central,Nasarawa,Nasarawa,17055.1,17355.1,3304.7,23521.8,3264.2,4801
JI1301,Atafi,Hadejia,Jigawa,1344.0,2943.3,594.3,1675.9,730.4,919
KN0712,Yalwa,Dala,Kano,5184.0,37643.6,6946.7,8474.4,6282.6,3225
KN3804,Gyadi Gyadi Arewa,Tarauni,Kano,2496.0,4137.9,673.6,4000.2,911.6,1402
BA0215,Hardo,Bauchi,Bauchi,4509.3,3540.6,675.0,8098.7,907.3,2962
KN3805,Gyadi Gyadi Kudu,Tarauni,Kano,3840.0,6271.5,1020.9,5966.9,1478.7,2019
KN1810,Sani Mai Nagge,Gwale,Kano,13312.0,70753.4,12566.0,21693.3,13351.0,6421
KN3808,Unguwa Uku Cikin Gari,Tarauni,Kano,6925.6,6316.5,1153.8,11487.5,1441.1,5272
NASLFA08,Gayam,Lafia,Nasarawa,34617.6,29568.8,5560.9,41261.5,6749.7,7226
KGSERE12,Oke Egbe 3,Yagba West,Kogi,2131.8,1205.8,212.9,2891.5,647.3,584
NASKEF07,Liman-Abaji,Keffi,Nasarawa,6635.4,5538.5,949.7,10291.9,1177.6,2192
EBSAKL01,Abakpa,Abakaliki,Ebonyi,4319.6,1153.4,209.8,8868.8,768.1,1554
KN0706,Gwammaja,Dala,Kano,9894.5,16260.5,3145.0,15847.1,4418.6,5963
KN2108,She She,Kano Municipal,Kano,1536.0,11081.2,2044.9,2464.0,1824.7,1702
KN1202,Fagge B,Fagge,Kano,2176.0,16187.3,2987.2,3615.1,2671.7,1521
KN1204,Fagge D1,Fagge,Kano,832.0,6572.7,1212.9,1680.0,991.0,755
KN1804,Galadanchi,Gwale,Kano,2432.0,14261.3,2605.1,3584.0,2524.0,2499
KN0711,Madigawa,Dala,Kano,2112.0,16404.6,3027.3,3808.0,2787.4,2202
KN1201,Fagge A,Fagge,Kano,12874.6,36966.2,6557.5,14460.9,7267.1,2486
KN2708,Kurun Sumau,Kura,Kano,6564.4,10490.0,1977.4,10372.2,2350.0,5172
KN4211,Zango,Ungogo,Kano,31610.8,30641.9,6234.8,58444.7,7232.4,29508
KN0708,Kantudu,Dala,Kano,1216.0,8799.8,1623.9,2016.0,1553.3,1259
KN0704,Dogon Nama,Dala,Kano,3584.0,26725.3,4931.9,6339.7,3979.9,2628
BNSMKD02,Ankpa / Wadata,Makurdi,Benue,24959.6,17088.8,2579.5,38386.8,4127.5,6001
KN3803,Daurawa,Tarauni,Kano,7123.8,11498.1,1875.0,10589.2,1946.6,2929
KN3107,Hotoro South,Nassarawa,Kano,19821.3,23961.7,4538.0,29696.7,5292.2,9289
KN3104,Giginyu,Nassarawa,Kano,87066.9,133345.9,22076.2,112968.4,24392.8,32780
KN2101,Chedi,Kano Municipal,Kano,1088.0,8419.6,1553.7,2016.0,1237.4,1299
KN3102,Gama,Nassarawa,Kano,9496.7,9005.3,1832.3,16951.3,2219.4,8305
JI0910,Kofar Yamma,Gumel,Jigawa,2880.0,5934.0,1191.1,4910.5,1255.3,1623
KN1203,Fagge C,Fagge,Kano,6108.6,36541.5,6718.8,7673.5,6382.8,1606
EBSUGB10,Kpiri-Kpiri,Ebonyi,Ebonyi,13242.0,17005.2,3092.8,29551.0,2354.8,5133
JI1303,Gagulmari,Hadejia,Jigawa,2624.0,7158.1,1445.0,5001.1,1505.3,2204
KN0707,Kabuwaya,Dala,Kano,2688.0,18088.5,3338.0,4056.3,3475.3,1629
KN0701,Adakawa,Dala,Kano,1472.0,10883.3,2011.9,3024.0,1574.8,1862
KGSKNE09,Otutu,Okene,Kogi,4567.8,6635.5,1311.7,6513.5,1562.9,1278
FCTABJ02,Central Abaji,Abaji,Fct,1721.0,2810.6,516.1,2404.6,638.9,385
LASIKA14,Opebi,Ikeja,Lagos,18556.8,54332.2,6590.7,26487.8,7300.6,3167
LASIKA03,Alade,Ikeja,Lagos,3639.1,6201.1,628.0,6400.9,661.6,855
KN1807,Gyaranya,Gwale,Kano,1408.0,10701.0,1974.7,2352.0,1649.9,1694
JI1308,Rumfa,Hadejia,Jigawa,1088.0,2961.9,598.1,2268.1,584.0,1090
KN1805,Goron Dutse,Gwale,Kano,6208.0,36185.4,6672.3,8907.8,5991.7,3439
KN1207,Rijiyar Lemo,Fagge,Kano,7600.7,7259.0,1477.0,12567.7,1898.7,5968
KN1809,Mandawari,Gwale,Kano,1856.0,14557.7,2686.5,3472.0,2163.8,2271
KN2104,Jakara,Kano Municipal,Kano,1088.0,6952.9,1283.1,2128.0,1284.6,1402
FCTABC12,Wuse,Municipal Area Council,Fct,146218.9,148783.5,22115.9,96528.5,28372.0,14242
LASIKA04,Alausa,Ikeja,Lagos,19122.8,33660.2,3572.1,24031.7,3141.1,2998
42101,Arewa 1,Katsina,Katsina,4863.8,5113.3,1008.8,8229.9,1411.3,3232
KN0702,Bakin Ruwa,Dala,Kano,2240.0,16676.2,3077.4,3920.0,2469.2,2647
KN2112,Zaitawa,Kano Municipal,Kano,4672.0,31179.6,5753.8,8032.0,5776.4,3517
BNSMKD05,Clerk / Market,Makurdi,Benue,39355.2,29739.5,4489.1,59601.7,5950.5,8910
KD1908,Muchiya,Sabon Gari,Kaduna,12249.4,12932.6,2231.4,20807.6,2935.0,5900
KN1801,Dandago,Gwale,Kano,2752.0,20207.0,3729.0,4480.0,3208.2,2959
42106,Kudu 1,Katsina,Katsina,10301.0,10702.7,2111.6,16349.1,2852.9,6158
JI1306,Majema,Hadejia,Jigawa,1920.0,4750.3,959.2,2800.0,1122.2,1530
PLSJJN04,Angwan Rogo / Rimi,Jos North,Plateau,19832.0,17443.6,2752.8,41124.4,3065.0,8880
PLSBUU03,Dashonong,Jos South,Plateau,25148.4,24412.5,3852.6,44750.2,3908.7,7726
PLSJJN20,Vandapuye,Jos North,Plateau,3535.6,3240.8,511.4,5880.1,550.6,941
PLSJJN18,Tafawa Balewa,Jos North,Plateau,3352.6,2602.1,410.6,5548.2,538.6,901
PLSJJN01,Abba Nashehu,Jos North,Plateau,3485.7,2469.6,389.7,6259.9,542.8,1515
PLSBUU20,Zawan B,Jos South,Plateau,27857.3,26839.5,4235.7,41508.8,4313.4,6783
PLSBUU07,Gyel A,Jos South,Plateau,20360.7,23555.6,3637.8,26172.7,3508.9,4520
PLSJJN15,Naraguta B,Jos North,Plateau,28554.2,27785.8,4385.0,54352.4,4403.4,9823
PLSJJN07,Ibrahim Katsina,Jos North,Plateau,3148.7,2313.5,365.1,5814.6,499.4,1202
PLSJJN09,Jenta Apata,Jos North,Plateau,16647.5,12811.8,2021.9,30334.1,2664.0,6386
PLSJJN17,Sarki Arab,Jos North,Plateau,2913.2,2006.0,316.6,4774.0,472.7,880
PLSTNK13,Pal,Mikang,Plateau,1479.8,1530.2,245.9,1834.0,232.2,278
PLSJJN08,Jenta Adamu,Jos North,Plateau,22071.3,26655.0,4206.5,40259.7,3401.2,7282
PLSJJN03,Ali Kazaure,Jos North,Plateau,5460.2,4120.8,650.3,10580.7,853.8,2299
PLSBUU09,Howlshe,Jos South,Plateau,10616.6,11993.3,1892.7,20684.0,1632.4,3485
PLSJJN14,Naraguta A,Jos North,Plateau,6424.8,4494.5,709.3,11726.5,1050.5,2549
PLSJJN06,Garba Daho,Jos North,Plateau,3624.9,2640.0,416.6,6412.2,577.8,1323
PLSJJN05,Gangare,Jos North,Plateau,5293.8,5085.9,802.6,10000.2,822.8,1972
KD1903,Chikaji,Sabon Gari,Kaduna,21506.9,24860.4,4289.5,25530.9,3957.3,5503
KD1011,Sabon Gari West,Kaduna South,Kaduna,22275.3,16129.8,3249.5,42425.3,4445.4,11321
KD0910,Unguwar Rimi,Kaduna North,Kaduna,50099.6,66090.2,10581.9,61715.1,11437.9,12239
KD0908,Shaba,Kaduna North,Kaduna,8224.5,13798.8,2237.6,9794.8,2491.8,2035
KD0912,Unguwar Shanu,Kaduna North,Kaduna,18285.0,30449.2,4947.5,25343.5,4450.1,6796
KD0906,Maiburiji,Kaduna North,Kaduna,11167.9,19126.5,3104.2,13676.8,3414.2,2921
KD0911,Unguwar Sarki,Kaduna North,Kaduna,44458.0,66338.1,10662.2,51290.4,8742.0,9320
KD0909,Unguwan Dosa,Kaduna North,Kaduna,17958.4,25040.7,3997.7,27362.9,4519.7,7001
ENSUWN09,Uwani West,Enugu South,Enugu,6794.9,8834.0,986.7,9557.4,875.1,1531
LASSUE20,Ramoni,Surulere,Lagos,4096.0,13289.1,1472.0,6544.2,1748.0,934
KD1910,Unguwar Gabas,Sabon Gari,Kaduna,6055.3,6404.9,1105.1,9801.8,1416.1,2593
KD0207,Narayi,Chikun,Kaduna,49255.3,67997.9,11004.9,69232.9,12031.1,14763
KD1009,Tudun Wada North,Kaduna South,Kaduna,3327.5,4799.9,799.0,5879.9,1236.7,1931
KD1013,Unguwan Sanusi,Kaduna South,Kaduna,14080.8,13878.5,2605.5,24590.7,2828.9,5817
ENSENU02,China Town,Enugu North,Enugu,10317.9,14248.1,1503.9,13938.4,1120.1,2436
KD1012,Television,Kaduna South,Kaduna,14732.4,25599.9,4154.9,20852.1,4133.1,5091
KD2310,Tudun Wada,Zaria,Kaduna,19923.8,22140.7,3841.9,30505.5,4399.0,8092
KD1004,Kakuri Hausa,Kaduna South,Kaduna,17364.6,28740.9,4664.6,20099.6,4636.6,4611
ENSENU07,Ogui New Layout,Enugu North,Enugu,9942.3,5207.5,565.5,10616.1,1275.8,1653
KD1006,Sabon Gari North,Kaduna South,Kaduna,13715.2,9125.0,1836.8,24943.6,2798.2,6482
KD0904,Kabala,Kaduna North,Kaduna,48296.3,60680.2,9691.2,53476.0,11162.1,11280
KD1002,Barnawa,Kaduna South,Kaduna,55732.5,87776.1,14221.4,61535.2,15794.3,12225
KD1010,Tudun Wada South,Kaduna South,Kaduna,26988.7,34859.2,5976.7,45514.3,8690.3,11762
KD1008,Tudun Nupawa,Kaduna South,Kaduna,12368.7,20796.5,3384.7,18698.3,4438.5,5201
ENSENU08,Asata,Enugu North,Enugu,11903.7,15597.0,1646.3,17745.5,1316.0,3105
KD0901,Badarawa,Kaduna North,Kaduna,46352.2,57424.5,9311.8,64150.8,10882.9,17173
KD1005,Makera,Kaduna South,Kaduna,30676.3,46156.5,7491.2,30165.1,9179.3,6998
KD1007,Sabon Gari South,Kaduna South,Kaduna,8667.9,5552.2,1118.6,15761.4,1858.2,4545
EBSAKL08,Azuiyiokwu,Abakaliki,Ebonyi,3117.3,1396.9,238.4,4606.2,522.0,787
KWSLRN04,Baboko,Ilorin West,Kwara,7368.1,8311.8,1256.3,12224.7,1726.8,2448
KWSFFA01,Balogun,Offa,Kwara,1738.5,1273.2,243.8,3277.3,325.1,803
KWSFFA06,Ojomo Central A,Offa,Kwara,2340.5,1612.1,308.7,4697.3,437.8,1241
KD0905,Kawo,Kaduna North,Kaduna,31364.5,38346.6,6122.0,41641.8,7882.6,10022
KD1001,Badiko,Kaduna South,Kaduna,19754.9,21160.0,3947.0,38828.0,3921.6,9894
KD1003,Kakuri Gwari,Kaduna South,Kaduna,24008.0,39134.1,6351.4,17739.5,4593.7,4166
KWSFFA10,Shawo Central,Offa,Kwara,2112.0,1368.8,262.1,3919.4,395.0,1043
KWSFUF11,Oka-Ogun,Ilorin South,Kwara,4218.3,4511.7,682.0,6797.0,1057.8,1309
ENSNSK09,Owerre Umuoyo,Nsukka,Enugu,25578.4,21736.9,2439.2,35952.2,3013.2,6003
KD2312,Unguwar Juma,Zaria,Kaduna,9278.9,16236.8,3043.9,15233.7,3447.7,5911
KD2309,Tukur Tukur,Zaria,Kaduna,43208.0,57185.3,10323.0,59590.5,9742.8,13778
ENSENU04,New Haven East / West,Enugu North,Enugu,22668.0,36561.6,3859.2,30578.9,2488.7,4856
KD2307,Kwarbai B,Zaria,Kaduna,23804.5,39240.0,7309.2,38222.9,8076.0,11414
KD2308,Limancin Kona,Zaria,Kaduna,9661.2,17083.4,3202.6,16817.5,3724.8,7628
ENSENU05,Ogui Township,Enugu North,Enugu,8458.2,12674.3,1337.8,12355.3,951.4,2014
KD2306,Kwarbai A,Zaria,Kaduna,42327.7,65952.5,12296.6,57863.9,12625.8,14016
KD2304,Kaura,Zaria,Kaduna,18370.8,31033.2,5817.8,28479.0,5975.8,8350
ENSENU09,Gra East / West /  G.R.A,Enugu North,Enugu,33156.3,41648.4,4400.9,40361.1,3500.3,6276
ENSENU10,Umunevo / Afia Nine,Enugu North,Enugu,17411.2,21073.0,2233.5,21938.5,1910.4,3514
ENSENU11,Onu Asata,Enugu North,Enugu,5862.1,6238.8,658.5,9889.3,718.8,2149
KWSLRN03,Alanamu,Ilorin West,Kwara,7627.4,6993.5,1139.4,19362.5,1719.6,3769
ENSNSK11,Ihe,Nsukka,Enugu,40419.2,42396.1,4757.4,54063.8,4598.4,8811
KWSLRN02,Ajikobi,Ilorin West,Kwara,10836.9,11040.8,1695.4,20271.6,2601.3,3929
KWSLRN07,Ogidi,Ilorin West,Kwara,8704.1,10514.7,1589.3,13043.9,1580.3,2403
KWSLRN05,Badari,Ilorin West,Kwara,5670.5,6396.6,966.9,8802.7,1309.7,1598
KWSLRN08,Oju-Ekun,Ilorin West,Kwara,10812.8,11612.3,1755.2,17705.7,2532.7,3289
IMSTTK10,Umulogho,Obowo,Imo,17746.2,17726.2,2163.9,14932.0,2184.1,2159
KWSKEY07,Ibagun,Ilorin East,Kwara,57430.3,67003.4,10280.2,76930.4,9692.2,13533
EKSADO02,Basiri,Ado-Ekiti,Ekiti,39149.0,43985.5,4793.3,73541.9,4242.1,12253
EKSADO08,Odo Ado,Ado-Ekiti,Ekiti,30039.3,33587.0,3344.2,43889.2,3020.9,7087
EKSADO12,Opopogboro,Ado-Ekiti,Ekiti,59976.4,75688.5,8402.0,135459.7,6604.7,22620
EKSADO03,Ekute,Ado-Ekiti,Ekiti,43969.0,43853.5,4366.5,70383.2,5067.9,14211
IMSRLU11,Okwuabala,Orlu,Imo,8396.1,7161.1,825.8,13919.4,933.9,2024
EKSADO10,Okesa,Ado-Ekiti,Ekiti,45840.7,53210.1,5314.4,72193.0,4623.1,11512
ENSENU13,Independence Layout,Enugu North,Enugu,16325.3,16664.9,1759.1,20321.8,1728.2,3159
ENSBBG10,Ezema,Igbo-Eze-South,Enugu,18844.2,23196.4,2864.8,24316.5,2435.2,4305
DTSSAP05,Ayomanor,Sapele,Delta,15253.0,16112.4,2219.3,19375.9,2432.1,3245
DTSSAP07,Etamua,Sapele,Delta,20036.1,21593.8,2938.6,31379.0,3325.2,6574
ABSSSM02,Amaitolu,Osisioma Ngwa,Abia,54920.0,62604.8,7272.7,54092.3,7068.6,8744
ABSABA01,Aba River,Aba South,Abia,10112.0,27453.1,2927.8,15432.7,2794.8,2921
IMSRLU15,Umuna,Orlu,Imo,28979.0,27354.5,3129.3,38114.3,3190.3,5533
IMSMGD13,Etiti / Abia,Oru East,Imo,11117.3,9295.2,1102.9,14606.8,1275.2,2097
ANSNEN19,Obeledu,Anaocha,Anambra,15808.0,14559.7,1658.6,12159.2,1788.8,1802
IMSNGB10,Ohakpu,Oru West,Imo,9286.0,9491.8,1100.9,9245.1,1044.5,1325
IMSNGB03,Eleh,Oru West,Imo,10887.6,10465.7,1243.1,15222.7,1250.0,2188
IMSURU18,Umuzeaga,Ideato North,Imo,11852.7,16467.4,1877.9,16539.1,1324.3,2383
ABSSSM06,Amavo Etiti,Osisioma Ngwa,Abia,4197.3,4257.6,548.5,3665.3,526.0,591
ABSNGK09,Mgboko Amiri,Obi Nwga,Abia,22201.2,20976.3,2519.5,31043.5,2581.8,5012
IMSRLU08,Obibi / Ogberuru,Orlu,Imo,18242.7,18054.7,2124.0,34604.3,2072.9,5012
IMSAFR14,Oru / Lude,Ahiazu-Mbaise,Imo,13416.4,4257.0,511.7,15608.2,1611.9,2306
ANSAGU14,Nkpologwu,Aguata,Anambra,16667.6,26026.1,2882.1,16966.1,1804.1,2508
IMSUML08,Ogbor,Isiala Mbano,Imo,14806.5,17645.2,2114.9,13796.9,1716.4,1980
ABSMBA04,Amaise Ahaba,Isiala-Ngwa South,Abia,16288.2,10634.2,1281.3,14948.9,1901.5,2429
IMSAFR16,Umunumo / Umuchieze,Ahiazu-Mbaise,Imo,15687.6,24507.6,2945.7,18427.7,1823.6,2650
ANSNEN12,Akwaeze,Anaocha,Anambra,38217.3,47720.0,5420.1,36605.4,4313.2,5423
IMSURU13,Ozuakoli,Ideato North,Imo,30280.0,31400.6,3745.1,31805.2,3492.2,4570
ANSHAL03,Amorka,Ihiala,Anambra,17707.6,14132.7,1596.4,16771.7,1971.6,2488
ABSEZA13,Umuola,Aba North,Abia,8844.3,10204.3,1186.8,11935.8,1499.1,2052
IMSAFR06,Obodo-Ahiara / Ihennworie,Ahiazu-Mbaise,Imo,26051.1,18045.0,2170.8,27285.2,2933.4,3934
IMSTTK01,Achara,Obowo,Imo,14922.3,15909.0,1962.9,13428.9,1805.2,1950
ANSHAL01,Amawu Ward A Ihiala,Ihiala,Anambra,28990.9,33221.6,3669.0,31883.8,3254.1,4739
ANSJJT08,Nnokwa,Idemili South,Anambra,20965.6,22357.2,2530.8,21498.9,2334.6,3180
ABSKKE15,Asa North / Umuiku Isi Asa,Ukwa West,Abia,13334.4,9190.0,1104.4,7549.0,1637.4,1218
ABSKPU09,Eziama Ntigha,Isiala-Ngwa North,Abia,26567.9,34301.8,3764.6,23601.8,2871.4,3812
ABSUMA07,Ibeku West,Umuahia North,Abia,15629.7,16155.8,1791.7,28733.3,1681.0,5039
ANSNSH10,Ugbolieke / Inland Town 4,Onitsha North,Anambra,2358.4,995.0,112.3,4515.1,256.7,759
IMSETU08,Itu,Ezinihitte,Imo,9852.3,10310.3,1168.9,6571.2,1096.0,942
ABSMBA13,Okporo Ahaba,Isiala-Ngwa South,Abia,10843.2,12280.7,1509.5,12341.2,1295.6,1991
IMSRLU02,Amaifeke Ofeahia,Orlu,Imo,18929.6,19030.3,2188.6,40200.9,2099.2,5922
ABSABA05,Elu Ohazu,Aba South,Abia,43410.6,77091.2,8211.1,29480.7,9290.3,4842
ABSSSM11,Mbutu Umuojima,Osisioma Ngwa,Abia,14353.0,19058.9,2499.8,22210.1,1831.4,3595
NISMNA10,T / Wada N,Chanchaga,Niger,23700.9,19326.5,3644.0,46383.3,4486.2,7927
IMSUML02,Amauzari,Isiala Mbano,Imo,35009.4,43116.9,5409.7,24056.2,5097.9,3453
IMSAWD01,Amanachi,Orsu,Imo,5300.8,5000.4,592.1,10072.9,606.7,1444
IMSNWA13,Orodo B,Mbatoli,Imo,22755.0,21178.7,2534.2,24521.9,2632.5,3527
ABSSSM13,Okpu-Umuobo,Osisioma Ngwa,Abia,9652.8,5616.5,727.0,11288.2,1210.6,1821
IMSURU14,Ozuomee,Ideato North,Imo,8002.4,8830.4,1046.3,10850.1,917.0,1568
ABSMBA17,Ovuokwu,Isiala-Ngwa South,Abia,36779.8,36342.9,4367.6,39504.8,4260.0,6377
ABSMBA02,Alaukwu,Isiala-Ngwa South,Abia,8687.9,9535.3,1148.9,9596.3,1013.8,1548
IMSRRT03,Awaka Ihitte,Owerri North,Imo,15394.1,15558.4,1775.8,21045.4,1710.4,3166
ANSHAL09,Lilu,Ihiala,Anambra,26307.2,23239.8,2693.9,39794.5,2961.4,5940
ABSSSM15,Otu-Obi,Osisioma Ngwa,Abia,3424.2,3377.4,443.0,3406.4,436.7,549
IMSABB15,Umunneato,Aboh-Mbaise,Imo,11190.8,9737.4,1128.5,8071.4,1257.8,1157
ABSUMA01,Afaraukwu,Umuahia North,Abia,15986.4,23682.9,2626.5,25726.0,1714.6,4413
ANSAGU04,Akpo,Aguata,Anambra,16601.3,3238.3,358.4,20904.1,1781.8,3092
ABSSSM17,Uratta,Osisioma Ngwa,Abia,41676.5,44633.9,5853.2,50204.3,5319.7,8130
IMSUML15,Umunkwo,Isiala Mbano,Imo,22331.5,25562.2,3065.3,21018.9,2619.6,3023
ABSAPR05,Ezeleke,Umuahia South,Abia,9680.9,6944.0,770.1,12990.5,1046.4,2210
IMSNSA11,Okwudor / Achara,Njaba,Imo,14385.1,15398.7,1791.4,12529.5,1679.0,1795
IMSRRT02,Amakohia / Akwakuma,Owerri North,Imo,15859.5,19446.8,2254.8,43214.3,1840.5,6444
OSSOSO09,Gbonmi,Osogbo,Osun,17341.7,17340.5,2180.2,23997.2,2676.8,3284
IMSURU16,Umukegwu / Umuopia,Ideato North,Imo,19826.8,35732.2,4173.0,22753.1,2294.5,3275
IMSNWA07,Ihitte,Mbatoli,Imo,26678.1,21934.2,2619.5,33254.1,3121.8,4958
ANSUKP06,Ebenator,Nnewi South,Anambra,10917.4,7445.8,780.6,8319.0,1114.0,1229
IMSUMD15,Umundugba / Ezisu,Isu,Imo,24659.4,36775.3,4653.6,17983.1,4490.0,2597
IMSAWD11,Okwufuruaku,Orsu,Imo,7551.8,7879.6,933.0,15239.4,864.3,2182
ANSUKP20,Utuh,Nnewi South,Anambra,37948.3,23384.2,2480.6,29903.2,3934.7,4423
ABSEZA01,Ariaria,Aba North,Abia,22085.2,26699.4,3239.5,31779.0,3426.7,5525
IMSURU09,Obodoukwu,Ideato North,Imo,13987.3,14256.2,1687.8,15387.6,1600.7,2204
ABSAPR01,Ahiaukwu A / Amangwu,Umuahia South,Abia,26158.5,32759.4,3569.6,42690.1,2867.4,7470
ABSABA10,Igwebuike,Aba South,Abia,17344.0,42038.4,4477.5,19377.3,3815.7,3219
IMSMGD04,Amagu,Oru East,Imo,4344.4,5004.2,589.6,7066.4,495.3,1012
ABSGWB11,Owerri Aba / Ward Four,Ugwunagbo,Abia,24616.9,29658.1,3461.2,23360.0,2924.7,3792
ABSKPU04,Ahiabaubi / Umuchima,Isiala-Ngwa North,Abia,13396.9,3223.6,371.8,10404.8,1495.1,1680
NISMNA11,T / Wada S,Chanchaga,Niger,57241.8,54466.4,9421.0,76635.7,11506.7,12971
ABSUMA12,Nkwoegwu,Umuahia North,Abia,10129.6,5216.1,578.5,13207.7,1092.1,2357
ANSAGU13,Isuofia,Aguata,Anambra,14720.4,3054.4,338.6,14988.7,1607.3,2215
IMSURU05,Isiokpo,Ideato North,Imo,5495.0,5887.3,703.0,6889.3,634.8,1000
ABSNGK08,Isiala Itu,Obi Nwga,Abia,8558.0,9655.4,1143.1,16959.6,981.6,2818
IMSAMG14,Isu / Umunakara,Nwangele,Imo,20965.2,22726.5,2764.9,13342.2,2682.8,1915
ABSGWB04,Asa Umunka / Ward Seven,Ugwunagbo,Abia,17257.9,22906.1,2458.1,7855.1,2133.9,1269
IMSRLU09,Okporo Ohaeke,Orlu,Imo,5307.8,5920.3,678.2,10258.0,585.1,1471
ABSSSM03,Amasaa,Osisioma Ngwa,Abia,15370.8,7928.2,1039.9,15571.9,1960.5,2512
IMSURU01,Akpulu,Ideato North,Imo,19724.3,28750.2,3276.9,25974.6,2194.0,3738
IMSNKR04,Nnannano,Nkwerre,Imo,11087.1,10546.6,1198.5,17102.8,1236.3,2536
LASEOA15,Maroko / Okun Alfa,Eti Osa,Lagos,11589.4,11890.6,1262.4,26105.5,1202.3,3261
IMSAMG09,Amaigbo 4,Nwangele,Imo,12735.4,11434.8,1268.1,8728.5,1443.5,1251
IMSNGB09,Nempi,Oru West,Imo,10679.1,11792.6,1331.0,20345.0,1166.6,2919
ANSNEN11,Aguluzigbo,Anaocha,Anambra,19599.9,4189.6,463.4,20853.9,2103.4,3082
IMSETU10,Oboama / Umunama,Ezinihitte,Imo,15452.7,7885.4,918.0,12966.3,1745.6,1868
ABSNGK04,Ahiaba / Abala,Obi Nwga,Abia,45477.0,47228.3,5582.1,89257.9,5211.7,14627
ABSSSM01,Amaise Amapuife,Osisioma Ngwa,Abia,10850.8,10495.3,1376.6,13579.3,1384.3,2190
ANSHAL02,Amawu Ward B Ihiala,Ihiala,Anambra,20418.9,11141.4,1241.3,21729.8,2236.2,3211
EDSBEN12,Unueru / Ogboka,Oredo,Edo,3579.7,1776.5,235.5,8411.8,459.9,1351
IMSNGB04,Ibiasoegbe,Oru West,Imo,37929.6,39704.0,4589.2,45153.9,4270.0,6476
ABSABA02,Aba Town Hall,Aba South,Abia,14658.7,37140.4,3975.3,19679.4,4571.4,3624
ABSNGK06,Akumaimo,Obi Nwga,Abia,31537.7,33105.6,3909.3,57627.0,3611.3,9323
LASSUE04,Akinhanmi Cole,Surulere,Lagos,3456.0,11133.7,1238.8,5489.1,1635.3,803
IMSAFR13,Okirika-Nwenkwo,Ahiazu-Mbaise,Imo,7748.6,5285.8,635.4,8105.9,918.3,1179
IMSNSA04,Amucha,Njaba,Imo,10411.9,11638.6,1351.7,9641.6,1238.5,1396
ABSMBA10,Mbutu Ukwu / Anya Mbutu,Isiala-Ngwa South,Abia,24002.9,8603.9,1003.3,17987.5,2723.2,2904
IMSUMD11,Isuokporo,Isu,Imo,9187.7,8486.6,985.7,4815.1,1087.2,690
IMSIHI10,Okata,Ihitte/Uboma,Imo,15976.8,11970.6,1432.6,13958.0,2010.7,2024
OSSOLA02,Akogun,Olorunda,Osun,26711.8,28022.5,3486.9,44845.1,3253.9,5842
ABSSSM05,Amator,Osisioma Ngwa,Abia,4892.0,2606.0,341.8,4947.3,624.6,798
ABSABA06,Eyimba,Aba South,Abia,11072.0,30277.6,3224.9,17371.1,3890.6,3386
IMSUML01,Amaraku,Isiala Mbano,Imo,29543.3,35240.7,4223.8,30004.3,3477.4,4354
IMSUMD09,Isunjaba,Isu,Imo,28378.6,37369.8,4743.9,11834.4,5571.9,1695
ABSMBA14,Omoba,Isiala-Ngwa South,Abia,10206.5,13158.9,1585.5,12960.6,1191.0,2097
ANSUKP07,Ekwulumili,Nnewi South,Anambra,35638.2,28555.0,3165.5,26711.9,3886.1,3948
ABSSSM12,Ode-Okwu,Osisioma Ngwa,Abia,31357.7,34234.7,4490.4,54578.5,4154.2,9263
IMSURU17,Umuokwara,Ideato North,Imo,14832.0,16388.7,1915.9,16682.4,1693.1,2403
ABSAPR03,Amakama,Umuahia South,Abia,12378.3,13107.6,1420.8,12908.9,1404.2,2173
IMSRLU05,Ihioma / Ebenese,Orlu,Imo,7111.2,7100.5,840.7,15424.0,813.9,2245
ANSNSH15,Woluwo Layout,Onitsha North,Anambra,13931.3,6636.8,813.0,20573.2,2021.8,3194
ANSHAL10,Mbosi,Ihiala,Anambra,25320.8,30940.5,3447.2,25277.9,2770.7,3737
ABSSSM14,Osokwa,Osisioma Ngwa,Abia,67492.6,67209.1,8702.8,92782.4,8635.4,15360
IMSUML16,Umuozu,Isiala Mbano,Imo,19378.1,18981.5,2275.0,22703.6,2243.5,3277
IMSABB12,Nguru Nweke,Aboh-Mbaise,Imo,54853.2,37905.1,4494.4,58480.5,6396.0,8569
ANSAGU05,Amesi,Aguata,Anambra,12995.9,9990.9,1107.6,16970.1,1396.9,2512
ABSMBA09,Mbutu Ngwa,Isiala-Ngwa South,Abia,11902.8,3800.0,459.5,12984.3,1398.2,2094
ANSGDD03,Eziowelle,Idemili North,Anambra,35922.1,31797.6,3720.8,36333.9,4433.8,5394
ANSHAL08,Isseke,Ihiala,Anambra,39738.6,51601.6,5776.5,46014.5,4315.7,6811
ABSAPR07,Nsirimo,Umuahia South,Abia,25313.1,24104.4,2567.9,16516.4,2709.3,2692
ANSHAL12,Ohuowele Ward 3 Okija,Ihiala,Anambra,18076.5,21010.0,2243.9,19445.6,1883.9,2874
ABSAPR13,Ubakala B,Umuahia South,Abia,30348.3,29396.8,3145.6,25023.9,3384.2,4113
IMSKED02,Akabo,Ikeduru,Imo,39770.2,42778.6,5034.9,57754.5,4533.1,8426
IMSNSA08,Egwedu,Njaba,Imo,22165.6,20711.6,2386.9,21679.1,2536.0,3105
ABSEZA02,Asaokpuaja,Aba North,Abia,12555.5,28251.1,3081.9,19676.7,3668.3,3743
ANSHAL14,Ubuliuzor,Ihiala,Anambra,7526.0,8101.4,902.6,6698.3,825.9,990
IMSABB01,Ahiato,Aboh-Mbaise,Imo,33164.0,23165.0,2712.7,38011.4,3719.4,5522
ABSKPU19,Umuoha,Isiala-Ngwa North,Abia,24481.7,9496.7,1095.2,15457.6,2730.3,2493
ANSABN18,Nimo 4,Njikoka,Anambra,15413.7,8707.7,1015.6,14266.8,1773.4,2123
ABSEZA04,Eziama Ward,Aba North,Abia,19118.7,16521.2,1966.1,31138.3,2288.5,5355
IMSNWA06,Ifakala,Mbatoli,Imo,15974.0,13944.4,1669.3,21622.6,1852.2,3127
ABSAPR08,Ogbodi Ukwu,Umuahia South,Abia,6510.8,5388.9,597.6,8885.6,698.1,1462
ABSABA11,Iheorji,Aba South,Abia,16696.8,35463.9,3792.3,15570.1,2536.4,2550
ANSHAL16,Umuaku Ward 2 Uli,Ihiala,Anambra,44950.4,25416.8,2831.8,43927.9,4865.4,6545
ANSAGU03,Aguleze,Aguata,Anambra,6216.5,345.7,37.7,7690.4,658.1,1137
ABSAPR11,Omaegwu,Umuahia South,Abia,26328.9,23592.3,2601.7,25629.7,2880.3,4293
ABSUMA11,Nkwoachara,Umuahia North,Abia,18993.8,9880.6,1101.5,26602.8,2074.5,4504
ANSAGU12,Ikenga,Aguata,Anambra,31490.0,3330.3,369.2,22440.0,3476.7,3316
OSSESH03,Babanla / Agate,Ede South,Osun,8681.9,11220.1,1360.0,30452.3,1023.3,4030
ABSSSM08,Arongwa,Osisioma Ngwa,Abia,16433.6,14171.0,1858.7,17103.6,2096.1,2759
IMSAMG13,Dim Na Nume,Nwangele,Imo,28137.3,31629.7,3856.8,17717.2,3748.3,2561
IMSAMG15,Umuozu,Nwangele,Imo,19772.8,23057.7,2562.7,15310.5,2249.1,2204
IMSAWD04,Ebenator Ward,Orsu,Imo,9301.6,9007.6,1029.7,16055.0,1027.1,2307
IMSEHM02,Nsu A,Ehime-Mbano,Imo,27942.2,31086.8,3740.2,34581.2,3280.9,5124
ABSSSM10,Mbutu Oma,Osisioma Ngwa,Abia,15237.6,20783.3,2726.0,29792.9,1946.2,4813
IMSMGD14,Umuhu / Ozuh,Oru East,Imo,9821.8,8449.4,948.3,14216.2,1059.5,2073
ABSUMA08,Isingwu,Umuahia North,Abia,3250.8,2159.9,239.5,6389.5,347.9,1090
ANSAJL03,Amaokpala,Orumba North,Anambra,12835.4,680.3,74.3,10177.5,1370.8,1504
IMSTTK04,Amuzi,Obowo,Imo,19913.4,30416.2,3689.9,19665.1,2356.0,2848
ANSUKP05,Azigbo,Nnewi South,Anambra,37358.6,39921.2,4506.9,34317.1,4151.0,5072
IMSUMD13,Uburu Ekwe,Isu,Imo,13359.3,14299.5,1685.0,9190.6,1810.6,1316
IMSNWA08,Ogbaku,Mbatoli,Imo,11034.3,10870.0,1304.6,20042.3,1285.0,2961
ENSBBG13,Ovoko Umuelo / Ovoko Agu,Igbo-Eze-South,Enugu,1615.0,349.5,45.5,3046.1,203.4,475
IMSAFR07,Obohia / Ekwereazu Town,Ahiazu-Mbaise,Imo,26483.4,16884.8,2028.6,25445.1,3119.5,3664
OGSINE10,Ogbogbo,Ijebu North East,Ogun,12733.4,20808.4,2596.2,11822.3,1697.7,1412
IMSAFR10,Ogbor / Umueze,Ahiazu-Mbaise,Imo,13401.3,11565.0,1390.1,12878.2,1588.6,1850
ENSBBG16,Ovoko Umulolo,Igbo-Eze-South,Enugu,12425.0,19899.4,2457.7,21378.3,1501.6,3378
IMSNGB02,Amaofuo,Oru West,Imo,9802.6,14265.4,1621.5,14548.0,1077.6,2088
ANSGDD04,Ideani,Idemili North,Anambra,10709.0,9112.8,1052.5,4797.1,1574.1,709
ABSABA12,Mosque,Aba South,Abia,4608.0,13241.2,1410.3,7638.4,1439.3,1489
ABSABA09,Glocester,Aba South,Abia,13810.8,39437.4,4203.4,22896.8,4562.9,4771
ABSABA04,Ekeoha,Aba South,Abia,4224.0,11385.4,1212.7,5776.9,1228.8,980
ABSABA03,Asa,Aba South,Abia,28577.6,61389.4,6538.6,26826.0,6580.7,4383
ABSEZA14,Uratta,Aba North,Abia,7832.7,12092.4,1383.6,10569.2,1262.7,1783
ABSEZA12,Umuogor / Asaokpulor,Aba North,Abia,10948.4,13614.2,1590.5,14318.3,1418.9,2349
RVSAHD02,Aheward 2,Ahoada East,Rivers,1191.3,1529.0,190.9,2057.8,201.7,662
RVSRUM01,Obward 1,Obio/Akpor,Rivers,28511.4,38748.2,4752.1,92990.0,3430.9,13702
RVSRUM10,Obward 10,Obio/Akpor,Rivers,16596.7,19730.1,2419.7,46454.3,1997.2,6765
IMSAFR02,Eziama Oparanadim,Ahiazu-Mbaise,Imo,11448.7,10784.5,1296.3,10364.9,1329.8,1484
ANSNSH01,American Quarters,Onitsha North,Anambra,3134.3,548.3,62.4,5552.7,345.6,909
IMSRLU14,Umudioka,Orlu,Imo,10198.2,9519.4,1092.9,9903.0,1141.0,1419
ABSEZA08,Old Gra,Aba North,Abia,9538.1,11628.9,1349.9,12288.5,1530.7,2140
ABSEZA05,Industrial,Aba North,Abia,12215.8,14720.5,1707.1,14581.1,1714.0,2505
ANSHAL05,Eziama / Ihite Ward 1 Uli,Ihiala,Anambra,26204.4,26035.8,2900.8,23718.9,2873.3,3506
ANSNEN10,Agulu 4,Anaocha,Anambra,24792.6,2680.2,292.3,23164.3,2715.0,3428
IMSAFR05,Nnarambia,Ahiazu-Mbaise,Imo,8058.4,3050.9,366.7,10507.4,985.3,1584
RVSRGM08,Obieti,Ogba/Egbema/Ndoni,Rivers,19818.0,26741.7,3419.6,30391.8,2773.4,4663
ABSSSM16,Umunneise,Osisioma Ngwa,Abia,8226.7,11660.2,1529.3,14027.5,1049.3,2289
ABSAPR10,Old Umuahia,Umuahia South,Abia,10863.9,15402.8,1705.0,17195.2,1177.1,2960
IMSUMG13,Orogwe / Ohii,Owerri West,Imo,10820.7,11291.9,1394.4,33453.5,1288.5,5019
LASIKA11,Olusosun,Ikeja,Lagos,10198.3,28613.0,3491.7,11986.2,3264.0,1507
IMSRLU13,Owerre-Ebeiri,Orlu,Imo,19605.2,20226.4,2313.8,30719.5,2164.8,4436
IMSNWA15,Ubomiri / Egbeada,Mbatoli,Imo,27801.6,25337.0,3042.0,42959.6,3250.5,6525
BYSYEN09,Epie 2,Yenegoa,Bayelsa,107379.4,139718.4,17096.2,198369.5,13157.6,38418
ANSUKP16,Ukpor 4,Nnewi South,Anambra,7894.9,6023.2,631.5,7481.8,801.8,1126
IMSABB13,Nguru Nwenkwo,Aboh-Mbaise,Imo,12924.7,7699.4,923.3,15191.6,1521.7,2308
LASIKA15,Oregun,Ikeja,Lagos,11762.6,36129.2,4408.9,13348.9,3865.9,1687
ANSUKP19,Unubi,Nnewi South,Anambra,31523.3,32397.3,3589.6,21149.4,3437.4,3130
RVSAFM07,Oyward 7,Oyigbo,Rivers,53047.1,58119.9,7438.2,117067.8,6650.2,16284
OYSINE02,Alafara,Ibadan North East,Oyo,2093.5,3641.6,460.9,3492.1,563.1,704
LASSUE16,Obele Oniwala,Surulere,Lagos,2496.0,8771.3,971.6,4541.8,989.1,779
OYSISW12,Ring Road / Challenge / Oluyole,Ibadan South West,Oyo,64728.3,93170.1,11296.0,64978.6,12943.3,9382
OSSIEW02,Aragan,Ilesha West,Osun,10407.1,9326.2,1092.2,18761.9,1356.7,3434
OSSOSO02,Alekuwodo,Osogbo,Osun,35270.8,33638.2,4215.0,48627.0,4451.6,6465
OYSEGA02,Alakia,Egbeda,Oyo,143176.6,322248.8,44463.2,211510.6,27183.5,31598
ANSAWK19,Okpuno,Awka South,Anambra,14053.9,10615.0,1152.0,25513.7,1491.4,3864
OYSISW02,Alesinloye,Ibadan South West,Oyo,21113.5,32895.5,4055.4,19980.1,2981.3,2846
OYSINE11,Oke Adu,Ibadan North East,Oyo,16694.0,43632.9,5491.5,23198.0,7049.5,4351
OYSISE04,Challenge,Ibadan South East,Oyo,29565.3,53471.5,6978.7,33366.5,7327.3,4825
ANSHAL07,Ihite Ward 4 Ihiala,Ihiala,Anambra,11562.7,12813.1,1372.5,13044.9,1198.5,1928
ANSHAL13,Orsumogha,Ihiala,Anambra,47592.7,52265.6,5845.5,49777.5,5232.9,7392
OYSOYE07,Muslim,Oluyole,Oyo,30762.3,40610.1,5783.9,46402.4,4786.8,6623
GMSGME10,Pantami,Gombe,Gombe,22450.5,17727.0,3478.7,50321.0,4319.7,16412
ANSABN07,Enugu Agidi 1,Njikoka,Anambra,9979.1,10154.3,1078.6,15608.6,1040.8,2358
OYSIBN07,Oke Itunu,Ibadan North,Oyo,7258.2,18934.3,2383.0,8931.7,2320.9,1370
ANSHAL20,Uzoaka Ward 3 Ihiala,Ihiala,Anambra,28144.2,33222.2,3580.5,34881.8,3039.9,5188
OSSOSO08,Babakekere,Osogbo,Osun,13332.8,19635.5,2475.9,10127.1,1914.9,1319
ABSAPR02,Ahiaukwu B / Eziama,Umuahia South,Abia,18702.8,18456.2,2011.4,23223.7,2054.7,3986
OYSONA08,Idi Ose,Ona Ara,Oyo,123416.1,185263.1,27202.7,169754.4,19482.4,24290
OSSISO07,Mogimogi,Isokan,Osun,17359.7,13052.3,1593.7,26547.5,2261.0,4122
OSSIAE09,Oke-Ooye,Ilesha East,Osun,16926.9,19089.9,2244.6,24451.5,2483.3,3880
OSSIDN07,Isale Ikirun / Isale / Oke Afo,Ifelodun,Osun,18239.7,20016.8,2454.7,42669.1,2166.0,6009
OYSLAU05,Monatan / Iyanachurch,Lagelu,Oyo,108279.2,132953.6,16925.9,245072.7,15088.8,36494
ABSUMA10,Ndume / Azueke,Umuahia North,Abia,25954.7,20941.5,2322.6,32277.0,2785.8,5597
OSSIEW04,Ereja,Ilesha West,Osun,14165.8,13134.1,1538.7,24514.0,1849.7,4266
OYSIBN03,Agodi,Ibadan North,Oyo,18294.6,43990.8,5537.5,18170.0,4796.9,3144
OYSODS02,Alapata,Ogbomosho South,Oyo,15573.8,19397.5,2337.6,23493.9,2653.1,4322
GMSGME07,Jekadafari,Gombe,Gombe,13919.7,14022.9,2751.8,28086.3,2675.6,7507
OSSEGO06,Isale Osolo,Ejigbo,Osun,25682.3,32865.7,3883.7,45969.0,3199.2,7772
OYSINE09,Oja Gbo,Ibadan North East,Oyo,13696.0,33954.8,4388.8,22098.5,5557.7,4607
OYSOYE08,Olomi,Oluyole,Oyo,64186.5,121121.0,17649.9,85971.5,18192.6,12405
ABSKWU18,Umudike,Ikwuano,Abia,2916.2,3724.3,409.6,2726.7,319.6,440
OYSOGN07,Okelerin,Ogbomosho North,Oyo,1912.8,1320.6,146.3,3413.1,230.7,729
OYSINW10,Olopomewa,Ibadan North West,Oyo,24242.9,23268.9,2962.6,77197.8,3626.7,11098
OSSIDN10,Oke-Afo,Ifelodun,Osun,5346.3,5038.6,617.9,11807.6,634.9,1822
OYSOWT09,Owode,Oyo West,Oyo,76164.8,88152.2,10001.3,110369.3,8560.9,15797
OSSIWO04,Isale Oba 1,Iwo,Osun,2563.2,2617.1,320.1,4447.4,379.9,854
EBSUGB19,Onuenyim,Ebonyi,Ebonyi,6188.4,2323.5,413.6,9079.5,1060.4,1554
GMSGME08,Kumbiya Kumbiya,Gombe,Gombe,2701.1,2381.2,467.3,5072.1,522.3,1390
OYSEGA11,Wakajaye,Egbeda,Oyo,14765.9,28408.0,3912.1,23644.3,2310.7,3490
OYSIBN04,Bashorun,Ibadan North,Oyo,47494.8,109525.9,13786.4,65329.6,13578.5,9689
OYSODS05,Ijeru 1,Ogbomosho South,Oyo,4248.7,2944.6,326.2,7569.2,505.7,1546
OYSISW03,Amule /  Atere,Ibadan South West,Oyo,1344.0,1964.2,248.6,2051.9,337.7,450
ABSUMA17,Urban 1,Umuahia North,Abia,17067.7,17397.7,1929.4,25763.9,1983.8,4449
ABSUMA09,Mbaocha,Umuahia North,Abia,6070.0,6328.4,701.8,11147.0,667.2,2055
OYSOLE02,Ayetoro,Orelope,Oyo,1152.0,1825.9,220.3,1541.1,204.2,221
OSSIRE09,Oluofinrin,Irewole,Osun,7948.6,4838.4,590.8,13794.8,1100.7,2249
OSSISO08,Oja-Osun,Isokan,Osun,11142.7,3769.4,460.3,19025.1,1558.9,3532
ANSAWK09,Awka 4,Awka South,Anambra,10759.3,4269.7,451.3,23089.5,1100.2,3424
OSSENH05,Buari Isibo,Ede North,Osun,2606.7,3317.6,404.7,2904.2,308.6,378
OSSENH02,Apaso,Ede North,Osun,14242.7,13841.9,1684.1,33654.1,1698.0,5091
ANSHAL18,Umuohi Ward 2 Okija,Ihiala,Anambra,16704.8,19543.9,2114.7,16730.6,1767.1,2475
OSSEGO01,Ayegbogbo,Ejigbo,Osun,19004.5,23677.6,2797.9,27142.0,2220.7,3754
OYSOET04,Apaara,Oyo East,Oyo,2955.6,4836.7,607.1,2520.8,459.9,355
EBSUGB01,Abakpa,Ebonyi,Ebonyi,2138.1,770.8,140.2,3354.0,380.2,606
ANSJJT02,Alor,Idemili South,Anambra,36338.1,24262.0,2740.9,34662.7,4117.9,5145
ANSAGU20,Umuona,Aguata,Anambra,18697.3,4528.5,501.7,15055.0,2052.1,2234
KGSDAH04,Igala Ogba,Idah,Kogi,21951.9,17336.0,3048.3,18350.7,4000.7,3026
61607,Magajin Rafi A,Sokoto North,Sokoto,3008.0,6528.5,1240.7,5242.2,1493.8,1443
ANSZBL09,Irefi,Ekwusigo,Anambra,24693.8,25783.8,2893.0,21197.7,2818.0,3136
RVSABM05,Aktward 5,Akuku Toru,Rivers,192.0,1282.7,154.1,598.8,121.6,176
RVSPHC20,Phward 20,Port-Harcourt,Rivers,7347.1,10950.5,1200.2,11826.6,1070.6,1800
RVSNCH08,Eleward 8,Eleme,Rivers,13060.5,18566.8,2113.6,17878.2,1731.6,2975
NISBDA08,Masaga A,Bida,Niger,5625.4,16011.5,3109.1,9149.3,2542.0,2617
RVSPHC09,Phward 9,Port-Harcourt,Rivers,1600.0,3563.9,376.8,1816.7,376.9,278
RVSABM07,Aktward 7,Akuku Toru,Rivers,896.0,4248.9,510.4,1121.2,574.1,298
ODSOWO04,Igboroko 1,Owo,Ondo,3478.9,2753.9,353.5,5475.0,587.9,953
OSSBOE05,Isale Oyo,Boripe,Osun,7850.5,9034.4,1107.3,18367.6,945.9,2658
OYSOET08,Jabata,Oyo East,Oyo,32505.7,29974.4,3804.0,52097.5,4618.8,8215
RVSBGM10,Astward 10,Asari-Toru,Rivers,1472.0,17136.9,1938.1,2357.0,1605.5,729
RVSRUM14,Obward 14,Obio/Akpor,Rivers,23482.3,18172.1,2228.6,36285.7,2836.7,5222
RVSABM06,Aktward 6,Akuku Toru,Rivers,192.0,1042.2,125.2,424.8,115.3,139
OYSINE05,Basorun,Ibadan North East,Oyo,19206.1,49725.4,6373.5,30111.1,6386.7,4717
ANSGDD13,Uke,Idemili North,Anambra,70917.9,72066.7,8335.4,41191.9,10976.1,6131
OYSIDO09,Ogundele / Shiba,Ido,Oyo,5457.3,5102.7,650.3,32437.7,671.9,4615
OYSINE01,Agugu,Ibadan North East,Oyo,21691.6,73649.8,9691.8,31360.0,11376.5,6020
OYSOGN03,Alasa,Ogbomosho North,Oyo,1716.3,1250.6,138.5,3296.6,196.6,665
RVSBGM06,Astward 6,Asari-Toru,Rivers,704.0,10729.8,1208.6,1160.4,806.1,309
ANSGDD14,Umuoji,Idemili North,Anambra,151072.5,263983.9,30497.2,102333.1,23079.2,15265
11303,Gomari,Jere,Borno,17206.9,14051.2,2566.0,64651.3,3100.4,12914
11305,Mashamari,Jere,Borno,56767.1,124476.5,22844.0,82392.4,23171.5,18750
OYSISW09,Oke Ado / Liberty,Ibadan South West,Oyo,22345.8,35224.6,4270.7,30012.4,5443.8,4936
RVSPHC16,Phward 16,Port-Harcourt,Rivers,4230.9,3178.8,389.8,7814.7,509.3,1250
EDSBEN01,Oke-Edo,Oredo,Edo,2225.6,1410.4,186.9,5823.1,285.9,919
ANSGDD02,Abatete,Idemili North,Anambra,17851.3,16017.6,1852.2,9794.3,3704.0,1448
EDSUSL03,Uselu 2,Egor,Edo,3065.2,2540.5,336.7,8805.9,393.8,1358
ANSAGU15,Oraeri,Aguata,Anambra,23232.2,32084.8,3600.4,29548.8,2588.9,4439
12408,Gwange 2,Maiduguri,Borno,13363.9,30011.9,5507.8,21233.4,7544.5,6131
NISMNA07,Nasarawa B,Chanchaga,Niger,2993.8,2744.1,460.6,4749.8,680.6,1095
NISMNA03,Makera,Chanchaga,Niger,14352.3,14166.8,2336.1,13053.1,2625.4,2240
TRSTTM10,Tikari,Takum,Taraba,3510.5,4267.9,844.8,5660.0,694.7,1125
NISMNA09,Sabon Gari,Chanchaga,Niger,16664.0,11613.3,2042.0,23102.9,3306.2,4764
NISMNA02,Limawa B,Chanchaga,Niger,81718.9,92650.4,15509.6,112304.7,14971.9,19950
NISKNT02,Central,Kontagora,Niger,5516.4,3867.2,732.9,8989.3,1180.3,2241
52005,Yelwa Central,Yauri,Kebbi,7114.5,6551.1,1406.8,17048.8,1572.9,3880
52009,Yelwa West,Yauri,Kebbi,4747.3,3256.3,705.5,11580.3,1010.4,3026
EDSBEN06,Oke-Mole,Oredo,Edo,7559.7,5665.9,698.2,12050.0,1363.4,2053
EDSAUC12,Auchi 2,Etsako West,Edo,26137.9,28338.2,3481.6,44440.7,3117.9,7116
EDSBEN11,Uzebu,Oredo,Edo,22785.8,26795.2,3249.2,32910.3,4726.0,5113
EDSBEN05,Oliha / Ukhege,Oredo,Edo,15896.4,15689.7,1914.5,23764.1,3656.0,3793
EDSBEN03,Ewaise,Oredo,Edo,4542.5,2401.2,317.4,10527.3,611.5,1777
EDSBEN02,New Benin,Oredo,Edo,10284.2,6491.4,860.4,25512.5,1321.1,3974
EDSBEN10,Ogbelaka,Oredo,Edo,2708.0,1716.0,227.4,6096.7,347.9,971
EDSBEN04,Ogbe,Oredo,Edo,54868.5,65171.7,7834.4,72491.7,9241.6,11260
EDSBEN08,Iyaro,Oredo,Edo,3625.1,2624.8,328.1,6916.4,646.3,1126
NISSUL03,Hashimi A,Suleja,Niger,15212.4,27897.4,5222.3,15107.8,4583.4,2603
NISSUL04,Hashimi B,Suleja,Niger,13439.0,21751.0,4075.5,20131.4,5607.4,3769
EDSURM02,Ewoyi 1,Esan North-East,Edo,16711.4,12644.8,1552.0,36171.7,1996.5,6081
RVSGGU04,Ikpo Ama,Ogu Bolo,Rivers,1088.0,1663.0,189.3,2240.4,322.6,669
EDSUSL06,Uwelu,Egor,Edo,46395.8,60902.1,7639.6,63012.0,7795.3,9630
EDSURM03,Oyomon,Esan North-East,Edo,15446.3,13130.2,1611.6,32204.3,1910.5,6545
EDSUSL02,Okhoro,Egor,Edo,18902.9,12919.2,1712.4,45792.6,2428.9,7020
EDSUSL08,Egor,Egor,Edo,22703.6,31018.6,3891.0,29170.7,3085.1,4365
KGSDAH01,Ede,Idah,Kogi,10293.6,10893.3,1912.3,12121.7,2136.7,2006
DTSASB09,Umuezei,Oshimili South,Delta,22646.4,20938.0,2726.0,28299.3,3454.8,4413
ODSAKS11,Owode,Akure South,Ondo,5151.2,5124.9,674.9,8998.4,696.0,1466
RVSPHC19,Phward 19,Port-Harcourt,Rivers,6869.5,14320.4,1521.9,10060.8,1650.5,1880
ODSAKS08,Odopetu,Akure South,Ondo,7910.6,5578.6,734.2,14785.5,1113.1,2704
ODSAKS06,Irowo,Akure South,Ondo,13245.9,10724.0,1412.2,22759.6,1828.0,3716
ODSANE02,Ekan,Akoko North East,Ondo,4224.8,6251.3,729.0,4320.4,603.4,622
RVSPHC13,Phward 13,Port-Harcourt,Rivers,896.0,2376.0,251.2,1672.3,156.7,317
ODSAKS05,Ilisa,Akure South,Ondo,31180.2,32510.9,4274.2,70707.1,4028.9,9946
ODSOWO01,Iloro Ward,Owo,Ondo,3417.0,1609.0,206.5,4807.6,551.6,847
ODSOWO05,Igboroko 2,Owo,Ondo,22264.6,18194.1,2335.4,30131.1,3208.0,4503
DTSAKU05,Ogbowele,Oshimili North,Delta,19033.5,17056.7,2266.2,32686.9,2432.3,5004
DTSASB05,Okwe,Oshimili South,Delta,26883.9,31156.4,4068.6,33516.4,3479.0,5041
NISSUL02,Bagama b,Suleja,Niger,22876.6,32891.3,6229.4,31383.8,6505.2,5295
RVSABM08,Aktward 8,Akuku Toru,Rivers,320.0,1563.3,187.8,448.0,243.7,157
RVSBGM07,Astward 7,Asari-Toru,Rivers,2048.0,19757.3,2269.8,3528.8,1702.8,908
RVSPHC04,Phward 4,Port-Harcourt,Rivers,18082.8,39329.2,4158.2,25373.0,5434.6,5893
RVSPHC11,Phward 11,Port-Harcourt,Rivers,44383.0,55821.4,6262.7,62940.4,6913.6,9362
RVSPHC12,Phward 12,Port-Harcourt,Rivers,1280.0,3185.9,336.8,2412.2,235.3,420
RVSPHC01,Phward 1,Port-Harcourt,Rivers,90625.5,186837.3,19876.4,114626.4,15927.9,18240
RVSPHC06,Phward 6,Port-Harcourt,Rivers,4544.0,10583.8,1119.0,6274.8,791.9,1034
RVSPHC14,Phward 14,Port-Harcourt,Rivers,7666.9,15361.8,1658.1,10658.1,1146.0,1545
RVSPHC17,Phward 17,Port-Harcourt,Rivers,23235.9,51046.9,5397.1,22759.1,5550.9,3093
RVSPHC02,Phward 2,Port-Harcourt,Rivers,17994.5,31841.2,3471.8,27097.1,2548.0,3760
RVSPHC18,Phward 18,Port-Harcourt,Rivers,5506.8,13247.7,1400.7,8346.4,1160.6,1624
RVSRUM04,Obward 4,Obio/Akpor,Rivers,22217.2,21660.8,2656.5,54606.5,2673.5,8151
RVSRUM08,Obward 8,Obio/Akpor,Rivers,48945.2,54170.9,6617.7,127654.0,5865.5,18063
RVSRUM12,Obward 12,Obio/Akpor,Rivers,29903.8,31377.2,3848.1,72245.0,3598.5,11347
RVSRUM07,Obward 7,Obio/Akpor,Rivers,20476.4,17204.7,2110.0,42793.1,2555.8,6428
RVSRUM15,Obward 15,Obio/Akpor,Rivers,74122.0,51538.7,6320.7,123992.2,9663.5,17970
RVSRUM05,Obward 5,Obio/Akpor,Rivers,34069.4,28319.9,3473.2,66255.2,4161.9,10055
RVSRUM02,Obward 2,Obio/Akpor,Rivers,46313.5,51438.1,6308.4,113212.4,5626.0,16684
RVSRUM11,Obward 11,Obio/Akpor,Rivers,48947.0,56605.0,6930.0,126220.6,5879.2,18499
RVSRUM17,Obward 17,Obio/Akpor,Rivers,43934.7,45491.1,5579.1,103603.6,5525.9,15021
RVSRUM06,Obward 6,Obio/Akpor,Rivers,3313.0,3069.9,376.5,7380.7,398.7,1259
DTSEFR01,Alaka,Uvwie,Delta,40888.4,45800.8,6285.7,64854.9,5710.2,11190
BYSNEM09,Ogbolomabiri 2,Nembe,Bayelsa,1984.0,7901.3,996.7,3106.8,926.6,915
DTSEFR08,Ugborikoko,Uvwie,Delta,15820.2,10133.5,1390.7,26287.3,2209.5,4642
DTSEFR04,Enerhen 3,Uvwie,Delta,7994.0,8591.3,1176.8,10792.4,1110.4,1690
BA1202,Bakin Kasuwa,Katagum,Bauchi,4123.2,4404.0,855.4,7019.5,798.5,2219
DTSWWR02,Bowen,Warri South,Delta,6304.7,10446.8,1265.7,9565.4,1529.2,1868
BA1213,Kasuwan Kaji,Katagum,Bauchi,14059.3,18154.4,3526.1,24600.5,2721.6,5406
12412,Mafoni,Maiduguri,Borno,2832.7,2017.4,368.4,9786.7,510.4,3268
12414,Shehuri North,Maiduguri,Borno,6109.4,12486.3,2291.0,11776.2,2986.7,4535
FCTGWA10,Zuba,Gwagwalada,Fct,12730.0,13698.0,2101.9,19280.9,2675.1,3477
FCTBWR10,Usuma,Bwari,Fct,59493.2,62803.7,10216.6,54074.1,12135.0,7988
BA1218,Nasarawa B,Katagum,Bauchi,5982.4,7278.8,1413.8,10152.4,1150.1,2757
OGSINE07,Iworo / Oju Ona,Ijebu North East,Ogun,3512.5,2286.8,285.3,2530.8,479.5,300
OYSISW11,Popoyemoja,Ibadan South West,Oyo,4610.9,8585.5,1040.9,5800.6,1033.2,1068
OYSINE10,Oje,Ibadan North East,Oyo,1664.0,3415.1,431.2,3126.5,586.1,722
EDSURM01,Idumuokogie,Esan North-East,Edo,7059.0,6222.9,763.8,14429.2,883.5,2930
EDSUSL04,Useh,Egor,Edo,29030.7,43614.9,5471.1,31596.5,3901.6,4701
DTSEFR02,Ekpan 10,Uvwie,Delta,45665.6,35234.2,4834.8,62816.8,6707.2,11511
12407,Gwange 1,Maiduguri,Borno,10878.9,26342.1,4834.3,17769.8,6313.9,4436
OYSISW06,Isale Osi / Oja'ba,Ibadan South West,Oyo,3968.0,7704.6,935.3,7343.6,1240.2,1676
AKSRNN03,Uya Oro,Oron,Akwa Ibom,4572.2,9825.6,1184.6,5558.1,1351.9,740
AKSRNN08,Iyamba,Oron,Akwa Ibom,19746.1,27661.3,3490.3,23278.2,2470.5,2919
AKSTTU06,West Itam 1,Itu,Akwa Ibom,21262.9,28890.0,3322.2,36989.7,2515.3,4868
12411,Limanti,Maiduguri,Borno,5303.4,10144.6,1861.7,8719.3,3250.3,3607
11608,Malari,Konduga,Borno,489.2,510.3,93.2,2926.9,88.1,701
AKSAUQ01,Okposo Odoro nkit / Ntak Inyang,Esit Eket,Akwa Ibom,2977.8,2690.4,346.2,1188.8,392.7,147
OYSONA07,Idi Osan,Ona Ara,Oyo,3127.9,4206.4,618.6,4534.5,604.1,665
12403,Bulabulin,Maiduguri,Borno,6144.0,14299.4,2624.2,10316.2,3858.4,3426
11301,Maimusari,Jere,Borno,12810.1,26827.2,4923.3,17053.4,5612.2,5278
ANSABN12,Enugu Ukwu 4,Njikoka,Anambra,6081.1,2175.4,229.9,9202.4,621.8,1379
OYSISE12,Owode,Ibadan South East,Oyo,15347.4,40097.8,5843.6,24144.5,7521.2,4028
OYSINE06,Irefin,Ibadan North East,Oyo,2816.0,8069.8,1015.6,4859.3,1424.2,1042
71406,Bolewa A,Potiskum,Yobe,7610.2,6202.8,1224.4,19224.4,1478.3,7135
DTSWWR08,Okere,Warri South,Delta,27467.7,45629.9,5528.2,38052.8,5732.8,7170
71401,Dogon Nini,Potiskum,Yobe,33136.0,41725.6,8209.2,68816.6,8816.4,24295
TRSJAL06,Sintali A,Jalingo,Taraba,4753.8,4115.6,699.3,8150.9,853.5,1360
71407,Bolewa B,Potiskum,Yobe,31013.9,49980.5,9818.1,48629.6,10629.5,12992
52008,Yelwa South,Yauri,Kebbi,1644.1,1686.7,365.4,5201.6,349.9,1498
OYSISE07,Molete,Ibadan South East,Oyo,31306.0,67718.2,9470.4,39661.2,10772.9,6115
AKSDYY07,Urban 1,Uyo,Akwa Ibom,40396.4,31782.3,3494.5,65453.7,4654.7,8483
ABSKWU01,Agbala-Ozu,Ikwuano,Abia,6233.7,8697.5,946.3,5873.3,709.6,1031
TRSJAL08,Turaki A,Jalingo,Taraba,4718.6,4397.7,795.1,13066.7,841.5,2232
OYSISW08,Molete / Oke Ado,Ibadan South West,Oyo,7336.6,12029.1,1484.4,8617.5,1338.8,1394
OYSONA10,Olunloyo,Ona Ara,Oyo,50060.1,79323.1,11386.2,69774.2,10809.5,10256
AKSDYY05,Etoi 1,Uyo,Akwa Ibom,61724.4,44963.4,4948.4,101075.7,6673.1,12747
BYSYEN10,Epie 3,Yenegoa,Bayelsa,93585.3,119595.2,14682.8,163572.2,11693.9,33163
KGSKAB01,Aiyeteju / Kajola,Kabba/Bunu,Kogi,6606.6,6323.8,1181.9,10733.4,1435.2,2011
BYSYEN01,Atissa 1,Yenegoa,Bayelsa,28356.5,29804.2,3646.9,40842.3,4200.9,8858
OSSIAE08,Itisin,Ilesha East,Osun,1843.2,2344.8,276.2,2511.0,303.3,357
OSSIEW08,Itakogun,Ilesha West,Osun,1637.1,1494.9,175.1,2860.2,231.1,691
OSSIEW03,Egbe-Idi,Ilesha West,Osun,37036.3,41885.5,4909.3,58403.4,4519.5,8840
OSSIEW01,Adeti,Ilesha West,Osun,1621.5,1392.0,163.0,2811.2,231.4,557
71303,Hausari,Nguru,Yobe,14955.9,19609.9,3516.7,22566.3,4044.1,5285
RVSABM02,Aktward 2,Akuku Toru,Rivers,1024.0,4890.2,587.4,1477.3,570.2,358
RVSABM09,Aktward 9,Akuku Toru,Rivers,384.0,1282.7,154.1,373.5,174.7,115
KGSKNE08,Orietesu,Okene,Kogi,2731.3,3934.9,777.8,4337.3,1053.3,937
EDSDGE02,Evbomodu,Ikpoba-Okha,Edo,11298.8,10176.2,1346.2,50003.8,1444.0,7810
EDSDGE08,Ute,Ikpoba-Okha,Edo,23593.1,20938.8,2775.4,60674.9,3030.8,9278
EDSDGE01,Ogbesun,Ikpoba-Okha,Edo,16374.8,15920.8,2106.6,65047.6,2093.2,9827
EDSDGE09,Evboriaria,Ikpoba-Okha,Edo,32356.3,28490.3,3776.3,94696.1,4156.6,14950
KGSKNE04,Lafia Obessa,Okene,Kogi,5376.0,7817.0,1545.3,7349.9,1923.9,1407
ODSOWT07,Maroko,Ondo West,Ondo,4335.1,7001.6,925.9,6911.7,1093.3,1598
ODSOWT11,Surulere,Ondo West,Ondo,4855.8,3762.5,460.2,15666.1,574.2,3718
ODSOWT08,Moferereoja,Ondo West,Ondo,8505.6,13349.2,1755.7,13716.4,1541.6,2437
EDSDGE03,Ugbekun,Ikpoba-Okha,Edo,18842.4,12559.4,1664.7,50498.0,2420.5,7977
KGSLKJ06,Lokoja B,Lokoja,Kogi,2750.6,1660.3,271.7,4008.5,545.7,901
LASAMO29,Mosan / Akinoggun,Alimosho,Lagos,18340.3,36994.8,5284.3,30103.7,7213.5,5177
LASMUN10,Kayode / Fadeyi,Mushin,Lagos,3648.0,12465.3,1402.0,6842.1,1723.6,1198
LASAMO13,Atan Lagos,Alimosho,Lagos,22947.0,47394.9,6769.8,37248.4,7150.4,5154
LASKSE19,Orile-Ikosi,Kosofe,Lagos,5824.0,18333.9,2237.3,9218.1,2577.9,1314
LASMUN05,Idi-Araba,Mushin,Lagos,8640.0,25614.4,2837.6,11475.2,3375.5,1626
LASIKU17,Isele,Ikorodu,Lagos,2567.3,1524.6,227.1,5442.6,372.9,1195
LASIKU26,Olori / Eyita,Ikorodu,Lagos,9188.1,7173.2,1068.5,23827.2,1334.7,3062
LASAON13,Odofin,Amuwo Odofin,Lagos,5288.1,47271.4,5984.3,6562.8,5709.9,764
LASLMD06,Aloba / Desalu,Lagos Mainland,Lagos,2491.5,8400.9,941.7,2946.9,860.1,380
LASIKU15,Ipakodo,Ikorodu,Lagos,21133.9,13467.1,2006.0,31158.8,3213.8,3778
LASAPA05,Apapa,Apapa,Lagos,10670.7,18895.1,2201.0,10302.5,1755.8,1154
LASIKU28,Owutu,Ikorodu,Lagos,34511.5,22524.3,3355.2,69623.9,5025.2,9352
LASAPA12,Sari,Apapa,Lagos,3303.3,5794.3,674.9,5747.0,793.3,1057
LASOJO01,Ajangbadi,Ojo,Lagos,25339.6,45561.6,6675.9,34662.6,6701.9,4435
LASEOA10,Ikate / Lekki,Eti Osa,Lagos,52852.7,45995.9,4883.3,112543.7,5613.1,13777
LASIKA17,Seriki-Aro,Ikeja,Lagos,12328.4,20768.4,2103.2,16985.8,1826.8,2153
LASIKU23,Odogunyan,Ikorodu,Lagos,22255.3,18487.7,2753.9,50947.7,3233.0,6460
LASLID14,Oke-Arin / Idumota,Lagos Island,Lagos,1728.0,3061.0,329.7,2826.5,455.8,441
LASLID12,Lafiaji,Lagos Island,Lagos,4841.0,7400.6,797.1,5651.4,899.8,740
LASIOE10,Ijaiye / Ifako,Ifako/Ijaye,Lagos,11645.8,26175.2,2914.2,17925.9,2888.9,2676
LASKSE20,Orile-Ketu,Kosofe,Lagos,6720.0,21026.6,2565.9,10784.0,2811.8,2172
LASIKA12,Onigbongbo,Ikeja,Lagos,20278.7,118353.2,13575.4,18939.0,10031.4,2430
LASAGG02,Awori Oniwaya,Agege,Lagos,7296.0,22739.1,2688.8,13218.6,3368.3,2402
LASOIO04,Ajao Estate,Oshodi/Isolo,Lagos,22272.0,139115.0,16251.1,31468.8,17521.3,3783
LASKSE15,Ogudu,Kosofe,Lagos,22991.3,62354.9,7406.6,33856.3,8739.5,4789
LASKSE05,Anthony,Kosofe,Lagos,15095.9,66521.1,7661.4,21062.5,7205.0,2673
LASIKU06,Ajaguro,Ikorodu,Lagos,69786.3,58931.0,8778.2,180371.7,10137.7,22088
LASOJO12,Okokomaiko,Ojo,Lagos,18972.0,36686.0,5375.4,27865.9,5497.4,3715
LASEOA04,Ajiran / Osapa,Eti Osa,Lagos,39315.4,40357.6,4284.6,85664.3,4127.1,9956
LASOIO17,Oke-Afa,Oshodi/Isolo,Lagos,19106.2,39723.4,4465.3,39630.5,3162.4,4762
LASAGG08,Orile,Agege,Lagos,13817.2,77387.1,9874.0,22393.2,10073.2,3597
TRSJAL10,Yelwa,Jalingo,Taraba,1585.0,312.7,56.5,2350.2,280.4,377
LASEOA06,Badore / Langbasa,Eti Osa,Lagos,28742.8,26242.7,2891.3,58473.7,3271.2,7260
LASEPE18,Papa,Epe,Lagos,10902.5,10753.7,1366.9,22079.7,1357.0,2760
LASAGG12,Powerline / Oko-Oba,Agege,Lagos,7104.0,40152.1,5123.1,12485.7,5685.2,2208
LASIKU05,Aige / Solomade,Ikorodu,Lagos,10115.6,6534.7,973.4,19312.4,1471.0,2649
LASLMD13,Ojo-Oniyun,Lagos Mainland,Lagos,2496.0,7972.5,893.7,3772.7,950.7,533
LASLMD11,Iponri / Olaleye,Lagos Mainland,Lagos,18165.9,50452.8,5655.7,15235.2,4665.0,1705
LASKSE14,Odo-Ogun / Ajegunle,Kosofe,Lagos,34237.9,104009.1,12692.4,42288.9,11574.9,5113
LASLID09,Idunganran / Idumagbo,Lagos Island,Lagos,896.0,1666.1,179.5,1688.1,266.2,305
LASEOA02,Addo / Okeira,Eti Osa,Lagos,29264.3,33866.1,3714.8,70280.3,3270.0,8328
LASLID11,Isale Gangan,Lagos Island,Lagos,320.0,645.8,69.6,810.1,63.0,118
LASAPA08,Ijora,Apapa,Lagos,8884.0,16407.1,1805.9,7472.2,2694.0,938
LASLMD15,Onike / Oyadiran,Lagos Mainland,Lagos,6400.0,19570.5,2193.4,8867.6,2337.8,1211
LASLMD18,Salami /  Baiyewunmi,Lagos Mainland,Lagos,5473.6,13213.6,1459.7,9211.7,1688.1,1675
LASKSE12,Isheri / Olowora,Kosofe,Lagos,35164.8,99555.7,12023.1,51108.9,12130.7,6860
LASATO02,Ajegunle,Ajeromi/Ifelodun,Lagos,5440.0,34516.5,4325.0,9239.1,5274.7,1323
LASLID15,Oke-Olowogbowo,Lagos Island,Lagos,1581.8,3422.6,368.7,2294.5,449.6,284
LASSMU12,Onipanu,Shomolu,Lagos,2240.0,7748.0,877.9,3326.7,1123.7,530
LASAPA06,Badia,Apapa,Lagos,2775.7,5568.6,645.4,5031.8,682.8,758
LASAGG07,Okekoto,Agege,Lagos,6013.2,32818.6,4187.4,10003.1,5182.7,1769
LASAGG05,Isale Oja,Agege,Lagos,8664.1,13837.8,1401.3,13675.0,1801.0,2590
LASBDY18,Posukoh,Badagry,Lagos,3733.6,3361.7,505.1,10200.7,546.6,1191
LASEPE04,Ajaganabe,Epe,Lagos,8131.9,6790.7,863.2,15535.8,1052.9,2282
LASAGG09,Oyewole / Alaagba,Agege,Lagos,3191.8,10168.1,1215.3,5197.8,1430.8,903
LASOIO05,Akingbaye,Oshodi/Isolo,Lagos,7168.0,49387.1,5669.4,11451.2,5645.2,1733
LASLMD14,Okobaba,Lagos Mainland,Lagos,5214.7,8865.0,957.3,7157.4,1162.7,1161
LASLMD07,Araromi,Lagos Mainland,Lagos,1920.0,3513.0,378.4,3176.4,474.1,571
LASIKU12,Erikorodo,Ikorodu,Lagos,24586.1,30388.3,4526.6,74252.4,3571.6,8332
LASIKA05,Anifowoshe,Ikeja,Lagos,8600.8,14942.8,1546.3,9964.7,1417.3,1323
LASOIO18,Okota,Oshodi/Isolo,Lagos,33225.9,84461.0,9305.0,47475.8,7538.5,5377
LASLMD01,Abule Ijesha,Lagos Mainland,Lagos,2048.0,6806.4,763.0,3576.6,835.1,662
LASLMD05,Alagomeji,Lagos Mainland,Lagos,6208.0,19577.8,2191.1,9894.0,2305.3,1386
LASMUN02,Alakara,Mushin,Lagos,3456.0,10834.1,1213.7,5964.5,1454.8,1039
LASOJO11,Ojo Town,Ojo,Lagos,21116.6,38364.7,5619.0,30389.4,8073.8,4976
LASKSE06,Araromi / Ifako,Kosofe,Lagos,26432.0,116074.5,13368.6,39276.1,13279.4,5379
LASIKU24,Oke-Eletu / Abule-Eko,Ikorodu,Lagos,29099.4,31780.4,4733.9,75304.9,4227.2,8610
LASEOA03,Ajah,Eti Osa,Lagos,29127.0,34960.5,3711.6,78044.3,3024.5,10241
LASOIO14,Ishaga / Ire-Akari,Oshodi/Isolo,Lagos,12928.0,43952.3,4876.3,18904.0,4435.3,2316
LASAON12,Kuje,Amuwo Odofin,Lagos,11958.7,11328.9,1208.2,21696.6,1323.8,3125
LASKSE04,Agiliti / Maidan,Kosofe,Lagos,8896.0,27934.0,3408.8,14346.1,3615.3,2067
LASLMD12,Makoko,Lagos Mainland,Lagos,4608.0,9104.1,981.3,8721.7,1030.7,3306
LASATO05,Amukoko,Ajeromi/Ifelodun,Lagos,5504.0,17364.2,2110.9,9444.5,2670.8,1449
LASSMU04,Bajulaiye,Shomolu,Lagos,2496.0,8748.3,983.1,4513.6,1021.9,701
LASSMU06,Ibuowo / Owotutu,Shomolu,Lagos,3712.0,17945.8,2066.9,6701.0,2329.3,1246
LASIKU03,Agbala /  Lasunwon,Ikorodu,Lagos,33195.6,30594.1,4557.2,78472.0,4822.2,9139
LASOIO10,Ifoshin,Oshodi/Isolo,Lagos,26658.6,113616.5,13947.1,42628.4,14220.4,6464
LASIKU02,Aga / Ijomu,Ikorodu,Lagos,21969.2,16596.7,2472.2,49679.6,3191.5,6438
LASIKA07,Ogba / Oluwole,Ikeja,Lagos,31197.0,51538.6,5219.2,37008.7,4265.9,4486
LASLMD10,Harvey,Lagos Mainland,Lagos,14700.7,62804.2,7040.3,27678.1,5027.6,3594
LASBDY13,Ilogbo,Badagry,Lagos,31496.4,43867.9,6591.3,125240.7,4611.4,13976
LASAON01,Abule Osun Onireke,Amuwo Odofin,Lagos,37328.8,41984.3,4477.4,62900.2,4109.2,7299
LASIKU04,Agura / Gberigbe,Ikorodu,Lagos,75180.7,83053.2,12371.4,202632.4,10921.3,22721
LASSMU02,Akoka / Anu-Oluwapo,Shomolu,Lagos,9024.0,28461.5,3178.0,16097.6,3441.3,3051
LASEPE06,Bado / Ebole / Etita / Iberikodo,Epe,Lagos,1742.7,1424.0,181.0,3195.7,221.0,461
LASLID18,Oko-Awo / Agarawu,Lagos Island,Lagos,640.0,1175.3,126.6,896.0,123.9,132
LASLID04,Araromi Odo,Lagos Island,Lagos,2663.0,2576.9,276.5,3438.0,354.1,416
LASLID19,Olosun / Ojo Oto,Lagos Island,Lagos,1536.0,2802.7,301.9,1546.7,387.7,246
LASLID13,Odam,Lagos Island,Lagos,3289.2,5446.9,609.4,3263.8,701.9,370
LASLID16,Okepopo East,Lagos Island,Lagos,1984.0,3409.7,367.3,2903.3,427.4,423
LASLID05,Balogun,Lagos Island,Lagos,704.0,1330.3,143.3,679.6,163.1,83
LASLID10,Ilupesi / Ebute Awo,Lagos Island,Lagos,1787.4,2906.0,313.0,2316.6,363.2,321
LASATO11,Ojora Amukoko,Ajeromi/Ifelodun,Lagos,4058.6,23531.8,2945.3,6011.0,3159.4,861
LASATO04,Alakoto / Ibafon,Ajeromi/Ifelodun,Lagos,4851.5,8738.3,1017.9,7466.3,1165.1,1327
LASAPA10,Oduduwa,Apapa,Lagos,11084.1,18975.4,2210.3,12727.0,2025.3,1462
LASLID20,Oluwole,Lagos Island,Lagos,3072.0,4494.6,484.1,2097.7,710.1,263
LASLID03,Anikantamo,Lagos Island,Lagos,512.0,981.6,105.7,896.0,98.5,210
LASLID08,Idumoyingbo,Lagos Island,Lagos,1088.0,2066.5,222.6,1803.2,335.2,368
LASLID01,Ajele,Lagos Island,Lagos,3483.9,6314.7,689.7,2723.0,807.5,308
LASATO03,Alaba,Ajeromi/Ifelodun,Lagos,4864.0,64630.7,8218.5,8045.3,9481.4,1118
LASSUE17,Odo-Olowu,Surulere,Lagos,3072.0,9948.8,1102.0,4630.5,1205.5,665
LASATO06,Apasa Amukoko,Ajeromi/Ifelodun,Lagos,3904.0,50807.9,6460.7,6441.3,7516.1,807
LASATO15,Temidire,Ajeromi/Ifelodun,Lagos,4797.5,8791.9,1024.1,6640.8,1156.7,884
LASATO01,Aiyetoro,Ajeromi/Ifelodun,Lagos,5376.0,13756.0,1651.9,9089.5,2145.8,1571
LASATO07,Awodi-Ora,Ajeromi/Ifelodun,Lagos,8640.0,90136.4,11434.4,11829.8,13057.0,1539
LASATO10,Layeni-Okoya,Ajeromi/Ifelodun,Lagos,3648.0,38560.1,4891.2,5862.4,6360.7,901
LASATO09,Ibafon,Ajeromi/Ifelodun,Lagos,7592.1,15185.6,1782.8,12565.1,1937.8,1622
LASATO16,Tolu,Ajeromi/Ifelodun,Lagos,4032.0,6998.7,815.2,6611.0,850.0,1027
LASATO08,Bale Alayabiagba,Ajeromi/Ifelodun,Lagos,3558.8,6463.4,752.9,5128.0,746.6,781
LASATO13,Oluwa / Akere,Ajeromi/Ifelodun,Lagos,11952.1,52727.1,6534.4,17053.5,6832.9,2129
LASATO12,Oke Oja,Ajeromi/Ifelodun,Lagos,3008.0,5205.5,606.4,4524.9,806.8,639
LASAPA03,Alafia,Apapa,Lagos,4044.7,7025.5,818.3,5963.2,960.0,840
LASEOA14,Kuramo School / Lekki,Eti Osa,Lagos,4924.8,3518.6,373.6,7365.6,532.2,832
LASAPA09,Marine Beach,Apapa,Lagos,11377.5,19509.4,2252.7,9560.0,2342.9,1176
LASEOA13,Ilasan / Orile,Eti Osa,Lagos,23261.6,21630.6,2296.4,54162.0,2419.9,7924
LASAPA07,Gaskiya,Apapa,Lagos,2048.0,3225.0,375.7,3137.8,501.3,509
LASAPA11,Owoseni,Apapa,Lagos,2659.2,4456.1,519.1,4201.0,549.3,737
LASEOA07,Falomo / Oyinkan Abayomi,Eti Osa,Lagos,16136.1,11539.1,1225.1,23303.8,1808.1,2665
LASEOA09,Ijeh / Dolphin Estate,Eti Osa,Lagos,11154.7,14039.1,1507.6,14809.6,1819.8,2105
LASEOA16,Obalende,Eti Osa,Lagos,7531.3,5334.3,566.5,11595.1,850.0,1446
LASEOA08,Igbo-Efon / Maiyegun,Eti Osa,Lagos,23715.8,27751.6,2946.3,67929.1,2460.2,9440
LASIOE01,Abule Egba / Ilupeju,Ifako/Ijaye,Lagos,23774.1,102067.6,13221.2,38967.6,13107.5,5600
LASIOE09,Ijaiye Oke-Ira,Ifako/Ijaye,Lagos,7493.8,12896.4,1306.0,14244.1,1292.1,2328
LASIOE08,Ijaiye Ojokoro,Ifako/Ijaye,Lagos,26980.8,64169.3,8847.0,44270.5,10662.7,6979
LASIOE12,Iju Obawole,Ifako/Ijaye,Lagos,17384.4,42129.0,5489.8,29251.9,5608.0,4738
LASIOE02,Agbado Dalemo,Ifako/Ijaye,Lagos,22659.9,81064.6,10618.4,33345.8,9886.8,4473
LASIOE05,Ifako Pele,Ifako/Ijaye,Lagos,12821.0,27021.6,3278.4,19780.7,3318.7,3152
LASIOE07,Ijaiye Gbirinmi,Ifako/Ijaye,Lagos,21180.1,72501.4,9564.1,36323.6,10039.1,5645
LASAGG11,Papa Uku /  Olusanya,Agege,Lagos,1728.0,7738.9,968.2,2912.0,1227.0,649
LASIOE13,Iju Ogundimu,Ifako/Ijaye,Lagos,23542.2,54637.3,7183.7,34386.9,6832.6,4989
LASIOE03,Alagbado / Kollinton,Ifako/Ijaye,Lagos,12544.0,32560.2,4410.4,21262.5,5196.7,3478
LASAON07,Ifelodun,Amuwo Odofin,Lagos,16794.0,15128.6,1613.4,25372.0,2071.5,3259
LASAON04,Eko Akete,Amuwo Odofin,Lagos,55115.1,367232.8,45764.9,65445.9,39471.0,7604
LASAON14,Orire,Amuwo Odofin,Lagos,12728.3,14519.7,1548.4,25183.1,1318.2,3195
LASSUE03,Airways,Surulere,Lagos,5300.2,17806.9,1972.4,8841.1,2051.2,1217
LASKSE08,Bamgbe / Elebiju,Kosofe,Lagos,10686.9,33834.6,4128.9,15954.2,5090.4,2392
LASAGG03,Dopemu,Agege,Lagos,6635.1,10566.6,1070.1,10134.0,1336.2,1647
LASAGG10,Papa Ashafa,Agege,Lagos,9472.0,24832.9,2855.0,15910.8,3829.0,2864
LASAGG06,Keke,Agege,Lagos,8114.2,17377.5,1923.0,12213.7,2230.3,1871
LASAGG01,Atobaje,Agege,Lagos,1216.0,6928.4,884.0,2102.8,1095.9,408
LASAGG04,Isale Odo / Ayige,Agege,Lagos,9659.3,51891.4,6623.7,13917.7,6698.4,1966
LASAGG13,Sango,Agege,Lagos,7418.3,15163.4,1645.4,9986.6,1884.2,1543
LASOJO07,Ilogbo- Elegba,Ojo,Lagos,78859.9,142996.4,20952.5,117054.4,20637.8,16858
LASOJO14,Sabo-Oniba,Ojo,Lagos,34972.2,64059.6,9386.3,47309.0,14558.0,6423
LASIKA02,Akiode,Ikeja,Lagos,14406.2,22591.2,2292.1,21540.7,2030.1,2719
LASLMD17,Oyingbo,Lagos Mainland,Lagos,3136.0,8657.9,960.9,4293.5,1267.1,577
LASOJO05,Igbo-Elerin,Ojo,Lagos,76001.5,131613.0,19284.6,104499.4,17982.1,13676
LASOJO08,Ira,Ojo,Lagos,56242.8,57555.9,6694.8,73843.1,7466.0,9424
LASOJO10,Kemberi,Ojo,Lagos,17679.0,33178.0,4861.4,25528.8,5715.8,3406
LASKSE09,Erukan / Orishigun,Kosofe,Lagos,7232.0,22384.7,2731.6,11152.4,3505.4,1715
LASSUE18,Ogunsami / Karounwi,Surulere,Lagos,4416.0,15259.6,1690.3,8010.2,1693.4,1238
LASIKA09,Oke-Ira Central,Ikeja,Lagos,4519.0,7471.9,756.7,7615.1,719.3,1282
LASIKA01,Aguda,Ikeja,Lagos,5802.1,9378.1,949.7,9884.6,960.7,1712
LASIKA18,Wasimi,Ikeja,Lagos,9061.9,27398.1,3289.3,11343.4,3211.6,1368
LASIKU29,Sholafun / Agbele,Ikorodu,Lagos,67058.0,65120.3,9700.1,169074.1,9741.4,19495
LASKSE17,Olubori / Mosafejo,Kosofe,Lagos,10651.6,39849.7,4544.2,17657.0,5262.4,3883
LASSUE05,Aralile,Surulere,Lagos,5737.6,16777.9,1880.8,6770.7,1986.3,1075
LASIKU01,Abosan,Ikorodu,Lagos,93035.7,102884.1,15325.3,238361.8,13577.7,26981
LASIKU20,Itunpate / Itumaja,Ikorodu,Lagos,19983.4,16460.6,2451.9,45085.0,2902.9,5564
LASIKU27,Olorunda,Ikorodu,Lagos,4951.5,6956.9,1036.3,17605.1,719.3,1992
LASKSE18,Orile Oworo,Kosofe,Lagos,7895.7,14723.7,1585.9,14127.0,2051.9,3076
LASKSE03,Agidi / Orishigun,Kosofe,Lagos,15612.2,47345.0,5777.6,22103.1,6212.0,3188
LASKSE10,Idera,Kosofe,Lagos,14655.2,37838.5,4617.5,14028.8,3730.6,1642
LASKSE13,Mende,Kosofe,Lagos,14327.7,57568.6,6704.0,20530.4,6172.2,2668
LASKSE07,Arowosegbe / Alapere,Kosofe,Lagos,14016.0,43809.3,5346.1,20953.3,6810.5,3090
LASKSE16,Ojota,Kosofe,Lagos,9252.6,27910.6,3406.0,13751.2,4176.8,1946
LASLMD03,Adekunle / Aiyetoro,Lagos Mainland,Lagos,2670.6,7090.7,786.3,4031.8,845.0,594
LASLMD09,Freeman / Glover,Lagos Mainland,Lagos,3328.0,9187.0,1021.2,5433.6,1176.5,746
LASLMD04,Aderupoko / Ijebu Qters,Lagos Mainland,Lagos,5120.0,9202.8,993.5,8944.4,1222.7,2674
LASOIO06,Alagbeji,Oshodi/Isolo,Lagos,8896.0,69568.5,7964.5,10015.6,7132.5,1185
LASLMD16,Otto,Lagos Mainland,Lagos,6263.4,17115.3,1899.8,7748.1,2514.0,1231
LASOIO15,Mafoluku,Oshodi/Isolo,Lagos,8448.0,63776.4,7320.9,13490.2,8939.8,2209
LASOIO11,Igbehinadun,Oshodi/Isolo,Lagos,6272.0,45141.4,5169.3,9609.8,7696.1,1648
LASOIO03,Ailegun,Oshodi/Isolo,Lagos,22727.1,95311.0,11674.8,36617.4,10316.3,4868
LASOIO08,Ewutuntun,Oshodi/Isolo,Lagos,7040.0,50077.2,5775.2,11684.7,7613.8,1878
LASOIO16,Ogunnoloko,Oshodi/Isolo,Lagos,6656.0,51977.6,5952.1,10264.6,6440.9,1637
LASSUE22,Savage,Surulere,Lagos,4895.9,12512.7,1407.1,7360.5,1694.9,1128
LASSUE09,Coker,Surulere,Lagos,12480.0,164428.9,20888.1,12622.6,19930.1,1523
LASOIO02,Aigbaka,Oshodi/Isolo,Lagos,21568.0,93181.9,11438.6,37063.4,14323.2,5974
LASOIO20,Shogunle,Oshodi/Isolo,Lagos,12413.0,47423.3,5817.9,12854.8,5836.9,1735
LASOIO19,Oluyeye,Oshodi/Isolo,Lagos,6144.0,41356.9,4804.8,10496.6,6164.9,1730
LASOIO13,Ilasamaja,Oshodi/Isolo,Lagos,15518.4,51109.2,5662.9,19350.1,5327.7,2781
LASOIO01,Afariogun,Oshodi/Isolo,Lagos,5248.0,42542.5,4871.7,9099.7,5846.1,1391
LASOIO07,Apena,Oshodi/Isolo,Lagos,32531.0,62032.3,6760.6,60874.7,5195.2,7043
LASOIO09,Fadu,Oshodi/Isolo,Lagos,8896.0,38417.1,4715.9,13611.3,5054.8,2133
LASSUE02,Agunbiade,Surulere,Lagos,4352.0,14490.6,1605.1,7232.0,1758.0,1042
LASSUE23,Shitta Bank Olemoh,Surulere,Lagos,3520.0,11606.9,1285.7,5987.2,1348.6,1224
LASSUE14,Mosafejo Ojuelegba,Surulere,Lagos,5216.7,19348.2,2168.9,8882.9,2103.2,1307
LASSUE12,Irone,Surulere,Lagos,6784.0,22585.8,2503.3,10807.4,2566.2,1420
LASSUE11,Iponri  /  Eric Moore,Surulere,Lagos,17633.3,54126.2,6073.4,18716.3,6114.7,2204
LASSUE10,Gbaja Obele-Odan,Surulere,Lagos,4416.0,14230.5,1585.5,7585.6,1718.8,1520
LASSUE01,Adeniran Ogunsanya,Surulere,Lagos,13160.6,41218.4,4584.6,20391.4,5315.3,2781
LASSUE15,Nuru Oniwo,Surulere,Lagos,7232.0,24343.3,2696.4,12390.3,2786.1,1639
LASSUE07,Bale,Surulere,Lagos,3220.7,13734.6,1626.4,5256.0,1673.3,839
LASSUE06,Babatunde Ayilara,Surulere,Lagos,8128.0,26694.6,2957.4,13519.7,3747.6,2091
LASSUE08,Baruwa,Surulere,Lagos,4032.0,13168.9,1458.7,6608.2,1694.9,1039
LASSUE19,Osho,Surulere,Lagos,4224.0,13085.7,1454.9,6852.8,1739.7,1122
LASSUE13,Jinadu Aiyetoro,Surulere,Lagos,9920.0,32273.5,3574.9,15761.9,3735.7,2070
LASSMU10,Ilaje,Shomolu,Lagos,6848.0,15336.6,1683.5,12430.3,2162.8,3405
LASSMU15,Pedro / Gbagada,Shomolu,Lagos,12087.4,53264.1,6134.6,18167.6,6495.4,2499
LASSMU01,Aiyetoro / Mafowoku,Shomolu,Lagos,3648.0,17203.7,1981.4,6720.0,2186.8,1387
LASSMU13,Orile Somolu / Alade,Shomolu,Lagos,2176.0,9509.9,1091.0,3694.5,1207.3,768
OGSIUE03,Imupa / Iyanro / Ijade / Imepe 1,Ijebu Ode,Ogun,7187.1,10215.6,1370.6,15152.0,931.5,1784
LASSMU16,Seriki-Okuta,Shomolu,Lagos,4480.0,15151.8,1724.6,7410.7,2198.3,1778
LASSMU03,Apelehin,Shomolu,Lagos,10176.0,44358.6,5108.9,15331.6,5725.7,2578
LASSMU09,Ijebu Tedo,Shomolu,Lagos,3648.0,15753.2,1814.3,5942.2,2188.9,1038
LASSMU07,Igbari,Shomolu,Lagos,2560.0,8519.9,955.1,4096.7,1029.2,725
OGSABS13,Kemta,Abeokuta South,Ogun,13302.1,19124.2,2706.1,24488.0,1821.6,2883
LASSMU11,Okesuna / Alase,Shomolu,Lagos,2176.0,9193.2,1047.8,4115.4,1056.7,773
LASSMU14,Owode  / Orile Bariga,Shomolu,Lagos,4480.0,19158.9,2199.1,6264.7,2290.4,1070
LASIOE06,Ifako / Coker,Ifako/Ijaye,Lagos,6315.1,26048.2,3260.2,9856.5,3419.6,1351
LASMUN13,Odo Eran / Ogunlana,Mushin,Lagos,5820.0,19393.0,2148.1,9078.1,2082.8,1281
LASMUN19,Papa Ajao,Mushin,Lagos,22720.0,169527.9,19410.9,24515.5,17911.5,2959
LASAMO32,Oki,Alimosho,Lagos,7098.8,18107.8,2479.6,10649.4,3239.1,1650
LASMUN07,Igbehin,Mushin,Lagos,4224.0,14250.3,1578.5,6845.7,1763.3,1065
LASMUN01,Alafia / Adeoyo,Mushin,Lagos,9262.7,31557.7,3498.1,14052.0,3629.4,1999
LASAMO23,Igando,Alimosho,Lagos,39746.4,80185.1,11453.5,63734.2,11705.5,8935
LASAMO21,Gowon Estate,Alimosho,Lagos,13754.9,27867.7,3949.3,23012.7,4584.6,3439
LASMUN18,Owodunni,Mushin,Lagos,1792.0,7692.9,885.3,2977.3,1109.0,501
LASAMO27,Isheri Oshun,Alimosho,Lagos,54261.9,83210.6,9864.3,118509.0,8250.2,14704
OGSABS02,Ake 2,Abeokuta South,Ogun,23727.5,34925.6,4947.0,39834.3,3262.6,4721
LASAMO25,Ikotun,Alimosho,Lagos,41183.8,83557.7,11935.2,65373.0,12705.6,9340
LASMUN09,Ilupeju Industrial,Mushin,Lagos,13504.0,81525.4,9358.5,18881.5,8197.0,2564
LASAMO18,Egbe-Agodo,Alimosho,Lagos,26836.5,94132.4,11922.9,41269.5,10251.6,5676
LASAMO30,Oguntade / Bameke,Alimosho,Lagos,23094.0,84407.5,10236.6,32895.3,11513.9,5021
OGSSAU03,Ajara,Shagamu,Ogun,17805.4,11982.7,1734.0,51869.1,2502.2,8928
LASAMO04,Aboru,Alimosho,Lagos,29364.9,61750.9,8766.6,47834.6,11462.2,7789
LASMUN17,Onitire,Mushin,Lagos,8448.0,28236.3,3127.7,13531.1,3343.9,2114
LASAMO08,Akesan-Obadore,Alimosho,Lagos,42505.3,83189.2,11866.8,66355.3,10518.0,8842
LASAMO36,Unity Estate,Alimosho,Lagos,12544.0,54289.5,6682.0,21572.2,7535.4,3264
LASAMO14,Ayobo,Alimosho,Lagos,13918.0,26505.5,3786.0,20663.8,3303.4,3053
LASAMO06,Agbelekale,Alimosho,Lagos,60509.0,123515.7,17614.3,97232.4,20806.9,14464
LASMUN15,Ojuwoye,Mushin,Lagos,2688.0,16633.5,1899.4,4503.6,2285.1,751
LASAMO34,Omituntun-Olori,Alimosho,Lagos,5894.7,9437.0,955.7,9891.5,1224.5,1456
LASAMO16,Baruwa,Alimosho,Lagos,30237.1,61598.5,8798.6,48559.1,8760.3,6367
LASMUN11,Moshalashi / Agoro,Mushin,Lagos,4096.0,13337.2,1477.3,7286.7,1854.3,1423
LASAMO12,Alaguntan,Alimosho,Lagos,7687.8,12830.9,1345.1,13527.3,1716.3,2139
LASAMO28,Isheri-Olofin,Alimosho,Lagos,57755.6,130663.5,18132.8,92263.7,19939.3,12991
LASAMO10,Alabata,Alimosho,Lagos,5324.0,9084.2,957.6,8849.5,1139.1,1268
LASMUN06,Idi-Oro / Odi Olowo,Mushin,Lagos,2048.0,7207.3,801.9,3626.3,943.0,714
LASAMO22,Idimu,Alimosho,Lagos,16569.8,58078.3,7337.4,26019.0,7738.4,3681
LASAMO20,Egbe-Liasu,Alimosho,Lagos,19714.0,67068.8,8533.8,30384.4,9257.9,4673
LASAMO26,Ipaja,Alimosho,Lagos,18816.3,37381.1,5339.4,28973.3,5891.7,3896
LASAMO01,Abaranje / Okerube,Alimosho,Lagos,68441.1,130194.2,18159.5,119153.2,20112.1,17395
OGSSAU06,Gra Sabo,Shagamu,Ogun,27094.3,20328.6,2941.7,79186.5,3807.6,11062
LASAMO31,Oke-Odo,Alimosho,Lagos,33399.0,121999.1,16137.0,54305.8,16756.0,8381
LASAMO07,Ajasa / Amikanle,Alimosho,Lagos,64375.6,130209.8,18598.9,103248.7,17354.9,15126
LASMUN16,Olateju,Mushin,Lagos,1088.0,4352.5,495.6,2045.3,535.4,340
LASAMO33,Okunola,Alimosho,Lagos,14134.3,29345.6,4140.3,24529.9,5999.4,3888
LASAMO17,Egan,Alimosho,Lagos,43024.6,88312.0,12614.3,72356.2,12365.0,10509
OYSISE11,Oranyan,Ibadan South East,Oyo,1216.0,1781.8,225.9,1979.8,325.8,368
LASAMO19,Egbeda,Alimosho,Lagos,12929.9,27534.8,3050.0,22735.5,3290.6,3384
LASAMO09,Akowonjo / Ilupeju,Alimosho,Lagos,5259.7,8742.7,885.4,9033.0,1028.9,1438
LASMUN14,Oduselu / Ola,Mushin,Lagos,5312.0,17278.2,1913.9,8232.9,2027.0,1261
LASAMO35,Santos / Ilupeju,Alimosho,Lagos,8988.4,15465.0,1604.6,14440.0,2049.4,2401
LASMUN12,Mushin / Atewolara,Mushin,Lagos,12288.0,79507.9,9056.8,17965.1,8404.1,2544
OGSOGU10,Moraika,Odogbolu,Ogun,34671.1,33561.2,4353.6,57264.1,4613.0,7649
OGSIUE09,Odo-Egbo / Oliworo,Ijebu Ode,Ogun,33214.8,17794.3,2416.9,56842.6,4803.4,8022
OGSABS03,Ake 3,Abeokuta South,Ogun,13922.7,14136.6,2002.4,21211.4,2012.2,2618
OGSABS01,Ake 1,Abeokuta South,Ogun,12465.2,11113.3,1574.1,20029.2,2122.2,2981
OGSABS05,Ibara 1,Abeokuta South,Ogun,15537.4,14343.0,2025.3,26555.9,2315.2,3309
OGSIUE08,Odo Esa,Ijebu Ode,Ogun,28605.3,38423.2,5194.5,48670.7,3957.0,6494
ADSYLN02,Alkalawa,Yola North,Adamawa,5206.6,5630.1,891.3,9247.7,1095.0,2619
OGSIUE02,Ijasi / Idepo,Ijebu Ode,Ogun,43518.9,29163.6,3916.3,81157.3,5940.3,10327
AKSDYY09,Urban 2,Uyo,Akwa Ibom,10853.0,8728.1,959.7,18308.5,1242.4,2461
ADSGAN03,Ganye 1,Ganye,Adamawa,20374.0,24070.8,4393.8,24481.9,4478.4,4902
ADSMUB09,Sabon Layi,Mubi North,Adamawa,6909.2,5541.8,947.3,13732.6,1453.4,4090
ADSYLN01,Ajiya,Yola North,Adamawa,7800.5,10870.5,1636.2,8780.9,1741.3,2071
AKSDYY10,Offot 1,Uyo,Akwa Ibom,59490.5,85139.8,9361.3,94592.1,6457.4,11939
ADSYLN03,Doubeli,Yola North,Adamawa,1759.0,1251.5,227.2,4701.0,311.9,1314
ADSYLN09,Nassarawo,Yola North,Adamawa,13810.3,10008.7,1816.6,31759.0,2448.4,7448
ADSYLA10,Toungo,Yola South,Adamawa,12243.1,17544.9,2881.7,16219.4,3376.5,3586
ADSYLN05,Jambutu,Yola North,Adamawa,19129.5,15282.6,2773.9,46179.9,3391.5,9433
ADSMUB04,Kolere,Mubi North,Adamawa,4260.4,3893.4,660.5,7210.8,999.9,2018
ANSNSH07,Ogbe Umuonicha,Onitsha North,Anambra,4037.8,2030.2,231.2,6515.5,480.6,1209
ADSYLN11,Yelwa,Yola North,Adamawa,1691.7,1235.2,224.2,4651.4,299.9,1576
ADSYLN08,Luggere,Yola North,Adamawa,7195.4,7114.6,1217.2,14303.2,1363.9,3223
ADSYLA07,Mbamoi,Yola South,Adamawa,5713.1,7749.2,1302.3,7984.6,1714.5,2006
ADSYLA02,Bako,Yola South,Adamawa,8777.5,11043.3,1859.3,9752.3,2268.8,2258
ADSYLN10,Rumde,Yola North,Adamawa,1548.8,1048.9,190.4,4146.2,274.6,1402
OGSABS08,Ijaiye,Abeokuta South,Ogun,11598.7,18359.9,2594.8,31659.8,1583.4,3743
OGSABS15,Oke Ijeun,Abeokuta South,Ogun,8760.0,8525.8,1202.7,19168.5,1218.8,2373
OGSSAU07,Ijagba,Shagamu,Ogun,141283.7,140383.0,20421.7,467044.3,20005.6,57614
61605,Magajin Gari A,Sokoto North,Sokoto,8902.5,17659.0,3355.9,14032.8,3390.6,3568
61602,Sarkin Adar Gidan Igwai,Sokoto North,Sokoto,16793.8,14232.5,2661.2,30602.4,3086.3,5716
61706,Sarkin Addar A,Sokoto South,Sokoto,4440.0,3540.3,662.1,9023.2,816.0,2246
61704,Rijia A,Sokoto South,Sokoto,4193.2,8417.1,1599.3,6052.1,1671.6,1610
61604,Sarkin Musulmi B,Sokoto North,Sokoto,2109.2,4550.2,864.7,3376.5,898.2,868
61708,Sarkin Zamfara A,Sokoto South,Sokoto,1441.8,1604.7,302.6,3175.3,363.6,756
61707,Sarkin Addar B,Sokoto South,Sokoto,3754.1,2823.5,529.0,8649.1,712.6,2127
OGSABN03,Iberekodo 3,Abeokuta North,Ogun,7437.4,6658.9,943.2,12320.5,1315.0,1918
61608,Magajin Rafi B,Sokoto North,Sokoto,4212.8,8562.3,1627.1,6366.4,1927.1,1654
AKSTTU10,West Itam 2,Itu,Akwa Ibom,37838.2,53072.0,6203.6,53844.0,4391.5,6797
61703,Gagi C,Sokoto South,Sokoto,37488.6,93770.1,17086.4,35146.7,17428.6,6494
61711,Tudun Wada B,Sokoto South,Sokoto,20507.6,41017.4,7646.8,21365.2,7331.8,4314
61603,Sarkin Musulmi A,Sokoto North,Sokoto,2112.0,4550.2,864.7,3572.3,1016.6,943
61610,Waziri B,Sokoto North,Sokoto,4160.0,8674.2,1648.5,6019.4,2128.5,1584
KN2102,Dan Agundi,Kano Municipal,Kano,3008.0,5980.5,1051.2,5004.6,1509.0,2301
OGSABS09,Ijemo,Abeokuta South,Ogun,23464.2,23831.7,3375.6,39036.5,3499.6,5176
KN1903,Gwarzo,Gwarzo,Kano,9464.4,16231.9,3386.8,15489.1,3625.3,5914
41402,Anguwar Ibrahim,Funtua,Katsina,12504.3,14860.2,2983.5,21792.3,3245.8,9183
KN0705,Gobirawa,Dala,Kano,31946.2,66776.2,12541.0,55777.7,13156.1,30325
KN3105,Gwagwarwa,Nassarawa,Kano,4098.1,3983.7,810.6,6629.5,949.9,2646
KN2106,Shahuchi,Kano Municipal,Kano,3648.0,25856.2,4771.5,6197.2,4221.7,3977
KN1802,Diso,Gwale,Kano,1344.0,3725.4,664.5,2240.0,951.6,1265
KN3807,Tarauni,Tarauni,Kano,25650.9,37835.6,6158.8,27074.0,6630.1,5518
LASKSE21,Shangisha / Magodo,Kosofe,Lagos,46357.3,120315.5,14401.6,60549.9,13027.7,7383
41401,Anguwan Musa,Funtua,Katsina,9382.0,11653.1,2339.6,16497.5,2567.4,6884
KN1210,Yammata,Fagge,Kano,12227.2,11375.9,2314.7,21634.0,2958.8,8418
OYSINE08,Odo Osun,Ibadan North East,Oyo,1472.0,2406.1,305.1,2688.0,384.3,537
OYSIBN08,Old Bodija,Ibadan North,Oyo,31599.9,76492.7,9627.2,26916.3,7814.8,3834
OYSINW11,Oritamerin,Ibadan North West,Oyo,1792.0,3098.4,392.9,3360.0,446.9,830
OYSINW01,Abebi,Ibadan North West,Oyo,2752.0,4358.1,552.6,4996.5,638.9,1172
LASKSE11,Ikosi-Oke,Kosofe,Lagos,9211.8,27465.7,3351.7,11457.3,3451.2,1497
OYSINW07,Eleyele,Ibadan North West,Oyo,20981.8,27158.9,3443.6,19240.4,3289.5,2790
OYSISE02,Asanike,Ibadan South East,Oyo,7680.0,29649.6,3940.3,11844.8,4527.6,2479
OYSIBN11,Sango,Ibadan North,Oyo,24657.9,46060.5,5819.4,32041.4,6570.9,5447
OYSISE03,Beere / Mapo,Ibadan South East,Oyo,2871.6,5012.6,632.4,5548.8,741.0,1255
OYSINE07,Odeaje,Ibadan North East,Oyo,22004.3,60237.4,8645.7,30887.8,9392.1,4762
LASBDY11,Ibereko,Badagry,Lagos,17209.1,18602.9,2795.2,63095.0,2519.6,7468
OYSINE12,Oranyan,Ibadan North East,Oyo,2432.0,3915.5,496.5,4084.3,645.8,866
OYSISE05,Ita-Ege,Ibadan South East,Oyo,2482.0,7046.4,924.5,4318.2,1125.0,846
OYSIBN06,Oke Are,Ibadan North,Oyo,1856.0,2973.5,377.0,3190.7,472.0,598
OYSINW06,Ekotedo,Ibadan North West,Oyo,6189.0,9578.8,1214.5,8593.2,1307.8,1533
LASIOE11,Iju Ishaga,Ifako/Ijaye,Lagos,11935.3,32315.8,4358.1,20977.5,4907.8,3424
LASIOE14,Tabon Tabon / Egbir,Ifako/Ijaye,Lagos,13696.0,34817.8,4695.5,23442.8,5138.6,3466
OSSOIE11,Ipetu Ijesa 2,Oriade,Osun,2055.7,1897.7,226.9,2489.8,248.6,363
OYSISW05,Foko / Ologede,Ibadan South West,Oyo,6336.0,11863.7,1443.7,11498.2,1867.8,2649
OYSINW08,Idikan / Olorisaoko,Ibadan North West,Oyo,2112.0,3189.2,404.4,3226.1,507.5,734
OYSISE10,Oke-Oluokun,Ibadan South East,Oyo,3071.8,9009.9,1169.9,4659.1,1529.6,942
OYSISE09,Oja'ba,Ibadan South East,Oyo,2432.0,3950.7,489.6,3665.6,730.0,789
50102,Aliero Dangaladima 2,Aleiro,Kebbi,2871.2,2484.8,495.7,3186.6,562.7,634
OYSINE03,Aperin,Ibadan North East,Oyo,18621.6,73481.5,9774.6,29726.1,11251.8,5893
LASIOE04,Alakuko Ajegunle,Ifako/Ijaye,Lagos,24178.1,61885.6,8348.9,37351.2,7947.6,5220
OYSISW07,Ita Aregbeomo,Ibadan South West,Oyo,2432.0,4373.0,530.2,3978.3,755.6,907
OYSISE08,Odinjo,Ibadan South East,Oyo,14082.3,37750.0,5402.3,21160.6,7009.9,3920
OGSABN13,Totoro 1,Abeokuta North,Ogun,7555.9,6768.5,958.7,12962.7,1429.3,1904
OGSIFO01,Agbado,Ifo,Ogun,46721.0,110271.0,14929.9,79460.1,15896.7,13833
OYSINE04,Atipe,Ibadan North East,Oyo,11121.7,40031.2,5325.3,14607.3,5083.5,2491
OGSABN15,Totoro 3,Abeokuta North,Ogun,2543.9,2211.1,313.2,4077.2,504.5,668
LASAMO11,Alagbado / Alakuko,Alimosho,Lagos,58167.6,120600.5,17189.9,92362.4,17744.2,13388
LASIKA10,Oke-Ira Powerline,Ikeja,Lagos,7514.0,12272.8,1242.8,12606.1,1073.5,1909
OGSABN16,Totoro 4,Abeokuta North,Ogun,12742.6,10326.8,1462.7,15298.4,2254.2,1917
OGSABN02,Iberekodo 2,Abeokuta North,Ogun,4821.7,4125.6,584.4,7263.7,796.4,992
OYSINW04,Asukuna,Ibadan North West,Oyo,1664.0,2633.0,333.9,3019.5,415.2,717
OGSABN01,Iberekodo 1,Abeokuta North,Ogun,8879.2,7825.7,1108.5,12844.0,1414.5,1679
12410,Lamisula,Maiduguri,Borno,17793.4,22522.7,4120.9,48630.1,4089.2,9481
ANSKPP05,Nwagu 2,Dunukofia,Anambra,1871.7,1272.5,151.3,2268.7,215.2,335
OYSIBN05,Nalende,Ibadan North,Oyo,6245.2,10648.2,1346.6,8714.4,1495.3,1835
OYSIBN09,Sabo,Ibadan North,Oyo,3249.5,6553.3,828.1,4454.6,726.5,858
OGSABN04,Iberekodo 4,Abeokuta North,Ogun,15500.9,15400.0,2181.3,23092.4,2307.3,2919
OYSIBN10,Samonda,Ibadan North,Oyo,41963.0,64301.5,8210.4,31238.0,8274.3,4472
OYSIBN01,Agbowo,Ibadan North,Oyo,16978.3,19735.6,2585.5,38729.1,3191.1,6254
KGSERE13,Oke Egbe 4,Yagba West,Kogi,7659.0,3054.6,539.4,5015.7,1975.2,876
OYSISE06,Kobomoje,Ibadan South East,Oyo,1024.0,1426.8,180.6,1433.1,255.4,278
OYSISE01,Adesola,Ibadan South East,Oyo,7139.9,25807.6,3432.9,8735.2,3510.0,1563
OYSINW05,Bere,Ibadan North West,Oyo,768.0,1271.1,161.2,1344.0,203.6,322
OYSINW03,Agbaje / Idikan,Ibadan North West,Oyo,1024.0,1668.4,211.5,1790.4,262.7,457
OGSADO13,Ota 1,Ado Odo/Ota,Ogun,53925.6,79103.3,11393.0,111840.0,10728.0,14805
OGSADO15,Ota 3,Ado Odo/Ota,Ogun,38776.3,37268.2,5347.7,73270.6,8376.1,11155
OGSADO14,Ota 2,Ado Odo/Ota,Ogun,41740.7,25537.8,3792.4,118212.2,6022.0,15948
OGSADO10,Iju,Ado Odo/Ota,Ogun,255303.1,340935.3,49774.8,734857.0,42075.8,92376
OGSADO16,Sango,Ado Odo/Ota,Ogun,73470.4,45546.0,6563.6,172556.6,11757.5,25460
OGSADO11,Ilogbo Ward,Ado Odo/Ota,Ogun,115541.9,110742.6,16445.4,393345.9,16669.4,48280
OYSIJA05,Ijio / Ayegun,Iwajowa,Oyo,19283.0,19467.3,2403.6,19427.2,2396.6,2753
OGSADO09,Ijoko,Ado Odo/Ota,Ogun,91464.7,82948.7,11944.8,216948.6,15951.2,30839
OGSYES10,Owode 1,Yewa South,Ogun,30675.7,33599.2,5142.2,62636.0,4896.7,7777
BYSBRS05,Kongho,Brass,Bayelsa,3762.6,6570.1,778.7,3681.2,566.5,484
OYSIJA06,Ilaji / Idiko Ile,Iwajowa,Oyo,7138.2,6464.5,794.4,4123.9,858.9,583
OYSIBAN08,Ofiki 2,Ibarapa North,Oyo,11691.7,16175.1,2024.3,8712.5,1427.0,1231
OYSIBAN07,Ofiki 1,Ibarapa North,Oyo,32703.2,35716.6,4478.8,17368.8,4027.5,2448
OGSION09,Matale,Imeko Afon,Ogun,17883.0,18334.3,2531.4,8526.7,2395.3,996
BYSNEM04,Igbeta Ewoama,Nembe,Bayelsa,4888.9,24872.6,3095.5,5044.0,1900.3,783
OGSION08,Iwoye,Imeko Afon,Ogun,23239.7,23752.3,3404.7,17032.3,3103.0,2023
RVSBNY11,Boward 11,Bonny,Rivers,704.0,1415.3,153.6,751.6,125.6,111
RVSBNY07,Boward 7,Bonny,Rivers,44397.4,78863.2,8559.7,32236.5,9200.3,5479
RVSKRK06,Okward 6,Okrika,Rivers,19820.3,53023.4,6141.4,13716.2,5736.1,2114
AKSPNG05,Mkpanak,Ibeno,Akwa Ibom,11376.1,19908.1,2330.8,17043.4,2620.2,2680
BYSNEM12,Okoroma 2,Nembe,Bayelsa,11241.0,34043.1,4292.2,8922.2,3848.3,1360
RVSABM16,Aktward 16,Akuku Toru,Rivers,17756.9,137438.9,16413.9,20180.6,15672.8,3442
BYSBRS06,Minibie,Brass,Bayelsa,20102.6,37006.3,4381.2,19161.3,4634.6,2962
BYSBRS04,Cape Formosa,Brass,Bayelsa,12402.2,29804.7,3531.0,15814.4,2928.4,3034
BYSBRS08,Oginibiri,Brass,Bayelsa,1292.0,2062.5,244.2,812.0,234.6,106
BYSBRS01,Brass 1,Brass,Bayelsa,15445.0,31949.2,3782.5,11914.5,3597.8,2098
BYSBRS02,Brass 2,Brass,Bayelsa,10701.5,20982.1,2484.1,7580.2,2584.8,1340
BYSBRS09,Okpoama,Brass,Bayelsa,9269.9,19157.6,2268.1,7645.5,2422.6,1373
BYSBRS07,Odioma-Diema,Brass,Bayelsa,23392.5,46717.4,5687.3,21908.7,5922.5,4019
BYSNEM03,Basambiri 3,Nembe,Bayelsa,1816.9,6537.8,824.7,1592.8,521.3,245
RVSABM11,Aktward 11,Akuku Toru,Rivers,8373.4,17154.6,2030.9,13140.7,2084.9,2609
ODSESO07,Arogbo 2,Ese Odo,Ondo,1963.3,7104.4,906.9,2689.9,587.1,368
DTSKLK07,Ogheye,Warri North,Delta,18556.3,27702.3,3387.8,12460.3,4918.3,1973
DTSKLK06,Ogbinbiri,Warri North,Delta,3708.3,6578.8,800.2,2458.6,924.6,374
DTSKLK04,Gbokoda,Warri North,Delta,19642.8,37342.6,4567.0,12576.5,5091.3,1912
ODSIAE03,Mahin 1,Ilaje,Ondo,20873.1,26415.2,3311.7,21447.7,3369.3,2976
DTSKLK09,Opuama,Warri North,Delta,30084.8,51501.1,6351.7,21625.6,6550.6,3290
DTSKLK10,Tsekelewu,Warri North,Delta,2149.7,2977.1,362.1,1623.1,477.0,236
ODSIAE04,Mahin 2,Ilaje,Ondo,43978.5,54593.5,6844.4,46194.9,8567.4,6492
ODSIAE12,Ugbo1,Ilaje,Ondo,22680.1,25461.1,3192.1,17801.7,5175.8,2447
ODSIAE07,Ugbo 2,Ilaje,Ondo,22298.4,22723.1,2848.8,17878.6,4676.2,2570
ODSIAE05,Mahin 3,Ilaje,Ondo,52875.5,100676.2,12627.3,59218.4,6646.0,8383
DTSKLK08,Okbudugbudu,Warri North,Delta,9181.0,17981.0,2203.1,6831.2,2036.3,1071
ODSIAE02,Etikan,Ilaje,Ondo,9663.1,10360.7,1298.9,7396.0,1291.6,996
ODSIAE06,Mahin 4,Ilaje,Ondo,11066.1,21117.8,2652.8,10860.0,1374.3,1491
ODSIAE01,Aheri,Ilaje,Ondo,22522.9,26089.6,3277.1,19922.4,3536.6,2798
DTSWRC06,Ogidigben,Warri South-West,Delta,16626.2,28391.6,3518.2,15325.7,3153.3,2358
DTSBUR07,Ogulagha,Burutu,Delta,29765.5,44593.8,5728.6,27171.3,8333.0,4741
OGSWSD10,Ode-Omi,Ogun Waterside,Ogun,13024.7,12836.5,1623.0,7542.0,1700.2,886
DTSWRC07,Okerenkoko,Warri South-West,Delta,3905.7,6793.7,835.6,2868.4,850.5,426
DTSWWR06,Obodo,Warri South,Delta,21084.2,31915.0,3871.3,16901.2,4263.7,2573
DTSWWR10,Ubeji,Warri South,Delta,91824.8,125007.3,15339.2,88562.2,17944.4,14393
TRSARD05,Jauro Yinu,Ardo-Kola,Taraba,18239.8,21738.7,3947.3,33398.4,3251.6,5423
TRSARD02,Ardo Kola,Ardo-Kola,Taraba,5792.7,6415.1,1164.9,13535.6,1032.7,2174
TRSARD06,Lamido Borno,Ardo-Kola,Taraba,8671.1,14213.4,2580.9,22343.8,1545.8,3588
TRSJAL09,Turaki B,Jalingo,Taraba,18489.4,18410.6,3131.0,22275.3,3096.4,3590
TRSJAL03,Kona,Jalingo,Taraba,115972.7,120812.9,20001.6,108693.7,19068.5,17510
ADSGRE08,Modire,Girei,Adamawa,38313.9,35456.9,5681.9,44084.1,6367.7,8736
TRSJAL01,Barade,Jalingo,Taraba,11531.6,9339.6,1630.5,23233.0,2188.8,3909
TRSJAL07,Sintali B,Jalingo,Taraba,50028.0,42696.5,7054.2,56074.4,8231.9,9109
ADSYLA01,Adarawo,Yola South,Adamawa,19995.5,28541.0,4290.2,19779.1,4882.1,4387
TRSJAL05,Sarkin Dawaki,Jalingo,Taraba,6125.5,4984.5,905.1,16001.9,1092.0,2649
TRSJAL02,Kachala-Sembe,Jalingo,Taraba,17723.5,19284.0,3391.2,30380.0,3055.0,4882
ADSYLA06,Mbamba,Yola South,Adamawa,55874.1,58535.8,9601.4,37198.1,9932.8,6610
TRSJAL04,Majidadi,Jalingo,Taraba,6733.5,6338.9,1151.0,21501.2,1200.4,3875
TRSYRR05,Lankaviri,Yorro,Taraba,17134.6,24710.2,4310.9,21571.7,2937.6,3490
TRSYRR02,Gongong,Yorro,Taraba,19176.7,20310.3,3406.3,15928.1,3142.2,2558
ADSGRE02,Damare,Girei,Adamawa,20397.9,19020.7,3452.4,38073.1,3618.3,6861
ADSYLN07,Limawa,Yola North,Adamawa,2975.3,1705.7,309.6,6170.0,527.5,1924
ADSYLN04,Gwadabawa,Yola North,Adamawa,61240.3,84806.5,12343.7,34571.9,13879.0,6175
ADSYLA04,Makama A,Yola South,Adamawa,22952.9,42362.7,6134.0,33661.9,6786.6,7987
TRSBAL06,Gang Tiba,Bali,Taraba,3820.8,4010.0,762.1,5332.2,713.7,871
TRSBAL04,Gang Lari,Bali,Taraba,9949.0,11741.6,2182.5,14151.5,1820.9,2273
AKSENW07,Effiat 2,Mbo,Akwa Ibom,7391.3,9043.5,1156.7,5539.6,2725.6,820
TRSLAU10,Yitti,Lau,Taraba,10571.0,7571.1,1352.9,10451.5,1875.5,1681
TRSLAU08,Lau,Lau,Taraba,25750.3,24219.8,4615.0,23946.2,4976.6,3863
OYSICL05,Isale Oba,Ibarapa Central,Oyo,3274.9,995.4,118.1,815.5,382.2,115
OGSABN09,Imala,Abeokuta North,Ogun,34116.3,21505.8,3118.9,16421.3,4793.0,1965
OGSION03,Agborogbomo,Imeko Afon,Ogun,9237.7,4470.9,615.3,3136.0,1247.4,366
OGSION04,Atapele,Imeko Afon,Ogun,4643.9,3614.2,499.0,2636.8,623.4,309
OYSIJA07,Itasa / Idikoago,Iwajowa,Oyo,18803.2,26933.9,3308.9,14709.6,2268.4,2100
OYSIBAN02,Ayete 2,Ibarapa North,Oyo,11195.9,12140.7,1523.8,7682.1,1607.6,1113
OYSICL06,Oke Oba,Ibarapa Central,Oyo,964.3,220.3,27.5,434.5,119.7,61
RVSDEG17,Deward 17,Degema,Rivers,4973.3,28878.6,3281.4,3679.8,2870.2,594
AKSTTU09,East Itam 4,Itu,Akwa Ibom,7350.2,3830.0,454.3,6528.9,854.3,808
11707,Kauwa,Kukawa,Borno,8787.1,19100.2,3681.9,4208.0,2587.4,623
OYSKAA10,Kajola,Kajola,Oyo,1756.2,407.6,50.7,962.4,212.1,136
KN0408,Kofa,Bebeji,Kano,7451.3,10145.6,2029.8,11129.7,1585.2,3895
60301,Bodai,Dange Shuni,Sokoto,23147.3,24120.3,4835.4,18699.6,4592.6,3310
60504,Goronyo,Goronyo,Sokoto,30472.9,39121.4,8108.6,23000.8,9404.1,4477
PLSMBD13,Talgwang,Langtang South,Plateau,10044.5,9835.4,1746.6,9299.9,1753.5,1409
12308,Ngurno,Monguno,Borno,2725.4,10910.8,2043.9,3131.4,554.1,484
GMSFKY04,Bajoga West,Funakaye,Gombe,31577.7,42522.2,7921.7,36726.0,7002.1,8460
KGSNDG08,Onyedega,Ibaji,Kogi,21180.4,16657.1,3286.8,10834.6,5589.9,1848
OGSINE08,Odosenbora,Ijebu North East,Ogun,15608.2,12700.1,1584.2,10138.9,2164.1,1197
OGSINE03,Igede,Ijebu North East,Ogun,5504.1,7682.9,953.9,3536.5,731.4,420
ENSAGW20,Olo 1,Ezeagu,Enugu,14347.8,27523.1,3021.5,16682.5,1517.3,2739
GMSYDB06,Kanawa / Wajari,Yamaltu/Deba,Gombe,17023.0,6998.2,1376.9,28179.1,3290.1,6070
OYSOWT08,Opapa / Fatuke,Oyo West,Oyo,45546.8,37239.8,4774.4,73604.9,5668.0,11429
OSSICL07,Iremo 2 / Iremo 2 Eleyele,Ife Central,Osun,13000.0,17690.7,2030.4,25444.3,1448.8,3386
ANSNSH09,Omagba 2 / Inland Town 8,Onitsha North,Anambra,3368.6,1423.2,159.5,4999.9,365.4,741
CRSANA01,Ward 1,Calabar South,Cross River,15290.1,16505.2,1922.5,24008.9,1803.8,3067
OSSOSO04,Ataoja 2 / B,Osogbo,Osun,5512.1,4367.0,547.9,2665.8,783.7,347
NISMAK01,Beji,Bosso,Niger,13137.4,13487.9,2569.5,29931.0,2459.5,5029
ABSMBL18,Umuasua,Isuikwuato,Abia,8773.1,10024.6,983.4,6168.7,838.8,995
ANSKPP03,Ifite Dunu 3 / Akwa,Dunukofia,Anambra,6715.2,3234.0,379.5,7984.2,783.4,1189
ENSJRV01,Achi-Agu 3,Oji-River,Enugu,24355.6,11333.7,1247.9,17456.8,2577.5,2710
ENSJRV03,Achi-Uno 3,Oji-River,Enugu,10341.0,12480.3,1396.7,10360.7,1101.0,1650
AKSAUQ09,Ikpa,Esit Eket,Akwa Ibom,10535.1,11880.0,1528.8,7133.6,1361.0,887
AKSAUQ02,Uquo 2 / Ebe Ekpi,Esit Eket,Akwa Ibom,11028.9,10641.4,1369.2,5336.1,1519.4,661
OSSIDN06,Iba 2 / 2,Ifelodun,Osun,5721.4,6528.1,815.5,5020.4,752.6,731
EKSEKE08,Iworo Omuo / Obadore 2,Ekiti East,Ekiti,3873.9,90.5,10.5,1824.9,468.6,279
ANSUKP12,Osumenyi 4 / Osumenyi  2,Nnewi South,Anambra,8466.7,7179.5,752.7,8985.4,856.5,1331
ENSJRV11,Inyi 3,Oji-River,Enugu,9640.8,2908.0,318.2,10145.8,1024.0,1590
ANSZBL01,Amakwa / Amakwa 2,Ekwusigo,Anambra,15163.6,13728.7,1538.5,11025.1,1776.6,1629
AKSABT10,Ikot Udo / Oniong west 3,Onna,Akwa Ibom,12890.0,15818.4,1950.1,5175.6,1665.8,641
AKSABT09,Nkpok / Nung idem 1,Onna,Akwa Ibom,5845.2,5628.1,698.7,1612.7,774.3,200
OSSOSO03,Ataoja 1 / A,Osogbo,Osun,15531.7,17067.8,2092.8,42011.3,2039.5,5480
ENSDBR14,Oduma 3 / Ezinesi,Aninri,Enugu,15051.4,10785.3,1315.3,5930.4,1813.1,921
71501,Babbangida,Tarmuwa,Yobe,25828.0,27378.6,4916.2,33664.2,4593.6,5753
OYSSWT06,Isale Efii / Bagii,Saki West,Oyo,624.9,779.7,104.9,460.7,83.0,65
12606,Jigalta,Nganzai,Borno,11912.0,5692.4,1147.8,2642.4,2354.8,379
10807,Mudu Kaza,Dikwa,Borno,12555.2,26144.8,5296.5,4796.3,4781.7,698
11509,Sigal Karche,Kala Balge,Borno,7745.1,8669.5,1690.3,3268.3,3078.9,527
10511,Zarawuyaku,Biu,Borno,35401.3,37399.1,7121.3,38470.4,7021.2,6327
RVSNCH10,Onne,Eleme,Rivers,31887.0,64486.3,7419.5,27627.7,6059.4,4096
OSSORU10,Olufon Orolu H,Orolu,Osun,13538.2,14940.2,1886.6,11694.5,1987.7,1592
OSSIRE04,Fiditi / Ikire J,Irewole,Osun,666.4,0.0,0.0,1023.4,78.8,153
OSSIRE03,Atoba / Ikire A,Irewole,Osun,1873.6,225.0,27.5,2927.4,221.5,389
OSSBOE11,Ororuwo,Boripe,Osun,5405.2,9008.2,1074.0,3246.4,978.8,425
OSSBOE07,Oke Ogi / Ada 2,Boripe,Osun,15520.2,26762.7,3190.9,9382.9,2926.1,1310
OSSBOE06,Iso-Ege / Ada 1,Boripe,Osun,9559.3,16263.2,1939.0,6599.7,1688.2,872
OSSBOE04,College / Egbada Road / Isale Offa,Boripe,Osun,19329.9,23265.4,2814.2,23272.5,2686.8,3107
OSSADE11,Ijegbe / Oke-Eso / Oke-Owu Ijugbe,Ayedade,Osun,9533.3,27174.2,3123.9,11866.1,1108.3,1657
OSSADE10,Obalufon,Ayedade,Osun,13787.8,864.8,99.4,19235.5,1608.0,2898
CRSANA11,Ward 11,Calabar South,Cross River,18364.5,16798.1,2151.8,17174.0,2750.5,2112
CRSANA07,Ward 7,Calabar South,Cross River,10174.5,9833.0,1136.5,15499.8,1254.6,2158
CRSANA06,Ward 6,Calabar South,Cross River,5226.1,5073.8,579.7,8136.7,582.8,1131
CRSANA03,Ward 3,Calabar South,Cross River,12885.8,12037.4,1385.0,16631.0,1559.3,2303
BNSSEL11,Utange,Ushongo,Benue,6270.4,15005.4,2768.0,17300.9,1131.6,2462
BNSSEL10,Mbagwe / Mbayegh,Ushongo,Benue,6363.9,1358.7,250.6,14151.7,1148.5,1990
BNSSEL08,Mbagwaza,Ushongo,Benue,16450.4,36999.5,6893.4,48542.4,2975.1,6829
OSSEGO03,Ijimoba / Inisa 1 / Aato / Igbon,Ejigbo,Osun,1189.3,485.8,57.4,866.1,139.0,113
OSSEGO08,Okebalogun / Elejigbo 'D' / Ejemu,Ejigbo,Osun,7697.3,9357.5,1119.0,10445.5,902.0,1385
AKSKTE06,Ikot Obong Edong / Ikot Ekpene 11,Ikot Ekpene,Akwa Ibom,10959.8,13704.9,1651.9,10313.2,1274.9,1277
BNSSEL07,Mbagba,Ushongo,Benue,18557.7,53407.1,9916.1,57318.9,3366.7,8063
BNSSEL02,Mbaanyam / Ikov,Ushongo,Benue,14147.0,11497.6,2097.3,20243.9,2512.5,2845
BNSMKD07,Mbalagh,Makurdi,Benue,15743.4,10385.3,1567.6,16788.8,2325.4,2377
OSSIDO09,Obaale,Ifedayo,Osun,4605.6,8463.2,994.6,3715.4,830.5,597
70407,Ngalda / Dumb,Fika,Yobe,46965.0,43576.1,8031.4,48455.9,8721.2,9342
12608,Alarge,Nganzai,Borno,4943.8,6351.7,1282.2,1636.8,981.5,235
12309,Sure,Monguno,Borno,13201.5,17996.6,3266.2,7115.9,3736.7,1063
BNSDKP10,Onyagede Icho (Ogoli),Ohimini,Benue,14410.1,15157.8,2786.2,15657.2,2618.7,2311
BNSPKG03,Ichama 1 / Ojoga,Okpokwu,Benue,7605.8,5871.4,1116.3,5503.2,1430.3,773
ENSAGN11,Akpugo 3,Nkanu West,Enugu,7261.8,6058.5,618.0,5153.0,711.3,800
BNSDKP03,Awume Icho,Ohimini,Benue,4454.9,5975.8,1169.0,6271.2,854.3,981
BNSDKP06,Ochobo,Ohimini,Benue,20149.9,19523.2,3819.1,18402.2,3945.0,2646
OSSIDN09,Oke Amola / Amola Ikirun,Ifelodun,Osun,5846.1,5371.9,658.8,10423.1,694.2,1435
BNSDKP02,Awume Ehaje,Ohimini,Benue,6632.8,8942.9,1749.4,9739.8,1272.2,1508
12306,Mofio,Monguno,Borno,14761.2,21680.1,3957.9,7283.2,4150.7,1046
70309,Njiwaji / Gwange,Damaturu,Yobe,19074.0,16141.3,2796.3,51327.1,3244.6,10219
EBSCHR14,Ndiegu Amegu 3 / Ndufu Echara,Ikwo,Ebonyi,10393.4,11882.6,2101.8,7818.5,2048.6,1336
OSSOSO05,Ataoja 3 / C,Osogbo,Osun,415.9,164.5,19.8,510.5,48.4,67
BNSDKP01,Agadagba,Ohimini,Benue,11966.1,10231.2,2001.4,10185.9,2313.1,1464
AKSENW05,Enwang 2,Mbo,Akwa Ibom,11080.0,15498.4,1983.0,5128.3,2099.2,639
AKSABT12,Nung idem 2,Onna,Akwa Ibom,10980.2,12713.3,1566.9,4176.1,1473.8,517
DTSBKW07,Okuzu / Obiaruku  2,Ukwuani,Delta,26538.8,31576.7,3903.8,30372.0,3336.3,4472
ANSNSH06,Marine / Trans Nkisi,Onitsha North,Anambra,31185.8,18617.3,2120.2,55752.6,3480.9,8336
OSSBOLUW02,Igbajo 1 / Gbeleru Obaala 1,Boluwaduro,Osun,5425.6,4356.3,549.0,2597.2,769.2,360
EKSEKW09,Okebedo 1 / Ilawe 3,Ekiti South-West,Ekiti,956.7,428.3,49.5,344.7,106.8,51
ABSACH06,Eleoha Ihe 1,Arochukwu,Abia,15753.8,17050.2,1929.6,10223.2,1919.6,1766
IMSAWD13,Orsu Ihitteukwa 1 and 2,Orsu,Imo,4890.9,4511.7,534.2,8522.0,559.8,1220
ANSNSH05,Main Market 1 / Water-side Central  1,Onitsha North,Anambra,2508.0,1264.5,144.0,4210.9,304.2,784
OSSAME09,Odogbo / Ayegunle,Atakunmosa East,Osun,1976.0,2316.7,274.8,1909.6,284.7,290
OSSAME10,Sokoto / Forest Reserve  2,Atakunmosa East,Osun,137.6,75.8,9.3,288.8,16.3,42
OSSAME02,Arowojobe / Arowojobe,Atakunmosa East,Osun,394.9,328.5,40.2,1255.0,46.7,169
OSSOSO14,Olugun / Eketa,Osogbo,Osun,5021.8,5108.0,644.1,2321.0,747.7,302
OYSOIE01,Adafila / Ori Ire 6,Ori Ire,Oyo,6843.2,7554.3,957.8,8140.5,843.8,1161
OSSIEW09,Ita-Ofa / Omofe / Idasa,Ilesha West,Osun,9191.4,10001.7,1179.7,11933.1,1054.4,1561
ANSNZM01,Abegbu / Iyiora,Anambra West,Anambra,12707.7,21208.1,2621.9,6356.3,2732.7,973
10905,Gubio 2,Gubio,Borno,17612.1,17745.0,3400.5,13617.7,3584.2,2149
CRSBRA05,Osopong 2 / Osopong 1,Obubra,Cross River,10708.6,12832.3,1710.3,4261.0,1590.8,520
CRSCAL01,Akim / One,Calabar Municipal,Cross River,9682.5,7684.8,878.0,13966.4,1445.5,2250
NASNEG11,Ogbabi / Agunji,Nasarawa Egon,Nasarawa,1558.3,2580.6,504.0,1421.6,298.2,247
OSSIAE01,Anaye / Iloro / Roye,Ilesha East,Osun,37394.0,44069.5,5188.5,41657.3,5054.8,5748
EBSCHR06,Ekpa Omaka / Inyimagu 1,Ikwo,Ebonyi,17495.8,14284.9,2482.4,11221.9,2988.4,1917
AKSAUQ10,Edo 3 / Ebighi Okpono,Esit Eket,Akwa Ibom,12385.2,12781.6,1645.0,7181.7,1597.9,898
AKSBMT11,Ibdoro / Ibiono Northern 1,Ibiono Ibom,Akwa Ibom,25987.7,34377.3,4328.9,8859.8,3375.9,1097
AKSDRK07,Usuk Ibahesi / Ikono North 2,Ini,Akwa Ibom,14413.1,16101.8,2018.2,8894.6,1757.0,1101
AKSDRK08,Mbiafun / Ikono North 3,Ini,Akwa Ibom,29973.5,35821.0,4537.5,24930.3,3680.2,3095
EBSEDA08,Nguzu A / B / Nguzu,Afikpo South,Ebonyi,10736.4,23763.3,3134.4,5820.6,2139.2,1024
EBSHKW36,Umuoru Amoka / Umuagara / Amechi,Ohaukwu,Ebonyi,8390.1,19386.8,2914.7,7672.5,1226.4,1311
61507,Katami South,Silame,Sokoto,9595.7,9557.1,1949.4,10450.9,2005.1,2077
IMSAWD03,Assah Ubiri Elem,Orsu,Imo,5391.9,5443.1,644.5,10351.0,617.1,1484
DTSSKL09,Oria / Abraka  3,Ethiope East,Delta,33383.7,34458.7,4376.8,35815.2,4372.2,5490
OSSORU02,Bolorunduro / Olufon Orolu D,Orolu,Osun,981.6,768.1,92.2,466.4,127.5,61
OSSOLA08,Orisunmbare / Balogun,Olorunda,Osun,4742.7,6146.6,732.8,2312.5,715.9,336
EKSIKE05,Ikunri / Ikole East,Ikole,Ekiti,2417.2,1506.3,268.5,1811.7,430.1,269
EKSIKE07,Isaba / Ikole West 2,Ikole,Ekiti,2637.6,1304.6,161.5,4639.7,335.3,706
EKSEKW11,Okemi / Ogotun 2,Ekiti South-West,Ekiti,5899.3,9122.6,1055.2,5039.9,1054.3,1006
KWSKSB01,Bode Babane,Baruten,Kwara,15356.8,13721.7,2816.8,21645.0,3090.4,3675
EKSEKW02,Adin / Ilawe 5,Ekiti South-West,Ekiti,1060.2,632.2,73.1,187.1,181.5,28
EKSEKW04,Iro / Okeloye / Okepa / Ilawe 7,Ekiti South-West,Ekiti,504.4,407.9,47.1,194.3,94.0,29
EKSEKW01,Aaye / Ilawe 1,Ekiti South-West,Ekiti,892.3,183.6,21.2,373.7,101.7,56
CRSUDU10,Urban 2 / ObudunUrnan 2,Obudu,Cross River,29747.9,33045.9,4207.6,20653.8,3895.6,2426
EKSEFO05,Idagba / Apare / Efon 7,Efon,Ekiti,369.8,0.0,0.0,132.8,43.2,20
EKSEFO07,Iloro / Efon 9,Efon,Ekiti,4822.7,5055.6,607.2,3379.7,744.1,541
EKSEFO04,Erekesan / Efon 1,Efon,Ekiti,592.9,329.4,39.4,457.2,79.5,68
EKSEME02,Eporo / Ogbontioro 2,Emure,Ekiti,32027.6,46581.9,4466.3,25836.3,4990.1,4050
EKSEME01,Ariyasi / Ogbontitu / Oke Emure 1,Emure,Ekiti,1221.7,3576.0,342.9,856.3,123.9,136
CRSTGD01,Imabana 2 / 2,Abi,Cross River,8014.7,5450.6,683.7,4220.6,1264.1,525
EKSEME10,Owode / Ose / Odo Emure 4,Emure,Ekiti,2937.5,10351.5,992.5,2078.5,339.0,318
IMSETU16,Udo Na Obokwu / Udo-Na-Obizi,Ezinihitte,Imo,12870.4,16120.1,1870.1,10445.5,1630.6,1519
BNSGBK01,Gboko Central / Gbk / Central Market,Gboko,Benue,5863.4,6227.3,990.1,8754.5,986.2,1350
BYSNEM07,Obioku / Bassambiri 4,Nembe,Bayelsa,2521.1,9649.4,1217.2,2401.6,1055.8,422
ANSNSH02,Omagba 1 / Inland Town 7,Onitsha North,Anambra,6490.9,3948.0,441.9,9640.2,702.9,1426
BNSALD04,Ikwe / Mbaiase,Gwer East,Benue,4857.4,2080.7,383.8,5587.8,876.9,787
ANSUMZ03,E-Umunya Onwe,Orumba South,Anambra,7448.6,1147.0,132.0,4721.6,834.6,698
ANSZBL12,Uruokwe / Ozubulu  2,Ekwusigo,Anambra,6981.6,8533.3,1091.5,7506.0,874.7,1115
BNSBGT11,Itabono 1,Ogbadibo,Benue,8822.8,7760.2,1466.2,12066.3,1623.1,1696
BNSBGT10,Ehaje 2,Ogbadibo,Benue,8838.0,9377.3,1771.7,13763.4,1625.9,1942
BNSNAK09,Nyamshi / Mbanyamshi,Gwer West,Benue,3249.1,4322.3,877.5,2570.4,646.5,361
OGSINE02,Igbeba / Erunwon,Ijebu North East,Ogun,3717.5,5442.8,679.1,2531.1,473.7,296
EKSADO04,Igirigiri / Ado 'B' Inisa,Ado-Ekiti,Ekiti,778.8,238.8,23.8,591.9,75.3,97
EKSEWT11,Okemesi C,Ekiti West,Ekiti,4630.5,1013.5,121.0,1621.2,576.3,241
EKSEWT10,Okemesi B / Okemesi 2,Ekiti West,Ekiti,972.3,250.2,30.0,166.9,131.9,25
DTSSKL05,Isiokolo / Agbon  8,Ethiope East,Delta,7959.8,9494.2,1198.4,6551.7,1024.9,957
11209,Pama Waitam,Hawul,Borno,8063.1,5809.2,1163.2,9803.5,1587.4,1415
11411,Ngamdu,Kaga,Borno,24067.2,15769.8,2876.0,42245.6,4330.9,6838
EBSBZR05,Ene- Na - Ezeraku,Ohaozara,Ebonyi,3839.8,2867.9,367.8,1424.8,480.6,243
EBSBZR03,Amata / Akpoha / Obiozara,Ohaozara,Ebonyi,30599.8,33066.7,4116.0,12561.3,3831.4,2146
NASNSW12,Odeni Magaji / Udenin,Nasarawa,Nasarawa,4340.0,5136.0,979.0,12699.1,810.7,2229
NISSUL05,Iku 1 / Iku South 1,Suleja,Niger,28862.8,55557.4,10381.4,19369.9,9895.6,3225
ODSOET08,O-Sogo / Orisunmibare,Ondo East,Ondo,4092.3,2622.8,342.3,2983.3,581.6,436
ODSOET06,Kolawole / Obada,Ondo East,Ondo,429.2,185.7,27.9,470.6,64.8,63
OGSIUE06,Itantebo / Itaogbin,Ijebu Ode,Ogun,13900.4,21521.0,2930.9,20904.9,1839.3,2529
OGSSAU02,Agura / Sabo 2,Shagamu,Ogun,32615.6,29534.7,4273.9,101691.5,4583.6,12162
OGSSAU09,Itunsoku,Shagamu,Ogun,18663.2,20320.7,2940.6,54456.0,2622.8,6407
OGSSAU15,Soyindo / Oko / Epe / Itula 1,Shagamu,Ogun,16193.0,16598.4,2396.9,47964.2,2275.6,5689
DTSAGB11,Udomi-Azuowa / Abavo 2,Ika South,Delta,11671.3,11723.4,1435.5,16349.5,1385.7,2403
DTSAGB04,Alihagwu / Ihiuiyase 1,Ika South,Delta,23029.5,21872.4,2681.1,34728.7,2739.3,5140
DTSAGB09,Oyoko / Abavo 1,Ika South,Delta,28745.5,31746.8,3884.7,47465.2,3420.8,7217
DTSAGB03,Agbor-Obi 1 / Agbor Town 2,Ika South,Delta,31903.9,32104.9,3935.4,57113.1,3791.9,8479
DTSAGB06,Boji-Boji 2 /  Agbor 8,Ika South,Delta,17964.9,15370.9,1884.1,38380.7,2165.4,6896
AKSKTE08,Abiakpo / Ikot Ekpene 3,Ikot Ekpene,Akwa Ibom,10769.1,5351.4,645.0,8674.0,1252.8,1081
DTSAGB05,Boji-Boji 1 /  Agbor 7,Ika South,Delta,6336.8,6016.9,737.9,10937.8,762.6,1625
DTSALA08,Otor Udu / Udu 1,Udu,Delta,16925.5,16810.5,2232.1,28159.1,2238.4,4803
DTSALA02,Egini / Ovwian 2,Udu,Delta,14882.0,16475.1,2190.4,27467.0,1917.7,4596
DTSGRA11,Ogharefe 5 / Oghara 5,Ethiope West,Delta,13347.0,16072.6,2122.5,23619.1,1726.1,3914
DTSGRA08,Ogharefe 2 / Oghara 2,Ethiope West,Delta,30870.1,34971.9,4618.5,54575.7,4274.0,9239
DTSGRA09,Ogharefe 3 / Oghara 3,Ethiope West,Delta,35089.3,35933.7,4745.6,55429.3,4850.2,9049
OGSYEN10,Ohunbe,Yewa North,Ogun,16937.8,35908.0,5520.5,28650.4,2416.3,3365
DTSJRT08,Jeremi 4,Ughelli South,Delta,5147.4,9060.1,1180.8,8238.4,693.6,1500
DTSGRA06,Mosogar 2,Ethiope West,Delta,26946.3,23728.5,3129.4,35149.8,3548.3,5585
DTSGRA04,Jesse 4,Ethiope West,Delta,2009.0,2827.9,373.2,4145.6,257.9,651
DTSGRA01,Jesse 1,Ethiope West,Delta,18022.0,21427.7,2829.8,27143.9,2363.0,4573
DTSGRA10,Ogharefe 4 / Oghara 4,Ethiope West,Delta,9229.5,9983.3,1319.4,16522.8,1222.7,2610
DTSGRA03,Jesse 3,Ethiope West,Delta,8035.4,10827.6,1429.9,12329.6,1087.1,1854
DTSJRT04,Ewu 3,Ughelli South,Delta,5909.4,3428.5,445.2,3714.7,1346.6,686
DTSJRT02,Ewu 1,Ughelli South,Delta,11305.7,15387.0,2019.9,12188.1,1542.4,2287
DTSSKL11,Urhuovie / Abraka  2,Ethiope East,Delta,31969.3,39326.7,4962.1,49366.1,4431.6,8086
DTSSKL04,Igun / Agbon  5,Ethiope East,Delta,17904.5,15614.2,1968.2,14446.0,2452.9,2240
DTSSKL07,Okpara / Agbon  1,Ethiope East,Delta,44648.3,41854.2,5281.0,33908.3,6046.2,5085
DTSSKL06,Kokori / Agbon  3,Ethiope East,Delta,30091.9,32872.7,4148.5,27370.8,4213.7,4293
DTSSKL03,Eku / Agbon  6,Ethiope East,Delta,19268.7,21129.4,2679.5,26098.8,2642.3,4706
DTSSKL02,Egbo / Agbon  7,Ethiope East,Delta,7649.5,8444.2,1066.6,6609.1,996.8,985
DTSSKL08,Orhaorpo / Agbon  4,Ethiope East,Delta,18749.3,23667.7,2993.3,17801.1,2432.5,2667
ABSABA16,Umuogele / Ohazu 2,Aba South,Abia,13309.0,11446.3,1222.0,4764.3,1619.4,769
ABSACH10,Etiti Abam / Ovukwu,Arochukwu,Abia,7684.7,8139.1,943.7,5405.6,918.7,980
CRSCAL05,Diamond / Five,Calabar Municipal,Cross River,16618.9,13773.3,1573.6,20982.4,1876.4,2624
EBSCHR03,Amainyina / Ama Inyima,Ikwo,Ebonyi,16831.0,11159.2,1719.0,6488.9,2842.3,1118
ANSJJT01,Akwu-Ukwu,Idemili South,Anambra,27179.3,30278.8,3350.3,30187.5,2973.0,4484
NISMSG10,Sahonrami / Saho-Rami,Mashegu,Niger,34936.4,31039.9,6571.1,45284.7,7315.2,7347
NISNAS01,Anaba / Ibelu West,Magama,Niger,19494.0,15300.1,3150.9,23813.7,3963.4,3902
NASNEG02,Alushi-Ginda / Aloce,Nasarawa Egon,Nasarawa,9707.1,6215.2,1160.5,7271.4,1856.9,1264
EKSEKE06,Iludofin Omuo / Obadore 4,Ekiti East,Ekiti,28837.6,42072.9,5008.8,22555.0,4872.8,3640
EKSIME09,Isapa / Iye 3,Ilejemeje,Ekiti,5560.9,4841.9,605.1,3259.2,817.0,586
EKSIME05,Ilefon / Iye 2,Ilejemeje,Ekiti,6173.7,7348.9,918.4,4099.7,917.7,657
OYSOYE10,Orita / Idi-Iroko / Ikereku,Oluyole,Oyo,28978.4,35755.6,4779.2,54176.6,3749.2,7638
CRSCAL08,Ikot Omin / Ten,Calabar Municipal,Cross River,24051.8,20014.0,2474.6,26353.9,2999.7,3304
ANSZBL10,Nza / Ozubulu  5,Ekwusigo,Anambra,18844.5,18153.7,2034.9,15831.3,2178.7,2346
BNSGMU01,Agila / Igumale 2,Ado,Benue,12944.8,13714.7,2729.6,9102.2,2544.2,1336
CRSCAL04,Ediba Ward / Three,Calabar Municipal,Cross River,16946.1,18516.8,2224.0,29490.7,2050.8,3691
CRSCAL06,Ikot Effanga / Nine,Calabar Municipal,Cross River,13619.7,13016.6,1597.4,18709.9,1745.4,2427
NISMSG07,Manigi / Dapangi / Makera,Mashegu,Niger,10309.0,10054.3,2132.3,10599.3,2159.6,1722
ABSGWB07,Ngwaiyiekwe / Ward Ten,Ugwunagbo,Abia,13488.8,12347.6,1526.2,8848.6,1638.9,1427
NISNAS11,Yangalu / Ibelu East,Magama,Niger,32255.7,30186.9,6171.0,46020.4,6513.0,7545
NISNAS10,Tungajika / Auna South,Magama,Niger,7692.2,8416.7,1735.6,9363.7,1562.8,1521
70405,Janga,Fika,Yobe,41299.7,43669.4,8162.8,54176.3,7627.2,9279
RVSKNM09,Odiereke / Ubie 1,Ahoada West,Rivers,13037.9,21768.2,2671.3,8054.3,3454.2,1423
AKSDRK10,Odorikpe / Ikpe 1,Ini,Akwa Ibom,12832.8,12948.1,1640.1,8200.6,1576.5,1015
NISNAS09,Salka / Auna East Central,Magama,Niger,52317.3,55707.6,11487.7,74564.2,10690.2,12511
NISNAS05,Kura / Auna East,Magama,Niger,6137.3,7355.1,1516.1,10570.9,1247.2,1730
DTSALA10,Owhrode / Udu 2,Udu,Delta,14366.9,14361.2,1907.3,23457.7,1875.5,3692
EDSABD11,Igwododo / Aibiokula 2,Orhionmwon,Edo,32054.6,23965.7,2957.5,20798.1,4289.8,3087
OSSORU08,Ooye / Olufon Orolu 'E',Orolu,Osun,435.6,194.3,24.5,198.6,55.2,26
OSSIAE07,Irojo / Ilerin,Ilesha East,Osun,2112.1,1715.7,202.1,1027.6,287.5,134
DTSAYB09,Owa-Alizomor / Owa  6,Ika North East,Delta,13384.6,13025.7,1562.1,19652.9,1685.0,2935
DTSAYB02,Boji-Boji Owa 1 / Owa 3,Ika North East,Delta,12708.2,12708.5,1556.1,22790.6,1512.5,3342
DTSBMA03,Akugbene 3,Bomadi,Delta,4170.4,6819.0,886.5,4917.7,901.6,1001
DTSBMA05,Kolafiogbene / Ekametagbene,Bomadi,Delta,6830.9,7540.3,991.1,9667.0,1601.6,2699
AKSABT03,Ikot Akpan / Awa 3,Onna,Akwa Ibom,17007.7,18118.3,2233.0,7830.5,2664.4,988
RVSGGU11,Ama / Ogu  3,Ogu Bolo,Rivers,4661.3,4651.5,535.6,2798.5,1082.6,369
EBSNCA16,Oguduokwo Oshiri,Onicha,Ebonyi,9344.6,1768.3,226.8,3763.0,1166.5,643
RVSKNM04,Ubeta / Ubie 2,Ahoada West,Rivers,1490.1,1931.4,237.0,612.8,203.4,80
RVSKNM03,Ebiriba / Ubie 4,Ahoada West,Rivers,7922.8,17837.2,2188.9,6057.1,1365.8,959
RVSKNM12,Odioku / Ubie 3,Ahoada West,Rivers,8720.1,17196.6,2110.4,5543.8,1196.2,768
RVSKNM08,Mbiama / Ediro 2,Ahoada West,Rivers,14836.3,24449.5,3000.4,13214.0,4301.2,2525
RVSKNM07,Iduekpeye / Igbuduya 2,Ahoada West,Rivers,35907.7,67758.8,8315.2,29954.8,7653.6,5110
RVSKNM02,Okogbe / Igbuduya 1,Ahoada West,Rivers,22236.2,35114.1,4311.3,16093.2,3916.6,2601
ENSJRV13,Inyi 1,Oji-River,Enugu,16353.7,6220.4,680.6,14722.7,1730.2,2288
RVSKNM01,Emezi / Igbuduya 3,Ahoada West,Rivers,12145.3,19473.3,2389.7,8911.8,3043.4,1554
RVSNDN11,Egbormung / Unyeada 2,Andoni,Rivers,2624.0,8684.2,1111.9,2389.8,1437.2,412
RVSRGM07,Obakati / Omoku  Town 2,Ogba/Egbema/Ndoni,Rivers,19914.3,25897.5,3311.6,28983.9,2932.0,4783
RVSRGM01,Usomili North / Egi 3 Erema,Ogba/Egbema/Ndoni,Rivers,19818.7,22594.7,2907.8,14584.8,2601.0,2037
RVSRGM12,Obosi / Omoku  Town 1,Ogba/Egbema/Ndoni,Rivers,7828.7,9821.6,1255.9,9053.2,1053.3,1320
RVSRGM05,Eji Umu / Egi 1,Ogba/Egbema/Ndoni,Rivers,13992.0,18599.6,2331.4,10697.8,2370.6,1503
AKSABT06,Ikwe / Oniong east 3,Onna,Akwa Ibom,7984.0,7851.8,968.2,4244.8,1295.9,528
AKSABT04,Ikot Anang / Oniong east 2,Onna,Akwa Ibom,16395.7,16923.4,2085.7,7429.9,2427.3,922
AKSABT01,Atiamkpat / Awa 4,Onna,Akwa Ibom,15943.8,20264.4,2482.8,4734.4,2107.3,586
AKSABT02,Abat / Oniong East 1,Onna,Akwa Ibom,20558.3,22592.3,2784.4,8798.7,2937.6,1099
AKSABT11,Ikot Idem Udo / Oniong west 2,Onna,Akwa Ibom,7657.2,8301.6,1023.1,2732.2,1071.5,338
AKSABT07,Ukpana / Oniong west 1,Onna,Akwa Ibom,10197.6,12701.5,1565.4,4290.6,1406.4,531
AKSAFH02,Ikpe Annang,Essien Udim,Akwa Ibom,35512.3,47914.7,5779.4,19353.5,4231.3,2396
OSSIDN12,Olonde / Olonde Ikirun,Ifelodun,Osun,10108.1,6539.1,810.8,6776.7,1352.6,883
AKSETN10,Urban 5 / Etinan Urban 5,Etinan,Akwa Ibom,8123.5,6372.3,778.5,2196.2,1018.1,272
AKSKKN02,Nung Ukim / Ikono Middle 1,Ikono,Akwa Ibom,8572.5,14608.5,1760.8,7073.4,997.3,876
AKSKKN01,Ukpom / Ikono South,Ikono,Akwa Ibom,2778.9,3845.4,463.5,1783.9,323.3,221
AKSKKN08,Ibiaku / Ikono Middle 3,Ikono,Akwa Ibom,2527.3,4307.3,519.2,1730.2,294.0,214
AKSKTD02,Obiakpan Obiotim 2,Nsit Ubium,Akwa Ibom,11092.6,7188.3,908.1,4306.3,1351.9,533
AKSKKN10,Mbiabong / Ikono Middle 4,Ikono,Akwa Ibom,6835.1,11245.0,1355.4,4786.8,795.2,593
AKSKKN09,Asangting / Ikono Middle 2,Ikono,Akwa Ibom,5126.4,8825.4,1063.7,3610.7,596.7,447
OSSIDO06,Balogun,Ifedayo,Osun,1830.7,3046.3,363.7,2509.0,241.0,387
OSSORU06,Okiti / Molofun / Olufon Orolu 'J',Orolu,Osun,4983.5,3195.9,403.6,1809.9,717.1,236
OSSORU01,Araromi / Olufon Orolu C,Orolu,Osun,1835.7,621.7,78.5,436.3,281.8,57
OSSORU04,Elesi / Olufon Orolu 'G',Orolu,Osun,1036.5,1373.3,164.1,764.1,124.9,102
OSSOLA09,Orita Sabo / Owode  2,Olorunda,Osun,1586.4,898.4,112.7,1759.8,192.6,229
OSSIDN04,Eweta / Okeba Ikirun,Ifelodun,Osun,15997.3,18926.1,2336.3,26681.4,1959.2,3519
OSSOLA07,Oluode / Owode  1,Olorunda,Osun,4931.6,3238.0,392.4,1927.3,655.3,251
OSSOLA11,Sabo / Owoope,Olorunda,Osun,6057.1,3115.2,388.0,3748.9,818.5,504
OSSIDN01,Aludundun / Owode Ikirun,Ifelodun,Osun,1402.5,398.8,48.4,1067.4,167.8,139
OSSIAE10,Oke-Opo / Isare,Ilesha East,Osun,2981.2,2449.6,288.5,1937.3,416.4,254
OSSAYE08,Omisore / Ileogbo  2,Ayedire,Osun,64.0,0.0,0.0,15.3,10.7,2
OSSAYE02,Gbogbo / Ileogbo  4,Ayedire,Osun,256.0,999.8,122.7,43.8,64.3,6
AKSKTE07,Uruk Uso / Ikot Ekpene 2,Ikot Ekpene,Akwa Ibom,23793.6,10765.1,1254.7,22242.9,2721.4,2758
NISNAS06,Magamadaji / Ibelu North,Magama,Niger,26091.8,18733.6,3853.7,33829.1,5287.9,5505
DTSAGB02,Agbor-Nta / Agbor Town 1,Ika South,Delta,18459.1,18258.8,2238.8,32782.6,2209.4,4893
ENSNSK21,Eha-Ndiagu,Nsukka,Enugu,11889.3,13714.7,1653.8,12718.6,1384.4,1981
OGSION01,Afon,Imeko Afon,Ogun,7054.9,3215.5,464.3,3818.1,988.7,446
ENSNSK22,Eha-Uno,Nsukka,Enugu,21935.2,41229.8,4950.4,23235.7,2546.0,3713
OSSION01,Adeo / Bara B,Irepodun,Osun,3035.9,1530.4,190.3,1012.6,475.7,132
CRSCAL03,Ikot Ansa,Calabar Municipal,Cross River,16694.2,18659.5,2520.0,19396.6,2324.8,2378
AKSKTE05,Mbiaso / Ikot Ekpene 10,Ikot Ekpene,Akwa Ibom,20836.4,16425.1,1794.9,19814.6,2203.6,2476
AKSKTE03,Ikot Oto / Ikot Ekpene 9,Ikot Ekpene,Akwa Ibom,17946.4,15455.1,1681.4,19667.8,1894.0,2441
AKSKTE09,Ikot Ubo / Ikot Ekpene 8,Ikot Ekpene,Akwa Ibom,30023.1,26513.2,2884.4,37516.8,3166.5,4714
AKSKTE01,Ikot Abia Idem / Ikot Ekpene 7,Ikot Ekpene,Akwa Ibom,17302.6,19849.3,2171.5,20540.4,1864.3,2556
OSSION10,Seriki / Tokede / Elerin C,Irepodun,Osun,15511.7,21909.9,2706.4,16894.0,2835.1,2398
OSSION03,Anwo / Elerin B,Irepodun,Osun,6304.1,6305.2,773.8,3193.9,899.7,416
OSSION08,Oke Eran / Elerin E,Irepodun,Osun,7911.1,8186.8,1033.6,5027.1,1117.8,656
OSSION07,Konda / Bara A,Irepodun,Osun,10851.4,8178.3,1005.5,6350.0,1889.9,889
OSSION06,Eyingbo / Olobu C,Irepodun,Osun,3612.9,4011.9,506.6,2172.6,489.3,284
OSSION09,Olobu / Olobu A,Irepodun,Osun,2467.1,1457.1,184.0,894.0,329.4,116
KGSKKH05,Obeiba 2,Okehi,Kogi,9339.3,11922.4,2355.1,8338.7,2262.2,1388
KGSAJK08,Oforachi 2,Igalamela-Odolu,Kogi,9684.1,13860.2,2477.4,23791.0,1704.3,4061
KGSAJK07,Ofarachi 1,Igalamela-Odolu,Kogi,15578.1,22116.6,3898.4,22879.0,2691.5,3815
KGSNDG02,Analo,Ibaji,Kogi,10042.1,8730.1,1666.5,9499.0,1894.7,1649
OYSATA05,Agunpopo 3,Atiba,Oyo,2487.0,4126.9,541.0,1110.0,354.7,156
KWSLAF10,Tsaragi 3,Edu,Kwara,36118.8,40351.3,7331.0,32044.9,6668.1,6122
KGSAJK10,Ubele,Igalamela-Odolu,Kogi,9802.2,19541.7,2726.9,21562.9,1484.6,3574
KGSKFU09,Ogbonicha,Ofu,Kogi,17000.9,22091.1,4241.6,26213.0,3205.9,4441
KGSKFU01,Alloma / Okula,Ofu,Kogi,23418.8,18524.1,3551.3,26790.1,4469.2,4639
ABSBND02,Alayi 2,Bende,Abia,13768.0,18743.2,2166.1,12910.7,1659.3,2211
EBSSKA05,Amonye / Ihietutu,Ivo,Ebonyi,14073.9,18213.1,2102.5,6536.3,1845.8,1118
OGSION05,Idofa,Imeko Afon,Ogun,8224.3,7193.6,1022.4,3981.8,1195.9,471
EBSSKA16,Okue,Ivo,Ebonyi,14327.8,15950.2,1843.4,9008.1,1896.9,1572
EDSABD06,Abiokula 1 and 2,Orhionmwon,Edo,11176.6,9037.4,1116.1,9035.4,1363.8,1339
LASAON11,Kirikiri and Environ,Amuwo Odofin,Lagos,38711.1,61129.2,7058.0,43557.9,8350.7,5115
LASAON06,Ibeshe and Environ,Amuwo Odofin,Lagos,33569.1,22441.2,2393.2,35675.9,4942.0,4581
11107,Hambagda Limankara Jaje,Gwoza,Borno,21982.2,20102.0,3843.4,10225.7,4541.7,1635
EBSAFK36,Uwana A and B,Afikpo North,Ebonyi,13363.8,14792.1,1855.4,8501.3,1903.1,1663
50104,Aliero S Fada 2,Aleiro,Kebbi,11450.3,11382.5,2260.1,12457.4,2245.5,2424
OSSINH03,Edunabon 2,Ife North,Osun,13305.5,306.7,36.2,34499.5,1528.2,4727
50613,Nassarawa 2,Birnin Kebbi,Kebbi,57030.2,54153.0,10524.0,55587.4,11973.1,10864
OYSAFO05,Fiditi 2,Afijio,Oyo,9448.2,8957.8,893.2,5414.8,929.9,763
OSSBOLUW06,Iresi 2,Boluwaduro,Osun,7465.2,8119.5,1026.6,5084.7,1130.5,851
ANSKPP02,Ifite Dunu 2,Dunukofia,Anambra,20255.6,17098.4,2102.0,22978.6,2446.6,3400
OYSATA09,Asipa 3,Atiba,Oyo,39178.7,51394.4,6734.7,20634.1,5570.1,2913
OSSBOLUW04,Igbajo 3,Boluwaduro,Osun,20430.3,24920.7,3150.6,17217.4,3068.5,2601
OYSIWU06,Okaka 2,Itesiwaju,Oyo,15869.3,19709.6,2396.6,9722.6,2253.7,1374
OSSEDE02,Ara 2,Egbedore,Osun,6160.4,5389.7,661.0,5744.5,771.2,774
OSSESH02,Alajue 2,Ede South,Osun,10893.2,11788.6,1465.2,4664.0,1642.1,615
OSSIWO13,Oke Adan 3,Iwo,Osun,29174.2,31524.8,3854.0,36304.4,3546.2,5006
OSSIWO10,Molete 3,Iwo,Osun,31768.7,30242.1,3688.4,39353.2,4191.5,6242
ABSBND09,Item 3,Bende,Abia,13377.7,18002.0,2080.4,10649.0,1593.7,1820
OSSIWO03,Gidigbo 3,Iwo,Osun,47739.1,50886.8,6224.8,61607.2,5899.6,9158
ABSACH03,Arochukwu 3,Arochukwu,Abia,26403.7,44211.9,5003.4,17548.8,3553.0,2842
OYSLAU14,Oyedeji 3,Lagelu,Oyo,1803.7,2626.6,320.3,3357.1,212.5,477
ABSKWU12,Oboro 3,Ikwuano,Abia,9523.9,9583.7,1042.7,7618.9,1100.6,1381
ANSACA03,Achalla 3,Awka North,Anambra,3871.4,4980.9,592.1,9417.2,445.5,1565
KGSLAM07,Ogugu,Olamaboro,Kogi,31920.4,39913.5,6443.2,50117.1,5485.6,8284
ENSUMU15,Ojjor,Uzo-Uwani,Enugu,6076.1,9447.4,1136.7,2297.8,1025.6,360
OSSIWO06,Isale Oba 3,Iwo,Osun,37256.3,40482.9,4952.1,46713.0,4815.1,7000
ANSAWK03,Amawbia 3,Awka South,Anambra,5343.3,416.6,44.0,10548.8,546.4,1623
ANSAAH08,Nando 3,Anambra East,Anambra,1463.9,9774.6,1113.2,10933.5,161.4,1629
OYSLAU04,Lalupon 3,Lagelu,Oyo,10009.9,2444.7,297.1,29253.7,1173.0,4249
OYSIBAN05,Igangan 3,Ibarapa North,Oyo,23060.0,24380.8,3060.1,12040.8,3263.5,1709
OSSAMW11,Osu 3,Atakunmosa West,Osun,5290.9,3574.8,404.2,4812.7,584.2,744
OGSIKE07,Iperu 3,Ikenne,Ogun,113.6,323.9,46.9,977.4,16.0,114
OYSAFO08,Ilora 3,Afijio,Oyo,17811.7,14550.4,1454.0,9803.7,1718.5,1381
OSSIET09,Okerewe 3,Ife East,Osun,35634.7,71938.0,6441.7,47428.8,5040.8,6263
OSSILA10,Oke Ejigbo 3,Ila,Osun,6681.4,7874.5,989.0,13302.5,814.7,1834
ANSAWK16,Nibo 3,Awka South,Anambra,9277.3,17946.7,1897.0,15945.3,948.6,2377
ENSJRV15,Oji River 3 / Okwe Central,Oji-River,Enugu,8128.7,5280.5,580.0,8002.1,863.2,1269
KGSKPA08,Enjema 3,Ankpa,Kogi,23876.6,21691.0,4241.1,21273.4,4669.6,4274
KGSKPA12,Ojoku 3,Ankpa,Kogi,9881.3,10527.5,2055.5,13623.9,1892.3,2420
ODSESO03,Apoi 3,Ese Odo,Ondo,16440.2,29619.7,3782.4,7503.2,4201.5,1013
ANSKPP08,Ukpo 3,Dunukofia,Anambra,12520.7,11567.2,1357.3,17200.4,1443.7,2573
ANSACA09,Ebenebe 3,Awka North,Anambra,2003.4,3096.8,341.0,2227.0,214.1,357
OSSIET05,Modakeke 3,Ife East,Osun,1920.0,13515.5,1581.1,866.9,2227.2,115
LASIUI10,Orimedu 3,Ibeju Lekki,Lagos,16491.6,11564.8,1443.9,46976.5,2007.3,5362
OGSRMN06,Isara 3,Remo North,Ogun,13304.2,14322.7,1759.7,13201.5,1653.1,1565
TRSBBB10,Sarkin Kudu 3,Ibi,Taraba,15887.2,10417.5,1947.1,24448.4,2935.8,4026
KGSNDG01,Akpanya,Ibaji,Kogi,13117.5,22876.5,4514.1,16095.0,2723.3,2929
OGSION10,Owode,Imeko Afon,Ogun,23641.5,21315.9,3109.6,26987.0,3355.8,3432
TRSBBB03,Dampar 3,Ibi,Taraba,17244.1,8123.7,1507.0,16121.8,3159.0,2595
KWSPTG06,Lade 3,Pategi,Kwara,19072.1,21032.0,3821.7,23079.3,3460.8,4824
KWSLAF03,Lafiagi 3,Edu,Kwara,47339.0,61624.7,11046.9,67050.4,8596.3,12978
KWSLAF07,Tsonga 3,Edu,Kwara,17100.3,25582.6,4633.5,22186.1,3144.1,4637
KWSSHA16,Share 3,Ifelodun,Kwara,6185.8,3561.5,670.5,3461.1,1180.5,592
KWSFUF08,Balogun Fulani 3,Ilorin South,Kwara,4759.5,5026.4,759.8,6961.5,1055.8,1279
KWSPTG03,Kpada 3,Pategi,Kwara,8359.1,7271.5,1324.8,11329.8,1515.2,2219
KWSPTG09,Pategi 3,Pategi,Kwara,8169.2,12719.1,2317.4,9962.2,1689.7,2366
KWSSHA06,Igbaja 3,Ifelodun,Kwara,21390.1,17686.2,3329.6,24119.0,3924.8,4141
ANSNKK08,Omor 3,Ayamelum,Anambra,19003.7,21733.6,2659.7,8604.1,4989.7,1272
ANSHTE09,Nteje 3,Oyi,Anambra,3436.4,6497.8,735.2,5885.3,372.8,896
KWSSHA10,Oke-Ode 3,Ifelodun,Kwara,15616.4,15499.4,2913.4,37627.5,2884.5,6486
EKSIEN03,Odese 3,Ise/Orun,Ekiti,14602.5,19618.1,2367.2,11629.0,2241.9,1851
EKSIEN08,Oraye 3,Ise/Orun,Ekiti,3932.6,2258.3,278.8,3620.8,617.6,674
EKSMBA11,Otun 3,Moba,Ekiti,1963.7,2553.5,293.3,1533.4,314.5,245
EKSGBN10,Ode 3,Gbonyin,Ekiti,44646.2,86558.5,10704.7,24428.2,8667.8,3991
ANSHTE03,Awkuzu 3,Oyi,Anambra,12335.3,8633.8,1084.5,13175.4,1544.0,1961
41009,Tudun Wada,Daura,Katsina,19125.8,41467.2,8467.5,20770.4,6479.2,6001
IMSETU14,Onicha 3,Ezinihitte,Imo,9683.8,9975.2,1197.7,8400.5,1142.5,1204
IMSWER05,Azuzi 3,Owerri Municipal,Imo,5899.5,3035.7,304.6,3813.3,624.4,574
IMSAMG08,Amaigbo 3,Nwangele,Imo,5409.1,4441.1,544.4,3491.4,677.2,500
41601,Bugaje,Jibia,Katsina,31654.3,35355.7,7525.3,34142.0,6611.3,6987
KN2103,Gandu Albasa,Kano Municipal,Kano,38415.6,63945.3,11011.1,39658.2,13237.5,10553
71107,Falimaram,Machina,Yobe,8516.5,16774.5,3436.8,15147.4,1554.8,2605
IMSNSA14,Umuaka 3 / Amakor,Njaba,Imo,13878.3,13484.2,1566.0,14217.3,1624.2,2065
ANSUMZ17,Umunze 3,Orumba South,Anambra,16823.4,19025.9,2189.0,18112.3,1975.6,2733
ANSNNE10,Uruagu 3,Nnewi North,Anambra,13534.7,12722.2,1627.2,15746.5,1723.7,2331
ENSGBO06,Ukehe 3,Igbo-Etiti,Enugu,12733.4,12683.3,1543.5,7925.3,1519.6,1230
ENSGBO13,Aku 3,Igbo-Etiti,Enugu,10061.2,4639.8,564.6,10384.7,1254.2,1693
ENSJRV16,Ugwuoba 3,Oji-River,Enugu,6256.7,8069.2,882.9,6245.0,656.0,970
ANSJJT07,Nnobi 3,Idemili South,Anambra,6557.1,4321.8,482.7,5370.6,759.5,794
ENSUWN03,Obeagu 3,Enugu South,Enugu,8399.6,1803.8,184.0,7557.4,853.7,1177
ENSDBR11,Nnenwe 3 / Emudo / Uhueze,Aninri,Enugu,27677.0,13725.1,1615.7,21077.2,3151.7,3275
ENSUWN11,Achara 3,Enugu South,Enugu,19587.0,32521.4,3967.6,20583.8,3358.8,3412
ENSAGW12,Oghe 3,Ezeagu,Enugu,8161.8,5832.8,640.6,12337.5,863.8,2005
ENSENZ09,Umuozzi 3,Igbo-Eze North,Enugu,21979.1,3316.4,428.4,23979.3,2747.7,3724
ENSENZ11,Essodo 3,Igbo-Eze North,Enugu,5726.9,4785.7,623.3,7309.4,723.3,1135
ENSENZ13,Umuitodo 3,Igbo-Eze North,Enugu,10166.0,3683.4,479.7,12918.0,1280.4,2007
ENSENZ14,Umuozzi 8,Igbo-Eze North,Enugu,12076.9,27983.0,3663.3,18046.5,1542.8,2818
ENSKEM03,Eha Amufu 3,Isi-Uzo,Enugu,21723.1,14312.4,1964.7,14691.8,3086.2,2315
ANSKPP14,Umunnachi 2,Dunukofia,Anambra,16294.7,15401.9,1816.1,20627.4,1875.6,3078
OSSIWO15,Oke Oba 2,Iwo,Osun,10914.7,9228.0,1128.0,10064.0,1292.3,1328
ENSUMU14,Igga / Asaba,Uzo-Uwani,Enugu,5986.3,12088.0,1474.9,3998.9,929.2,655
ANSKPP10,Ukwulu 2,Dunukofia,Anambra,5398.3,3165.3,378.3,4830.1,633.9,714
40108,Kakumi,Bakori,Katsina,21503.0,25315.6,5267.7,24412.9,4808.2,5627
ABSKWU15,Oloko 2 / Azuiyi,Ikwuano,Abia,21309.6,17675.6,1965.2,14074.8,2393.3,2277
KGSNDG06,Odeke,Ibaji,Kogi,10756.9,16459.8,3247.9,11339.8,2235.4,2127
ANSAAH03,Enugu-Otu,Anambra East,Anambra,15473.3,39700.6,4948.1,9074.6,2627.5,1564
KN1102,Dogon Kawo,Doguwa,Kano,19098.4,15606.9,3123.1,17922.5,4121.2,3750
OYSAFO03,Awe 2,Afijio,Oyo,22322.9,18988.5,1942.4,15398.7,2188.4,2175
OSSILA09,Oke Ejigbo 2,Ila,Osun,2843.3,3486.9,437.9,5017.3,346.7,658
ANSNZM06,Olumbanasa 2,Anambra West,Anambra,7980.3,18609.2,2301.1,8414.9,2512.3,1584
ENSAGW13,Imezi Owa 1 / Ozom 2,Ezeagu,Enugu,12999.5,7506.8,826.0,13772.5,1375.5,2161
ABSKWU11,Oboro 2,Ikwuano,Abia,24452.1,23371.9,2542.8,20483.5,2868.3,3463
ABSUMA18,Urban 2,Umuahia North,Abia,9728.4,3210.3,357.0,9692.7,1120.5,1607
OSSISO03,Alapomu 2,Isokan,Osun,13555.8,21153.7,2582.9,17789.3,1657.2,2429
OYSIBAN10,Tapa 2,Ibarapa North,Oyo,13327.0,12399.0,1556.2,7362.4,1894.9,1088
OSSAMW04,Ifewara 2,Atakunmosa West,Osun,10151.3,8728.1,882.3,6217.5,1237.2,836
OSSISO05,Awala 2,Isokan,Osun,4431.4,19237.4,2384.2,3760.4,1662.3,517
ANSHTE02,Awkuzu 2,Oyi,Anambra,15490.9,15944.6,2025.2,12314.9,2042.6,1828
OYSATA04,Agunpopo 2,Atiba,Oyo,18129.3,20304.4,2661.5,6992.9,2677.7,985
OSSINH09,Oyere 2,Ife North,Osun,4105.7,258.1,30.7,12605.9,471.4,2053
ABSBND14,Nkpa 2,Bende,Abia,9093.9,7186.1,824.8,6894.5,1072.4,1129
OSSBOLUW03,Igbajo 2,Boluwaduro,Osun,15808.2,16218.6,2046.7,9230.2,2251.4,1342
OYSLAU10,Ore 2,Lagelu,Oyo,3249.9,4547.9,552.7,5945.4,380.8,861
OSSISH04,Ikija 2,Ife South,Osun,9536.9,10953.1,1313.1,6664.0,1609.8,1028
OYSOLE05,Igbope 2,Orelope,Oyo,22076.7,19773.8,2385.9,12053.2,2800.7,1706
ANSAAH10,Nsugbe 2,Anambra East,Anambra,24650.5,23695.1,2698.4,29514.8,2724.9,4387
OYSAFO07,Ilora 2,Afijio,Oyo,6999.4,5058.8,504.4,3592.7,678.4,506
ABSACH07,Eleoha Ihe 2,Arochukwu,Abia,20523.0,17788.1,2115.3,10456.5,2829.3,1745
KN2009,Kanwa,Kabo,Kano,21444.4,20856.0,3960.4,18640.2,4405.2,3327
ABSBND05,Igbere 2,Bende,Abia,14283.2,19523.9,2256.3,14610.4,1761.9,2807
ABSKWU04,Ariam 2,Ikwuano,Abia,3874.3,4245.7,461.9,3632.2,421.4,611
ABSBND20,Uzuakoli 2,Bende,Abia,22058.9,18640.3,2154.1,20472.1,2901.9,3689
ANSACA08,Ebenebe 2,Awka North,Anambra,7799.2,13019.3,1429.3,8857.3,827.2,1421
OSSAMW10,Osu 2,Atakunmosa West,Osun,15911.4,14346.8,1714.3,10407.3,2072.6,1372
ABSACH16,Ohafor 2,Arochukwu,Abia,10639.9,9343.5,1057.5,5968.6,1287.2,1051
ANSNKK10,Umuerum,Ayamelum,Anambra,14193.1,14387.4,1731.2,4953.6,3433.6,751
AKSBMT02,Ikpanya,Ibiono Ibom,Akwa Ibom,42516.0,50131.2,6303.2,18031.8,5722.4,2238
ANSAWK05,Awka 7,Awka South,Anambra,6842.2,12138.0,1283.0,14887.1,699.6,2883
OYSATIB01,Ago-Are 2,Atisbo,Oyo,26679.4,27076.6,3412.7,12828.4,3765.6,1841
OSSIET04,Modakeke 2,Ife East,Osun,75789.5,92221.8,10953.0,219324.0,8704.2,31148
OSSENH10,Sabo Agbengbe 2,Ede North,Osun,8145.5,5876.8,708.1,21046.5,948.2,2785
ABSBND08,Item 2,Bende,Abia,10649.4,13893.2,1605.6,8869.2,1290.1,1515
ANSNZM10,Umueze Anam 2,Anambra West,Anambra,2244.6,2102.5,241.2,2540.3,258.1,378
ANSABN08,Enugu Agidi 2,Njikoka,Anambra,3521.1,2631.2,280.5,5564.6,364.5,839
KN4201,Bachirawa,Ungogo,Kano,46018.6,45857.1,9331.5,95655.9,9566.7,30326
41410,Sabon Gari,Funtua,Katsina,17705.9,22088.8,4434.8,24184.6,4181.0,7731
LASIUI09,Orimedu 2,Ibeju Lekki,Lagos,12919.2,7643.9,954.4,27937.8,1570.7,3485
JI0209,Kuzunzumi,Babura,Jigawa,28101.8,10751.2,2153.2,26597.2,5577.3,5262
40105,Guga,Bakori,Katsina,13914.8,17892.5,3711.1,20116.8,2857.1,4404
JI0604,Duru,Dutse,Jigawa,27526.7,25184.5,4930.5,48980.8,5325.3,10062
ANSKPP07,Ukpo 2,Dunukofia,Anambra,12203.7,15002.5,1760.3,18584.8,1430.3,2825
OSSINH06,Ipetumodu 2,Ife North,Osun,3633.2,88.0,10.2,5969.8,418.9,820
KGSKPA07,Enjema 2,Ankpa,Kogi,23268.4,21321.8,4163.2,22484.3,4551.6,4238
OYSLAU08,Olorunda 2,Lagelu,Oyo,37431.4,29539.4,3693.8,85715.9,4526.0,12134
KGSJMU02,Aiyetoro / Agirigbon 2,Ijumu,Kogi,20163.8,24557.9,4798.8,16258.0,4270.3,2887
KGSKPA04,Ankpa Suburb 2,Ankpa,Kogi,21389.8,22621.7,4392.8,31811.0,4089.1,5844
ODSAKS03,Gbogi 2,Akure South,Ondo,39436.8,40072.6,5277.1,64668.4,5122.9,9352
OSSEDE09,Iragberi 2,Egbedore,Osun,2254.9,1821.9,215.3,2407.3,266.9,321
KN1702,Gawo,Gezawa,Kano,8304.8,2759.5,552.7,19386.4,1638.4,3800
AKSKTS02,Ikpa N Ass 2,Ikot Abasi,Akwa Ibom,10971.5,15186.8,1843.6,9020.5,1313.0,1117
ODSANE06,Ilepa 2,Akoko North East,Ondo,9142.3,16442.2,1917.4,10659.9,1447.9,1691
ODSANE12,Orun-Un 2,Akoko North East,Ondo,3667.9,4395.4,512.6,3382.1,514.2,492
ODSANE08,Isowopo 2,Akoko North East,Ondo,12806.2,16230.6,1892.7,8009.6,1590.5,1082
TRSBBB02,Dampar 2,Ibi,Taraba,14033.0,11264.2,2109.6,15999.1,2598.9,2575
OSSIWO09,Molete 2,Iwo,Osun,17849.8,16207.5,1982.6,21213.2,2432.3,3011
ANSACA02,Achalla 2,Awka North,Anambra,3636.5,1826.9,217.2,5205.4,418.1,800
ODSESO02,Apoi 2,Ese Odo,Ondo,14578.8,20244.7,2585.8,5216.9,3426.0,713
41609,Mazanya,Jibia,Katsina,40949.9,53603.8,11796.5,48486.9,8751.2,10361
OSSILA06,Isedo 2,Ila,Osun,12804.6,12696.8,1607.1,23645.1,1572.8,3504
ANSABN02,Abagana 2,Njikoka,Anambra,2457.6,3287.7,385.8,4273.1,282.1,643
ANSABN16,Nimo 2,Njikoka,Anambra,888.5,483.1,56.7,768.2,102.0,114
OYSATA08,Asipa 2,Atiba,Oyo,3602.7,2146.0,281.3,452.6,579.4,64
12402,Bolori 2,Maiduguri,Borno,27733.8,30631.5,5594.0,145566.1,4997.1,31215
OSSIET08,Okerewe 2,Ife East,Osun,6423.8,7352.0,612.6,3411.4,973.1,444
KGSKNA08,Odu 2,Dekina,Kogi,34421.9,29238.7,5437.6,39514.0,6297.9,6978
OYSLAU03,Lalupon 2,Lagelu,Oyo,667.3,39.0,4.7,914.5,78.2,129
ODSASW10,Oba 2,Akoko South West,Ondo,11140.5,15962.2,1852.6,5599.3,1525.3,766
OYSLAU13,Oyedeji 2,Lagelu,Oyo,5914.3,6054.9,775.8,9477.7,735.9,1350
KN2204,Kwanyawa,Karaye,Kano,27065.8,29155.1,6018.7,23387.3,5526.2,4364
KWSKMA07,Kaiama 2,Kaiama,Kwara,10450.5,5956.5,1167.8,15074.3,2014.9,2620
ODSASW03,Akungba 2,Akoko South West,Ondo,27872.9,20586.0,2389.3,24159.7,3873.5,3486
KGSKFU11,Ugwolawo 2,Ofu,Kogi,8009.0,10319.3,1980.4,12481.6,1513.4,2102
KGSKKH08,Oboroke 2,Okehi,Kogi,8032.1,10471.2,2068.4,8344.1,2020.7,1425
LASIUI02,Ibeju 2,Ibeju Lekki,Lagos,17682.9,20476.7,2556.6,90388.2,2146.7,10667
LASIUI07,Lekki 2,Ibeju Lekki,Lagos,6003.1,13292.8,1663.6,29449.2,733.8,3788
LASKSE02,Agboyi 2,Kosofe,Lagos,2112.0,4893.7,597.2,2438.6,858.5,371
LASIUI05,Iwerekun 2,Ibeju Lekki,Lagos,20197.2,19211.2,2398.6,75139.3,2452.0,9014
LASIUI12,Siriwon /  Igbekodo 2,Ibeju Lekki,Lagos,7593.3,3656.5,459.0,11743.7,980.2,1428
LASEPE02,Agbowa 2 / Ado,Epe,Lagos,19148.4,19992.1,2541.3,23173.8,2418.2,2680
40205,Dabaibayawa,Batagarawa,Katsina,18452.9,19796.5,4123.2,19154.9,3783.8,4286
OSSIET02,Ilode 2,Ife East,Osun,60851.2,122757.3,11462.6,54649.6,11616.8,7278
OGSOGU12,Odugbolu 2,Odogbolu,Ogun,9807.5,7456.5,921.0,12402.4,1170.5,1557
OGSIKA09,Ipokia 2,Ipokia,Ogun,16337.8,15222.6,2106.3,18657.4,2182.0,2180
OGSIKA11,Mahun 2,Ipokia,Ogun,14328.0,8877.5,1261.8,14327.0,1986.5,1674
OGSWSD09,Iwopin 2,Ogun Waterside,Ogun,2161.9,2380.5,304.3,2162.5,268.5,266
OGSIUU03,Ife 2,Ijebu East,Ogun,4627.0,3346.2,465.7,6514.4,622.2,764
OGSIKE02,Ikenne 2,Ikenne,Ogun,11501.0,8014.9,978.0,13473.9,1364.1,1690
KN3407,Rogo Sabon Gari,Rogo,Kano,22626.9,26059.0,5448.5,25625.4,4938.2,6198
OGSIUU08,Imushin 2,Ijebu East,Ogun,20439.8,7049.6,980.7,29390.3,2744.8,3458
RVSBNY03,Boward 3,Bonny,Rivers,3983.1,5679.6,616.5,2292.2,868.1,335
OGSRMN05,Isara 2,Remo North,Ogun,7791.9,7463.4,916.6,7346.9,970.6,874
OGSRMN09,Ode 2,Remo North,Ogun,1826.3,1497.2,183.3,1433.0,222.9,167
OGSIUU06,Imobi 2,Ijebu East,Ogun,625.6,713.2,99.3,1081.0,84.1,126
OGSIKE04,Ilisan 2,Ikenne,Ogun,45016.5,50254.1,5994.7,64005.9,5765.3,8899
OGSIKE06,Iperu 2,Ikenne,Ogun,21481.3,22374.1,2673.5,31354.2,2651.7,4152
OGSIKE10,Ogere 2,Ikenne,Ogun,14712.7,15839.7,1889.5,17611.9,1739.2,2100
61202,Gandi 2,Rabah,Sokoto,11170.7,10822.7,2169.1,6029.4,2228.1,1068
80509,Samawa,Bungudu,Zamfara,17331.8,18674.5,3653.2,20156.4,3345.8,3758
ODSANE10,Iyometa 2,Akoko North East,Ondo,27004.8,23832.2,2777.8,14478.8,3525.5,1974
ODSASW15,Supare 2,Akoko South West,Ondo,32065.9,21569.8,2503.5,20923.4,4177.5,2903
NASNSW03,Ara 2,Nasarawa,Nasarawa,15259.3,14040.9,2770.9,20908.4,2944.9,3866
11410,Mainok,Kaga,Borno,20497.6,24616.6,4606.8,9766.3,4079.2,1416
NASKRV06,Karshi 2,Karu,Nasarawa,7640.0,5740.9,1065.9,23457.1,1392.5,4154
TRSBBB09,Sarkin Kudu 2,Ibi,Taraba,18531.4,28643.3,5305.8,42865.2,3370.8,7176
TRSBBB05,Nwonyo 2,Ibi,Taraba,5885.6,3406.5,635.1,7132.8,1117.5,1262
TRSBBB07,Rimi Uku 2,Ibi,Taraba,3466.6,2662.3,496.3,3722.6,641.5,595
NASKEF05,Iya 2,Keffi,Nasarawa,15522.4,16113.5,2762.9,17960.3,2644.1,3162
KGSBJK02,Abejukolo 2,Omala,Kogi,10871.7,13942.5,2754.6,6757.7,2175.8,1107
ENSBBG11,Iheaka 2,Igbo-Eze-South,Enugu,24859.8,26797.1,3346.5,40479.2,3033.8,6342
KWSLAF02,Lafiagi 2,Edu,Kwara,55553.2,41437.7,7429.9,38426.0,11349.4,7698
KWSKSB11,Yashikira 2,Baruten,Kwara,52973.7,52529.5,10783.5,98334.4,10678.9,16726
KWSKMA04,Gwanabe 2,Kaiama,Kwara,7278.5,8085.7,1588.1,22928.6,1406.6,3950
KWSPTG02,Kpada 2,Pategi,Kwara,29518.2,18803.9,3438.2,28201.7,5502.8,5292
KWSPTG05,Lade 2,Pategi,Kwara,17533.4,15913.8,2899.5,19817.5,3345.6,4208
KWSLAF09,Tsaragi 2,Edu,Kwara,33418.8,34773.9,6259.6,27805.0,6401.5,5156
41003,Madobi B,Daura,Katsina,30817.0,32141.4,6577.9,26275.2,7605.7,6008
EKSIDO08,Ifaki 2,Ido-Osi,Ekiti,3296.3,3091.9,367.4,2818.2,424.4,471
KWSSHA15,Share 2,Ifelodun,Kwara,20468.7,22952.7,4321.1,17664.0,3988.9,3099
KWSMUN02,Ajase 2,Irepodun,Kwara,21293.5,18345.4,3145.1,20368.7,3605.9,3540
KWSMUN11,Oro 2,Irepodun,Kwara,39554.1,49067.2,8411.9,45991.9,6728.4,8042
KWSLAF06,Tsonga 2,Edu,Kwara,8796.6,9827.8,1761.5,11747.9,1552.2,2585
KWSFUF02,Akanbi 2,Ilorin South,Kwara,8518.2,5971.0,895.7,5153.1,1410.2,871
KWSAFN13,Okeweru / Yow 2,Asa,Kwara,2036.4,1778.0,311.0,6739.0,353.6,1157
KWSSHA05,Igbaja 2,Ifelodun,Kwara,7885.0,9604.8,1808.2,7890.2,1515.9,1423
KWSSHA03,Idofian 2,Ifelodun,Kwara,54121.3,71444.3,11276.9,65849.7,9099.4,11207
KWSSHA09,Oke-Ode 2,Ifelodun,Kwara,12137.4,12573.0,2361.7,17831.3,2213.7,3018
PLSMGU06,Gindiri 2,Mangu,Plateau,19902.9,15500.1,2555.4,22479.0,3207.7,3728
EKSMBA06,Ikun 2,Moba,Ekiti,9728.0,19329.2,2206.4,8405.8,2177.1,1517
ENSENZ07,Umuozzi 4,Igbo-Eze North,Enugu,8877.4,1838.3,312.6,9159.8,1590.1,1423
40311,Yau-Yau Malamawa,Batsari,Katsina,29146.9,22175.1,4731.2,16091.2,6331.9,3200
KN2609,Shuwaki,Kunchi,Kano,25063.7,22074.7,4476.0,34820.2,5026.0,6428
43104,Gazari,Sabuwa,Katsina,19631.9,20339.7,4224.8,12625.6,4212.0,2960
41603,Faru,Jibia,Katsina,21940.7,24855.8,5524.9,24388.0,4846.2,5105
EKSMBA10,Otun 2,Moba,Ekiti,11469.6,13073.9,1764.9,7466.3,2224.4,1204
EKSIEN07,Oraye 2,Ise/Orun,Ekiti,18267.0,27426.5,3373.5,16413.2,3289.0,2893
EKSGBN03,Aisegba 2,Gbonyin,Ekiti,8410.7,7431.6,919.1,5110.5,1456.8,812
EKSGBN09,Ode 2,Gbonyin,Ekiti,5363.0,5612.3,694.1,2071.0,921.7,318
ENSGBO07,Aku 4,Igbo-Etiti,Enugu,15341.0,8382.1,1020.1,13672.6,1912.8,2225
EKSIME07,Iludun 2,Ilejemeje,Ekiti,6899.6,7606.7,950.6,3878.8,975.0,656
EKSEKW10,Okebedo 2,Ekiti South-West,Ekiti,55207.5,99471.9,11499.1,51538.8,11213.3,9583
EKSEWT02,Aramoko 2,Ekiti West,Ekiti,15526.9,36773.8,4386.3,13757.1,3916.0,2391
81103,Badarawa,Shinkafi,Zamfara,15791.1,12732.7,2556.9,7200.1,3524.1,1275
11110,Kurunabasa Ngoshe Sama,Gwoza,Borno,20572.5,37787.4,7512.3,10741.6,4277.2,1551
EKSIDO06,Ido 2,Ido-Osi,Ekiti,32447.4,40652.8,4831.3,35921.9,4233.7,6473
ENSGBO16,Ukehe 4,Igbo-Etiti,Enugu,23718.0,26450.3,3218.9,16238.0,2829.0,2541
EKSIEN02,Erinwa 2,Ise/Orun,Ekiti,14907.1,30459.2,3747.0,10391.0,2153.4,1890
EKSIDO04,Ayetoro 2,Ido-Osi,Ekiti,17818.5,15994.2,1938.8,15454.5,2518.0,3093
EKSMBA04,Igogo 2,Moba,Ekiti,3649.0,2813.1,321.1,1199.3,644.8,178
EKSOYE04,Ilupeju 2,Oye,Ekiti,34397.7,45773.1,5572.7,41947.8,4693.0,7255
EKSOYE12,Oye 2,Oye,Ekiti,1989.4,434.4,52.9,759.9,255.4,113
EKSOYE06,Ire 2,Oye,Ekiti,18831.8,22938.5,2791.8,18290.6,2557.7,3071
EKSEKE10,Kota Omuo 2,Ekiti East,Ekiti,436.3,0.0,0.0,164.1,51.1,24
EKSEKE12,Omuo Oke 2,Ekiti East,Ekiti,9304.3,13184.2,1548.9,7213.8,1434.2,1138
EKSEME05,Odo Emure 2,Emure,Ekiti,2956.1,2823.1,270.7,1687.1,433.3,253
EKSIEN10,Orun 2,Ise/Orun,Ekiti,19813.2,26074.2,2689.0,14246.5,3196.7,2163
JI1904,Garko,Kiyawa,Jigawa,8835.8,10739.9,2289.4,14118.6,1864.8,2847
KGSBAS02,Akuba 2,Bassa,Kogi,26207.7,33280.4,6337.4,22410.3,4975.3,3828
KGSAJK02,Ajaka 2,Igalamela-Odolu,Kogi,19052.0,24789.7,4431.6,26002.8,3361.7,4298
ANSAAH02,Aguleri 2,Anambra East,Anambra,2300.4,19440.9,2220.2,26687.8,267.5,4013
ANSJJT10,Oba 2,Idemili South,Anambra,62429.7,88216.8,10101.4,57375.2,9288.1,8712
ABSUNC17,Umuaku 2,Umu-Nneochi,Abia,3436.3,3483.3,396.5,3009.5,378.2,485
ANSNKK07,Omor 2,Ayamelum,Anambra,10261.3,25473.7,3117.4,9181.9,2409.5,1361
KN3509,Shanono,Shanono,Kano,39784.8,22086.4,4672.0,38406.9,8300.8,9551
ANSHTE15,Umanya 2,Oyi,Anambra,13021.9,5140.8,600.3,15479.5,1459.0,2324
ANSHTE06,Nkwelle 2,Oyi,Anambra,43058.8,40499.2,4535.9,52157.7,4671.0,7763
11602,Auno,Konduga,Borno,34287.9,28258.4,5173.3,113774.5,6231.6,17752
ANSAAH14,Umuleri 2,Anambra East,Anambra,5486.3,8999.9,1024.9,12729.5,605.0,1912
ANSHTE08,Nteje 2,Oyi,Anambra,3792.6,5765.3,645.2,5588.3,410.6,842
ANSHTE13,Ogbuike 2,Oyi,Anambra,20338.1,31915.5,3574.1,39285.5,2207.9,5913
ANSAAH12,Otuocha 2,Anambra East,Anambra,6283.0,9049.3,1030.5,9826.6,692.9,1453
ANSAAH07,Nando 2,Anambra East,Anambra,1304.3,7897.0,912.1,7824.5,166.4,1249
IMSWER04,Azuzi 2,Owerri Municipal,Imo,30459.2,27219.6,2816.1,30229.2,3372.5,4605
KN4102,Burun-Burun,Tudun Wada,Kano,35257.1,34948.7,7036.6,34269.5,7403.4,7887
ANSJJT06,Nnobi 2,Idemili South,Anambra,14809.6,11281.9,1248.3,15316.7,1601.2,2264
ABSKKE26,Ozaa Ukwu 2,Ukwa West,Abia,9340.2,10552.6,1278.4,13689.9,1102.5,2253
IMSNGB06,Mgbidi 3 and 4,Oru West,Imo,16407.2,14592.1,1733.2,20693.3,1887.4,3002
ABSUMA03,Afugiri 2,Umuahia North,Abia,17786.3,9397.4,1052.9,14870.2,1992.1,2483
IMSNSA13,Umuaka 2,Njaba,Imo,4643.5,4169.0,451.1,11303.8,483.5,1627
OYSIBAN01,Ayete 1,Ibarapa North,Oyo,8718.1,7669.9,962.7,6237.5,1261.5,916
JI0101,Auyakayi,Auyo,Jigawa,8888.5,11916.3,2437.7,9924.0,1945.4,2678
43005,Makurda,Rimi,Katsina,15928.7,16031.4,3404.3,16238.4,3435.0,3630
IMSUML13,Osu-Owerre 2,Isiala Mbano,Imo,28869.5,18848.7,2259.1,24688.1,3386.9,3552
ANSAJL06,Awgbu 2,Orumba North,Anambra,9703.3,23008.4,2511.7,14051.4,1027.2,2077
JI0304,Kiyako,Birnin Kudu,Jigawa,40544.9,38102.5,7657.5,36972.5,8187.0,8682
IMSUMG08,Nekede 2,Owerri West,Imo,5608.5,3916.6,496.9,10746.5,688.1,1712
IMSUMD07,Ekwe 2 / Ebenator,Isu,Imo,10658.5,11556.3,1344.4,11093.8,1248.9,1602
ANSATN04,Atani 2,Ogbaru,Anambra,12850.8,29800.4,3133.4,6650.0,2372.3,1009
ABSMBL20,Umunnekwu 2,Isuikwuato,Abia,10932.6,8560.0,839.7,9712.8,1031.9,1572
ANSUKP09,Ezinifite 2,Nnewi South,Anambra,7069.8,5848.6,615.2,7875.9,727.2,1171
KN2503,Danbare,Kumbotso,Kano,72827.6,186624.7,30824.2,88463.2,26197.4,19339
IMSETU05,Eziudo 2,Ezinihitte,Imo,4700.5,4149.6,470.5,2887.0,533.3,415
IMSABB17,Uvuru 2,Aboh-Mbaise,Imo,11316.6,6157.4,720.9,7389.7,1283.5,1060
ABSUMA06,Ibeku East 2,Umuahia North,Abia,19739.6,13148.3,1460.7,23712.5,2200.1,4034
ANSNEN18,Nri 2,Anaocha,Anambra,8410.8,6205.8,661.0,6398.5,901.5,946
IMSWER15,New Owerri 2,Owerri Municipal,Imo,39170.5,37021.1,3984.7,60020.8,4470.2,9325
JI2504,Danladi,Sule Tankarkar,Jigawa,20436.9,15118.7,2951.4,28845.8,3934.3,5887
ANSAJL20,Ufuma 2,Orumba North,Anambra,10479.6,3948.1,431.0,16784.1,1109.4,2501
ANSGDD09,Obosi 2,Idemili North,Anambra,13883.7,17586.0,2010.3,18764.1,2418.2,2870
KN4101,Baburi,Tudun Wada,Kano,40644.3,45033.3,9027.2,37810.8,8188.1,7192
12006,Hoyo Chingua,Magumeri,Borno,21660.7,2494.5,471.1,21045.3,4037.0,3062
70709,Mallumdunari,Gujba,Yobe,5096.2,3270.5,571.8,2608.2,892.0,427
IMSURU04,Iheme 2,Ideato North,Imo,28948.0,33900.1,3988.3,25766.7,3332.9,3690
IMSNSA06,Atta 2,Njaba,Imo,5929.4,5519.0,640.2,5070.9,691.4,726
IMSDFB09,Ogboko 2,Ideato South,Imo,19666.1,22336.6,2838.7,9425.0,2751.7,1352
ABSNGK12,Mgboko Umuanunu 2,Obi Nwga,Abia,17342.4,11164.8,1352.9,19569.0,2013.2,3164
KN0908,Jido,Dawakin Kudu,Kano,13496.8,11588.2,2197.4,23953.9,2531.7,5869
IMSNWA10,Ogwa 2,Mbatoli,Imo,55719.7,66353.7,8055.4,63560.8,6934.4,9208
ANSUMZ13,Owelle-Ezukala 2,Orumba South,Anambra,6091.4,5810.0,668.5,5804.7,682.4,860
ANSAWK18,Nise 2,Awka South,Anambra,20528.6,6628.6,707.1,25662.7,2155.5,3861
IMSDFB05,Isiekenesi 2,Ideato South,Imo,17410.4,17909.1,2275.8,7591.2,2472.7,1087
IMSEHM09,Umueze 2 / Umueleke,Ehime-Mbano,Imo,19433.3,10998.1,1322.7,22448.3,2255.9,3217
IMSKED07,Atta 2,Ikeduru,Imo,25387.7,32420.2,3607.9,25016.1,2725.2,3624
IMSKGE11,Okigwe Urban 2,Okigwe,Imo,23464.4,22751.6,2550.7,14498.2,2563.3,2076
IMSMGD08,Awo 2,Oru East,Imo,8544.8,6381.0,690.4,14130.8,889.7,2029
IMSETU13,Onicha 2,Ezinihitte,Imo,13470.0,20378.1,2345.6,11963.0,1558.4,1728
ANSUMZ16,Umunze 2,Orumba South,Anambra,17378.5,23664.0,2722.6,17911.9,2027.1,2719
ANSUMZ11,Ogbunka 2,Orumba South,Anambra,6054.9,2147.7,246.6,6195.6,678.3,927
IMSURU07,Izuogu 2,Ideato North,Imo,5556.8,4904.5,583.7,5025.2,643.6,720
IMSRRT12,Obibi 2,Owerri North,Imo,15555.6,15926.9,1817.8,23180.7,1725.0,3676
IMSRRT07,Emekuku 2,Owerri North,Imo,24109.3,27175.3,3079.6,33655.1,2668.2,5055
IMSAMG02,Abajah 2,Nwangele,Imo,5760.2,6544.2,817.1,4036.7,816.8,578
ABSMBL07,Ikeagha 2,Isuikwuato,Abia,17023.4,13161.7,1291.1,17209.9,1610.6,2899
ENSJRV02,Inyi 4,Oji-River,Enugu,10958.7,4313.8,472.0,10618.2,1153.6,1649
12504,Gamboru C,Ngala,Borno,32635.5,128530.9,26844.9,27297.0,26439.8,4573
11604,Dalwa,Konduga,Borno,3943.1,870.1,158.9,7930.9,714.4,1141
OGSYEN01,Ayetoro 1,Yewa North,Ogun,23141.0,18823.6,2776.7,19997.9,3297.1,2351
ANSNNE09,Uruagu 2,Nnewi North,Anambra,32614.4,33333.3,4179.5,35565.4,4034.2,5259
10404,Gamadadi,Bayo,Borno,7808.3,9958.2,1959.3,12964.8,1508.9,2272
ENSJRV08,Achi-Uno 4,Oji-River,Enugu,8186.9,14570.8,1702.6,7564.3,920.0,1174
ANSKPP12,Umudioka 2,Dunukofia,Anambra,29359.8,34671.0,4326.8,33526.8,3753.2,5018
ANSGDD11,Ogidi 2,Idemili North,Anambra,9923.5,11620.5,1354.7,10789.0,1231.9,1602
11309,Mairi,Jere,Borno,64020.0,119780.9,22047.7,55829.5,20141.1,10153
EBSEBJ10,Oriuzor 2,Ezza North,Ebonyi,22210.6,12261.6,1879.3,20673.8,3361.5,3531
EBSUGB08,Enyibichiri 2,Ebonyi,Ebonyi,1513.9,1094.2,199.0,3221.1,269.2,550
EBSZLL08,Ezillo 2,Ishielu,Ebonyi,8515.2,16883.8,2741.8,9659.1,1335.5,1703
EBSCHR13,Ndiegu Amegu 2,Ikwo,Ebonyi,17820.9,10907.6,1929.4,5622.6,3243.6,960
10210,Rumirgo Chul,Askira Uba,Borno,11987.5,16776.4,3131.4,25276.2,2184.2,3760
EBSEBJ15,Umuoghara 2,Ezza North,Ebonyi,42914.6,37023.5,5582.2,25168.6,6317.2,4311
EBSCHR20,Ndufu Amegu 2,Ikwo,Ebonyi,47621.3,21836.6,3862.5,20550.4,8332.6,3510
EBSCHR26,Ndufualike 2,Ikwo,Ebonyi,4579.1,10951.5,1768.9,8677.7,735.3,1482
EBSUGB06,Egudinegu 2,Ebonyi,Ebonyi,4674.2,2091.3,380.3,7865.4,831.2,1344
EBSNKE12,Ezzama Ward 2,Ezza South,Ebonyi,10643.1,11711.2,1624.1,7284.5,1432.3,1244
EBSCHR16,Ndiegu Echara 2,Ikwo,Ebonyi,27124.8,28156.4,4703.1,11799.5,4854.5,2024
11911,Tamsum Gamdua,Mafa,Borno,28659.9,62975.6,11562.8,44078.6,10695.8,10517
EBSUGB04,Agalegu 2,Ebonyi,Ebonyi,10733.9,2508.6,456.4,13044.2,1909.5,2228
EBSZLL20,Ntezi 2,Ishielu,Ebonyi,3686.6,289.3,47.0,2090.9,578.2,357
EBSNCA08,Ebirogu Okuzzu 2,Onicha,Ebonyi,11327.8,16313.6,2140.7,6298.9,1438.6,1076
EBSHKW38,Wigbeke 2,Ohaukwu,Ebonyi,34604.8,30088.6,5176.9,24034.7,5851.2,4125
ENSENZ01,Umuozzi 7,Igbo-Eze North,Enugu,29361.9,11937.4,1554.8,43268.6,3698.0,6728
11211,Sakwa Hema,Hawul,Borno,12940.2,11612.4,2325.3,17736.7,2547.6,2614
EBSHKW22,Okposhi 2,Ohaukwu,Ebonyi,8689.1,322.0,48.4,5187.5,1268.6,886
ENSUMU16,Ugbene 2,Uzo-Uwani,Enugu,5907.1,865.4,103.6,5727.7,704.8,907
ENSUWN08,Achara 2,Enugu South,Enugu,24070.5,37493.5,4574.2,25387.5,4170.3,4030
ENSNKW01,Mbuluiyiukwu 2 / Emene,Enugu East,Enugu,19433.9,44266.0,5640.7,15432.1,2437.5,2413
ENSDBR13,Nnenwe 2,Aninri,Enugu,10058.9,2570.3,300.3,8854.1,1130.0,1399
ENSAGW03,Aguobu Owa 2,Ezeagu,Enugu,8574.5,2209.2,242.5,9951.7,906.3,1550
ENSAGN09,Akegbe Ugwu 2,Nkanu West,Enugu,6228.4,5313.5,542.0,6199.3,612.6,966
ENSAGW10,Oghe 2,Ezeagu,Enugu,7759.2,4777.6,526.6,14568.4,823.1,2319
ENSAGW11,Imezi Owa 2,Ezeagu,Enugu,15404.5,12993.6,1430.4,19385.2,1632.8,3025
ENSBBG05,Iheakpu-Awka 2 / Ajuona,Igbo-Eze-South,Enugu,26504.1,37680.2,4647.9,31758.1,3227.7,4963
ENSBLF09,Orba 2,Udenu,Enugu,21848.9,22894.7,2741.6,30010.5,2501.2,4742
ENSENZ03,Umuitodo 2,Igbo-Eze North,Enugu,21731.9,6890.2,1183.4,26533.0,3177.6,4128
ENSGBO08,Aku 2,Igbo-Etiti,Enugu,9564.4,4284.2,521.4,9777.4,1189.7,1609
ENSGBO09,Ukehe 2,Igbo-Etiti,Enugu,16587.8,17340.0,2110.2,10287.3,1984.0,1598
ENSGBO10,Ozalla 2,Igbo-Etiti,Enugu,26434.9,30209.6,3676.3,19195.6,3138.6,2983
ENSGBO11,Ohodo 2,Igbo-Etiti,Enugu,12981.1,27126.5,3075.6,14635.3,1441.6,2272
ENSGBO17,Ekwegbe 2,Igbo-Etiti,Enugu,11533.3,13701.9,1663.4,10177.1,1360.5,1584
ENSJRV05,Oji River 2,Oji-River,Enugu,5435.5,1086.1,119.7,5205.3,579.3,838
ENSENZ02,Umuozzi 6,Igbo-Eze North,Enugu,14633.3,6802.2,885.9,16683.4,1844.8,2590
ENSJRV06,Ugwuoba 2,Oji-River,Enugu,6298.7,22584.7,2471.1,10923.7,660.5,1815
ENSJRV07,Achi-Uno 2,Oji-River,Enugu,12479.9,24489.8,2861.6,13009.0,1399.7,2034
ENSJRV09,Achi-Agu 2,Oji-River,Enugu,15651.3,9821.6,1074.6,15528.7,1641.2,2420
ENSKEM10,Neke 2,Isi-Uzo,Enugu,11627.5,7650.0,922.5,11279.7,1393.7,2117
ENSKEM08,Mbu 2,Isi-Uzo,Enugu,13219.2,12914.8,1557.4,10652.7,1540.6,1655
ENSKEM06,Ikem 2,Isi-Uzo,Enugu,33499.8,27269.6,3411.5,29442.3,4254.9,4656
ENSMGL06,Ugbawka 2 / Amafor Ugboka,Nkanu East,Enugu,10442.4,18093.6,2118.4,11971.8,1176.2,1859
ENSNKW05,Mbulujodo 2 (West) / Emene,Enugu East,Enugu,89779.0,42105.3,4727.2,104691.4,10348.2,16779
ENSUMU10,Nimbo 2,Uzo-Uwani,Enugu,7460.2,22474.9,2691.5,7013.2,895.1,1173
ENSAGW15,Mgbagbu Owa 2,Ezeagu,Enugu,5796.2,11666.4,1280.8,7474.1,616.4,1219
ENSAGN13,Akpugo 2,Nkanu West,Enugu,16607.9,28802.6,2937.8,16243.3,1626.9,2532
ENSENZ19,Ette 2,Igbo-Eze North,Enugu,28349.4,38662.0,5035.5,41640.7,3570.5,6513
ENSDBR16,Oduma 2,Aninri,Enugu,27594.5,23043.0,2794.5,15139.2,3318.1,2356
ENSAWG03,Awgu 2,Awgu,Enugu,19339.6,12853.0,1502.0,23229.9,2365.0,3957
ANSNKK03,Ifite-O 2,Ayamelum,Anambra,8252.1,17788.2,2176.9,5773.0,2346.3,901
KGSKPA11,Ojoku 2,Ankpa,Kogi,9907.7,11692.2,2282.9,14468.1,1897.3,2785
ENSKEM02,Eha Amufu 2,Isi-Uzo,Enugu,17632.9,22964.5,2769.2,22224.2,2113.3,3860
11606,Jakana,Konduga,Borno,20680.8,15096.2,2832.3,18067.3,3824.4,2834
10408,Telli,Bayo,Borno,10374.5,8937.6,1765.5,18468.4,2016.3,2984
12102,Ala Lawanti,Marte,Borno,7287.8,6498.8,1235.9,824.9,1543.5,118
EBSHKW14,Ishingbo 2,Ohaukwu,Ebonyi,44515.9,56106.7,8914.4,33784.5,6910.1,5782
EBSHKW34,Umuogudu Akpu 2 / Ijinike Amin,Ohaukwu,Ebonyi,27319.4,21822.3,4146.9,14368.5,4885.5,2454
EBSHKW04,Effium 2 / Ezeokoha,Ohaukwu,Ebonyi,21700.2,28814.0,4361.0,19141.6,3211.0,3272
EBSZLL09,Ezzagu 2 (Nkomoro),Ishielu,Ebonyi,22280.2,23124.8,3755.3,24530.7,3494.4,4215
ENSMGL10,Nara 2,Nkanu East,Enugu,18423.2,19050.9,2336.8,14695.7,2137.8,2282
ENSMGL04,Nkerefi 2,Nkanu East,Enugu,9655.8,11988.5,1421.2,10772.4,1099.0,1672
KGSLAM09,Ogugu 2 / Adumu,Olamaboro,Kogi,42524.1,46965.1,8345.7,84024.5,7589.1,13811
ENSENZ08,Umuozzi 2,Igbo-Eze North,Enugu,37654.8,49041.1,6641.4,53110.2,5117.8,8274
ENSAGW19,Olo 2,Ezeagu,Enugu,12230.3,23794.5,2612.4,12888.2,1295.9,2046
ABSBND12,Itumbuzo 2,Bende,Abia,3757.4,3411.1,432.1,3222.1,461.1,520
ABSKWU08,Ibere 2,Ikwuano,Abia,6717.6,6454.4,743.8,6038.4,783.2,1042
KWSWSN05,Isanlu 2,Isin,Kwara,5456.0,4338.5,775.8,7203.6,948.3,1436
ODSESO04,Apoi 4,Ese Odo,Ondo,21898.2,45410.5,5798.9,13926.9,5224.5,2260
OSSICL05,Ilare 4,Ife Central,Osun,1834.3,2838.8,337.2,4518.7,210.7,589
OSSICL09,Iremo 4,Ife Central,Osun,28573.8,55061.2,4886.7,33770.6,4449.6,4448
JI0208,Kanya,Babura,Jigawa,39196.0,46162.2,9224.5,42294.1,8069.8,9183
KWSFUF04,Akanbi 4,Ilorin South,Kwara,166438.9,292888.0,41590.4,154884.7,38628.3,26462
IMSMGD10,Awo 4,Oru East,Imo,15329.5,13997.5,1514.5,32446.6,1596.2,4676
IMSETU15,Onicha 4,Ezinihitte,Imo,12470.6,22408.0,2540.5,11640.1,1393.2,1679
ANSFGG14,Odoakpu 4,Onitsha South,Anambra,5483.3,3768.9,429.2,8171.2,719.6,1424
ANSFGG07,Fegge 4,Onitsha South,Anambra,2715.8,1639.9,186.8,3605.6,345.0,620
ENSAGN05,Ndiuno Uwani / Akpugo 4,Nkanu West,Enugu,7416.0,12485.4,1480.1,8626.1,844.0,1339
RVSBNY05,Boward 5,Bonny,Rivers,32780.5,62774.0,6813.4,22310.8,6020.9,3027
ENSKEM04,Eha Amufu 4,Isi-Uzo,Enugu,16861.6,3912.2,471.8,18098.4,1983.6,2976
ENSJRV20,Oji River 4,Oji-River,Enugu,9488.8,4629.6,508.5,10057.4,1005.8,1574
ENSDBR15,Oduma 3 /,Aninri,Enugu,11417.2,12897.0,1537.0,7907.5,1330.0,1228
11201,Bilingwi,Hawul,Borno,8805.2,12691.9,2541.5,17580.1,1733.5,2671
KGSLAM06,Ikeji 4,Olamaboro,Kogi,17957.4,17639.7,3256.5,37933.0,3236.2,6439
KN0810,San San,Dambatta,Kano,15545.9,12164.8,2426.0,20321.9,3061.2,3852
IMSAMG11,Amaigbo 6,Nwangele,Imo,18566.6,16405.4,2011.1,12920.5,2327.8,1855
ANSUKP18,Ukpor 6,Nnewi South,Anambra,12238.4,12585.2,1319.4,13307.7,1236.9,1967
OSSICL10,Iremo 5,Ife Central,Osun,11348.4,13808.7,1626.3,23316.4,1292.5,3078
ODSESO05,Apoi 5,Ese Odo,Ondo,10338.2,19783.6,2523.5,5507.3,2654.3,763
ANSHTE11,Nteje 5,Oyi,Anambra,4357.8,3332.8,373.0,8432.1,471.7,1265
KGSLAM05,Ikeje 5,Olamaboro,Kogi,5033.2,4025.9,753.3,10447.3,924.5,1743
40207,Jino,Batagarawa,Katsina,21702.8,25580.9,5141.3,28051.8,4315.8,6668
IMSAMG10,Amaigbo 5,Nwangele,Imo,19640.0,18634.7,2182.0,13158.7,2488.4,1885
ANSATN14,Okpoko 5,Ogbaru,Anambra,15233.7,22489.5,2862.0,16282.3,2455.6,2557
KWSSHA18,Share 5,Ifelodun,Kwara,18392.7,15163.3,2845.2,19939.9,3387.3,3482
AKSAEE04,Ward 4,Etim Ekpo,Akwa Ibom,27032.7,15811.9,1917.9,19056.8,3182.5,2377
41305,Ruwan Godiya,Faskari,Katsina,34495.3,31290.4,6534.4,29906.9,7126.1,6969
KN0107,Gurduba,Ajingi,Kano,14490.3,17368.8,3461.0,20148.8,2873.8,4110
KWSFUF05,Akanbi 5,Ilorin South,Kwara,139117.2,161135.2,26035.4,247705.1,22226.0,42653
ANSHAL11,Ogboro / Ward 5,Ihiala,Anambra,43297.7,42744.1,4702.0,46144.0,4644.1,6876
OGSYEN02,Ayetoro 2,Yewa North,Ogun,18045.6,16888.7,2494.6,18092.0,2574.3,2137
ENSENZ12,Umuozzi 5,Igbo-Eze North,Enugu,17143.4,17906.1,2332.2,29387.4,2161.4,4621
ENSGBO05,Ukehe 5,Igbo-Etiti,Enugu,16778.3,17932.7,2182.3,12308.6,1992.2,1911
ENSGBO14,Aku 5,Igbo-Etiti,Enugu,11051.1,6231.6,758.3,10760.5,1360.9,1709
ENSAGN10,Akpugo 5,Nkanu West,Enugu,4678.7,1424.4,145.5,2744.5,458.4,426
OSSINH05,Ipetumodu 1,Ife North,Osun,1315.6,43.0,5.1,3693.6,150.7,538
OSSOSO11,Jagun 1,Osogbo,Osun,62068.2,81969.7,10336.7,44201.8,9307.1,5774
OYSAFO04,Fiditi 1,Afijio,Oyo,11111.8,11224.0,1119.2,8792.8,1114.9,1246
50612,Nassarawa 1,Birnin Kebbi,Kebbi,68505.8,76483.3,14863.6,61675.5,13803.4,12057
12401,Bolori 1,Maiduguri,Borno,32423.8,36886.0,6736.1,150173.3,5842.2,25023
ABSBND04,Igbere 1,Bende,Abia,11521.5,16052.1,1855.0,9331.3,1344.6,1683
ABSKWU03,Ariam 1,Ikwuano,Abia,11939.9,15831.6,1724.7,9120.8,1300.7,1473
OSSEDE08,Iragberi 1,Egbedore,Osun,3016.8,2503.0,296.3,3304.5,359.0,452
ANSABN09,Enugu Ukwu 1,Njikoka,Anambra,6476.3,8542.5,983.6,8515.1,785.2,1325
ANSHTE04,Awkuzu 4,Oyi,Anambra,19596.7,16161.7,2052.8,23102.7,2692.7,3503
BNSVDY01,Mbadede 1,Vandeikya,Benue,48685.5,81184.9,14188.2,69138.6,8308.9,9717
OYSLAU09,Ore 1,Lagelu,Oyo,4436.2,6407.1,778.7,7821.6,519.9,1133
ANSABN01,Abagana 1,Njikoka,Anambra,4723.3,3582.9,420.4,5766.0,539.6,857
ABSACH11,Ikwun Ihe 1,Arochukwu,Abia,10424.6,9721.2,1100.1,5996.5,1270.9,1012
OYSATA07,Asipa 1,Atiba,Oyo,40300.3,70572.3,9249.1,20516.5,9289.2,2891
ANSHTE01,Awkuzu 1,Oyi,Anambra,13204.7,13952.4,1704.2,16321.8,1595.1,2448
OYSAFO02,Awe 1,Afijio,Oyo,19164.6,25109.3,3026.3,14806.1,2864.4,2130
OYSLAU02,Lalupon 1,Lagelu,Oyo,17765.0,3953.3,495.9,40261.1,2134.3,5803
OSSENH09,Sabo Agbengbe 1,Ede North,Osun,5198.9,3317.3,399.7,15143.9,605.2,2171
OSSISO04,Awala 1,Isokan,Osun,7296.0,67330.9,8344.8,5075.8,3135.5,721
OSSISH03,Ikija 1,Ife South,Osun,5550.2,4264.9,487.8,7888.2,651.1,1267
OYSATA01,Afin 1,Atiba,Oyo,16971.6,13334.7,1710.3,19324.8,2118.2,2723
ABSBND01,Alayi 1,Bende,Abia,24606.4,29655.1,3427.1,18522.6,2950.6,3102
OGSIKA05,Ifonyintedo,Ipokia,Ogun,20236.0,22652.9,3245.4,35107.8,2763.2,4150
ABSBND07,Item 1,Bende,Abia,20555.7,28047.3,3333.7,15459.8,2474.1,2557
ANSKPP06,Ukpo 1,Dunukofia,Anambra,8928.8,10319.3,1210.8,13700.7,1044.0,2074
ANSABN13,Nawfia 1,Njikoka,Anambra,993.5,1430.3,167.4,1097.6,114.3,164
ANSACA07,Ebenebe 1,Awka North,Anambra,8218.4,11696.9,1352.2,9007.2,928.5,1378
KGSJMU03,Aiyetoro / Iluagbah 1,Ijumu,Kogi,24546.6,29746.4,5814.2,23756.4,5092.0,4096
KGSKPA01,Ankpa 1,Ankpa,Kogi,43913.5,40106.9,7803.3,52441.6,8494.2,10089
KGSKPA03,Ankpa Suburb 1,Ankpa,Kogi,46894.7,43632.6,8519.4,46442.7,9511.9,7992
KGSKPA10,Ojoku 1,Ankpa,Kogi,15573.8,15973.4,3118.9,19938.2,2992.5,3584
60603,Balle,Gudu,Sokoto,16255.1,15420.8,3095.5,13242.7,3242.3,2345
KGSKPA06,Enjema 1,Ankpa,Kogi,33617.1,30235.7,5903.6,38242.2,6559.6,7607
11610,Yabal,Konduga,Borno,8799.8,7204.8,1342.2,11403.7,1681.1,1998
12007,Kalizoram,Magumeri,Borno,29636.9,48436.4,9102.1,24558.2,5479.9,3528
ODSANE11,Orun-Un 1,Akoko North East,Ondo,12491.0,8074.6,941.6,9430.4,1757.4,1421
ODSAKS02,Gbogi 1,Akure South,Ondo,41432.6,41122.1,5415.3,68531.6,5420.1,10095
ODSESO01,Apoi 1,Ese Odo,Ondo,11007.3,24719.1,3156.0,8876.2,2551.9,1374
JI0202,Batali,Babura,Jigawa,29389.7,20324.8,4062.7,29091.0,5813.7,5729
ODSANE03,Ikado 1,Akoko North East,Ondo,7145.1,6658.3,776.5,6322.2,1073.9,942
ODSANE07,Isowopo 1,Akoko North East,Ondo,64395.3,71340.0,8320.2,44998.6,8343.1,6079
ABSHAF07,Amogudu / Amaogudu Abiriba,Ohafia,Abia,41500.2,53635.0,6298.5,31576.8,5454.9,5673
TRSBBB01,Dampar 1,Ibi,Taraba,6691.6,7978.7,1487.4,5933.7,1229.2,974
OSSIET01,Ilode 1,Ife East,Osun,448.0,2436.6,285.2,50.0,390.0,7
ODSESO06,Arogbo 1,Ese Odo,Ondo,25315.3,47779.6,6183.1,27836.3,6842.1,4429
OSSILA08,Oke Ejigbo 1,Ila,Osun,7498.0,7944.6,997.7,13653.5,914.2,2028
ABSMBL08,Imenyi 1 / 2,Isuikwuato,Abia,2515.1,2711.5,266.0,2568.7,236.6,414
OYSIBAN09,Tapa 1,Ibarapa North,Oyo,13422.2,14788.1,1853.2,8757.4,1884.3,1318
OYSATIB02,Ago-Are 1,Atisbo,Oyo,5115.3,6166.3,777.2,5960.2,630.7,843
OYSOLE04,Igbope 1,Orelope,Oyo,6633.2,8922.1,1076.5,4779.8,804.4,673
50101,Aliero Dangaladima 1,Aleiro,Kebbi,6483.9,5801.6,1157.4,7328.2,1270.7,1591
50103,Aliero S Fada 1,Aleiro,Kebbi,10937.1,9147.4,1824.9,11083.4,2146.8,2302
OSSBOLUW05,Iresi 1,Boluwaduro,Osun,2775.9,2952.4,373.0,1804.0,378.4,237
OSSIET03,Modakeke 1,Ife East,Osun,1281.8,978.5,116.2,2372.2,147.2,309
OYSATA03,Agunpopo 1,Atiba,Oyo,2505.4,2847.3,372.1,523.3,391.8,74
KGSKNA07,Odu 1,Dekina,Kogi,19056.2,17956.8,3339.5,24541.6,3492.1,4550
ABSBND13,Nkpa 1,Bende,Abia,6087.2,8867.5,1024.8,5505.5,745.7,950
60405,Kaffe,Gada,Sokoto,19547.4,21517.1,4562.3,24981.7,4021.5,4486
42207,Tsauri A,Kurfi,Katsina,32482.4,22803.4,4781.5,27452.1,6700.4,5708
ODSAKN01,Ayetoro 1,Akure North,Ondo,6561.2,6252.2,819.3,17797.3,832.8,2566
ODSASW09,Oba 1,Akoko South West,Ondo,20708.5,28514.2,3314.7,12413.9,2747.5,1797
OGSIKA08,Ipokia 1,Ipokia,Ogun,18745.3,13921.1,1932.3,20295.3,2519.6,2403
ODSASW02,Akungba 1,Akoko South West,Ondo,26749.5,39475.0,4581.6,24332.8,3906.8,3872
KGSAJK01,Ajaka 1,Igalamela-Odolu,Kogi,62721.0,63043.0,11196.3,70367.9,11058.2,11678
KGSKKH07,Oboroke 1,Okehi,Kogi,17476.4,18959.9,3744.8,12857.6,3940.7,2158
KGSLAM01,Adeh 1,Olamaboro,Kogi,7131.1,7209.4,1333.2,18940.7,1288.6,3222
KWSLAF01,Lafiagi 1,Edu,Kwara,13871.4,11699.7,2097.0,11488.4,3118.6,2706
KGSLAM04,Emane 1,Olamaboro,Kogi,28619.5,30326.3,5784.4,45543.0,5432.0,7722
KGSKKH04,Obeiba 1,Okehi,Kogi,4463.8,5254.6,1038.0,4553.8,1150.1,828
LASEPE01,Agbowa 1,Epe,Lagos,3855.8,3947.7,501.8,6385.7,478.2,773
LASIUI06,Lekki 1,Ibeju Lekki,Lagos,14779.0,23427.5,2928.7,51935.3,1827.6,5917
LASKSE01,Agboyi 1,Kosofe,Lagos,1984.0,5268.4,642.9,1807.6,882.4,230
LASIUI08,Orimedu 1,Ibeju Lekki,Lagos,13554.5,7438.7,928.8,31276.0,1645.9,4104
ANSNKK11,Umumbo,Ayamelum,Anambra,17166.7,10667.9,1303.4,9956.0,3351.1,1891
JI2502,Amanga,Sule Tankarkar,Jigawa,15002.1,20220.6,3861.6,37177.5,2841.1,7772
LASIUI01,Ibeju 1,Ibeju Lekki,Lagos,5881.7,6083.4,762.2,18356.4,715.2,2149
LASIUI11,Siriwon /  Igbekodo 1,Ibeju Lekki,Lagos,4154.1,2020.5,252.3,7952.6,504.3,918
LASIUI04,Iwerekun 1,Ibeju Lekki,Lagos,53385.7,53646.8,6698.1,205966.6,6485.8,25331
OSSAMW03,Ifewara 1,Atakunmosa West,Osun,1223.8,983.4,111.2,1590.8,135.6,220
OSSESH01,Alajue 1,Ede South,Osun,13578.4,15064.1,1838.0,19231.4,1638.8,2514
OGSIKA10,Mahun 1,Ipokia,Ogun,15528.6,9988.4,1398.1,14237.7,2115.0,1670
OGSIUU02,Ife 1,Ijebu East,Ogun,15523.7,16602.1,2310.5,26604.7,2099.6,3343
OGSRMN08,Ode 1,Remo North,Ogun,20376.5,24217.0,2974.0,28631.7,2653.6,3922
ENSUMU12,Umulokpa,Uzo-Uwani,Enugu,18506.4,38014.8,4457.4,13877.3,2186.3,2188
ANSNKK05,Omasi,Ayamelum,Anambra,12267.4,9266.7,1133.8,5034.2,1796.3,823
OGSRMN04,Isara 1,Remo North,Ogun,13403.6,13931.2,1710.9,16787.7,1878.4,2602
AKSKTM12,Abak Midim 1,Oruk Anam,Akwa Ibom,8352.5,8168.8,1017.3,5002.3,1017.9,619
70403,Gadaka / She,Fika,Yobe,55062.4,61299.1,11309.9,62306.7,10168.4,12374
OGSIUU07,Imushin 1,Ijebu East,Ogun,52846.5,48894.6,6711.5,102713.6,7065.6,12490
OGSWSD08,Iwopin 1,Ogun Waterside,Ogun,23046.9,19878.5,2524.8,21375.0,3129.2,2749
OGSOGU11,Odogbolu 1,Odogbolu,Ogun,15760.5,17568.2,2169.9,22207.1,1889.0,2796
OGSIUU05,Imobi 1,Ijebu East,Ogun,3860.0,3989.7,555.2,7102.9,519.0,892
OGSIUE10,Porogun 1,Ijebu Ode,Ogun,15312.3,10708.2,1389.6,25392.0,1894.8,3145
OGSIKE01,Ikenne 1,Ikenne,Ogun,1712.3,1662.4,200.2,1702.0,201.1,199
OGSIKE05,Iperu 1,Ikenne,Ogun,43398.2,42531.9,5077.7,54842.1,5423.8,7484
OGSIKE03,Ilisan 1,Ikenne,Ogun,20954.3,21904.5,2612.9,25559.9,2464.9,3042
OGSIKE09,Ogere 1,Ikenne,Ogun,10207.3,9461.1,1141.8,12046.2,1204.2,1434
61201,Gandi 1,Rabah,Sokoto,22365.2,25064.2,5023.4,20755.2,6584.2,3826
ANSACA06,Awba Ofemili,Awka North,Anambra,7202.5,8647.4,1027.9,5876.5,830.3,877
ABSACH17,Ovukwu,Arochukwu,Abia,2326.7,3698.5,418.6,1266.9,270.1,218
TRSBBB06,Rimi Uku 1,Ibi,Taraba,17568.6,19479.7,3631.5,19233.5,3235.0,3673
ODSANE09,Iyometa 1,Akoko North East,Ondo,13003.4,5290.8,617.0,7651.1,1697.5,1033
11902,Gawa,Mafa,Borno,10573.8,4339.4,797.8,7306.0,2210.1,1049
10313,Yabiri,Bama,Borno,38042.4,52117.4,10092.2,6673.7,7898.2,958
ODSASW14,Supare 1,Akoko South West,Ondo,27038.2,20404.4,2373.5,19197.5,3480.2,2795
NASKRV05,Karshi 1,Karu,Nasarawa,23107.6,19585.1,3627.7,57681.7,4208.4,10697
ABSACH14,Ohaeke,Arochukwu,Abia,24194.1,24548.0,2778.5,16269.7,3122.6,2920
NASKEF04,Iya 1,Keffi,Nasarawa,26260.1,27085.1,4760.2,28144.9,4579.0,4942
NASNBB05,Gidan-Ausa 1,Obi,Nasarawa,22965.9,25860.5,5045.2,20484.8,5010.8,3671
NASNSW02,Ara 1,Nasarawa,Nasarawa,19493.8,12516.6,2381.3,34356.1,3636.8,6275
TRSBBB04,Nwonyo 1,Ibi,Taraba,10325.5,10823.0,2017.7,12603.1,2039.0,2708
TRSBBB08,Sarkin Kudu 1,Ibi,Taraba,4673.9,4326.1,805.9,7005.2,856.2,1147
KGSBJK01,Abejukolo 1,Omala,Kogi,25657.2,34606.5,6838.1,20935.9,5740.5,3820
KWSPTG04,Lade 1,Pategi,Kwara,6645.3,7056.9,1285.8,11973.5,1185.8,2230
KWSKMA03,Gwanabe 1,Kaiama,Kwara,40458.7,34247.1,6717.6,75020.7,7803.8,12840
KWSKSB10,Yashikira 1,Baruten,Kwara,28695.6,33786.8,6939.0,44875.2,5784.2,7592
KWSKMA06,Kaiama 1,Kaiama,Kwara,7835.3,2240.2,439.2,12045.7,1510.7,2140
KWSLAF05,Tsonga 1,Edu,Kwara,19433.6,16255.4,2928.3,16113.6,4443.4,3119
KWSSHA02,Idofian 1,Ifelodun,Kwara,28949.8,18376.7,2763.9,12946.8,5656.9,2202
KN0808,Kore,Dambatta,Kano,24546.8,4097.7,817.5,32497.8,4848.6,5706
KWSSHA14,Share 1,Ifelodun,Kwara,8936.7,9120.6,1717.1,6106.8,1756.9,1111
KWSFUF01,Akanbi 1,Ilorin South,Kwara,15214.0,10460.7,1447.5,6672.8,2323.9,1132
KWSLFF04,Idofin / Igbana 1,Oke Ero,Kwara,4285.0,4125.1,828.6,4118.8,905.3,839
KWSMUN10,Oro 1,Irepodun,Kwara,16101.8,16658.2,2884.6,18948.8,2728.8,3291
KWSMUN01,Ajase 1,Irepodun,Kwara,47372.3,40722.9,7425.8,38647.3,8698.2,6740
KWSPTG07,Pategi 1,Pategi,Kwara,20065.3,25891.3,4717.3,16144.0,3953.8,3346
KWSLAF08,Tsaragi 1,Edu,Kwara,19037.4,28884.8,5212.7,24981.3,3375.8,5213
KWSSHA04,Igbaja 1,Ifelodun,Kwara,11716.7,15264.8,2873.8,11979.6,2224.4,2112
KWSSHA08,Oke-Ode 1,Ifelodun,Kwara,15986.2,16001.3,3012.4,12659.3,3071.0,2189
PLSMGU05,Gindiri 1,Mangu,Plateau,17947.8,15801.0,2558.5,24205.4,2827.9,3752
EKSEWT01,Aramoko 1,Ekiti West,Ekiti,46802.9,101146.5,12102.0,40437.0,12486.3,7206
EKSIEN01,Erinwa 1,Ise/Orun,Ekiti,19908.8,29083.5,3577.3,14524.4,3703.4,2235
ENSBBG02,Iheakpu-Awka 1,Igbo-Eze-South,Enugu,16795.1,11346.1,1454.7,19215.2,2118.4,3008
EKSIDO07,Ifaki 1,Ido-Osi,Ekiti,21104.0,25096.6,2984.7,22017.0,2912.4,4517
EKSIDO05,Ido 1,Ido-Osi,Ekiti,18457.7,20022.5,2379.5,15661.4,2386.7,2836
EKSGBN08,Ode 1,Gbonyin,Ekiti,1491.0,0.0,0.0,497.7,190.3,74
EKSGBN02,Aisegba 1,Gbonyin,Ekiti,21403.1,27012.9,3340.7,13129.7,3728.2,2092
EKSMBA02,Erinmope 1,Moba,Ekiti,5622.8,5474.5,1099.6,6547.9,1161.0,1169
EKSIME06,Iludun 1,Ilejemeje,Ekiti,2470.8,3695.9,461.9,2286.7,358.3,408
EKSOYE11,Oye 1,Oye,Ekiti,9733.5,10827.8,1318.2,10295.3,1303.5,1598
EKSMBA03,Igogo 1,Moba,Ekiti,1821.7,1278.7,146.0,604.9,322.1,90
EKSEKE11,Omuo Oke 1,Ekiti East,Ekiti,13844.5,17434.7,2213.2,8473.6,2341.2,1325
EKSOYE03,Ilupeju 1,Oye,Ekiti,8324.8,9780.7,1190.7,8433.5,1146.1,1619
EKSOYE05,Ire 1,Oye,Ekiti,4146.2,4933.4,599.3,3525.9,559.5,577
EKSEKE09,Kota Omuo 1,Ekiti East,Ekiti,0.0,0.0,0.0,11.3,0.0,2
EKSEME04,Odo Emure 1,Emure,Ekiti,8987.8,12986.5,1245.1,7330.9,1447.1,1205
EKSIEN04,Odose 1,Ise/Orun,Ekiti,9379.2,4742.5,583.3,7501.5,1543.5,1121
EKSIDO03,Ayetoro 1,Ido-Osi,Ekiti,6662.3,6782.8,806.3,6213.3,845.9,1050
EKSMBA09,Otun 1,Moba,Ekiti,44634.8,95964.0,10954.1,41412.1,8911.2,7478
EKSIEN09,Orun 1,Ise/Orun,Ekiti,7239.1,6944.0,836.2,5563.5,1311.7,845
EKSIEN06,Oraye 1,Ise/Orun,Ekiti,8766.0,15770.2,1939.7,8388.6,1446.6,1290
KGSBAS01,Akuba 1,Bassa,Kogi,47997.7,39597.3,7540.5,19014.1,9443.4,3143
KGSKFU10,Ugwolawo 1,Ofu,Kogi,42798.8,44568.0,8572.1,42631.9,8279.2,7146
ANSNKK02,Ifite-O 1,Ayamelum,Anambra,4144.7,15598.9,1908.9,3846.6,1172.4,608
ENSBBG15,Iheaka 1,Igbo-Eze-South,Enugu,14832.5,14769.4,1817.8,24122.6,1777.7,3865
OGSYEN05,Idofoi,Yewa North,Ogun,17049.9,15342.7,2264.8,19372.2,2431.7,2275
ANSNKK06,Omor 1,Ayamelum,Anambra,10853.5,20753.0,2539.7,9729.2,2459.8,1448
ANSAAH13,Umuleri 1,Anambra East,Anambra,903.1,5270.5,600.2,6718.8,99.6,997
ANSAAH06,Nando 1,Anambra East,Anambra,4364.8,15719.3,1918.9,9479.3,520.4,1407
ANSHTE14,Umanya 1,Oyi,Anambra,13334.4,4752.5,541.5,18305.2,1478.0,2712
ANSAAH01,Aguleri 1,Anambra East,Anambra,830.0,9948.3,1132.9,15552.5,91.5,2327
ANSAAH11,Otuocha 1,Anambra East,Anambra,6661.5,13316.3,1518.3,17832.6,757.4,2684
ANSHTE07,Nteje 1,Oyi,Anambra,3682.6,5232.9,585.6,5892.9,398.6,877
ANSKPP04,Nwagu 1,Dunukofia,Anambra,3698.1,2545.0,302.5,4059.9,425.8,600
OGSYEN03,Ebute,Yewa North,Ogun,52771.5,51168.0,7578.9,84544.6,7627.0,10197
IMSAWD08,Okwuamaraihe 1,Orsu,Imo,8530.9,10323.2,1225.6,16085.6,979.0,2323
OGSION06,Ilara,Imeko Afon,Ogun,7989.5,28305.3,4706.5,21755.5,1140.1,2563
ABSMBL19,Umunnekwu 1,Isuikwuato,Abia,1569.7,2601.8,296.2,1036.8,172.8,167
AKSDRK03,Iwerre,Ini,Akwa Ibom,17644.3,21495.7,2722.9,12628.3,2166.7,1564
BA1508,Burra,Ningi,Bauchi,18624.5,15082.4,3104.8,19323.0,3833.2,4041
IMSKWE07,Okwelle 1,Onuimo,Imo,22095.2,27992.5,3274.4,14862.4,2863.2,2130
ABSKWU06,Ekpiri,Ikwuano,Abia,2046.0,2349.6,255.6,1501.5,235.5,242
ENSUMU09,Adani,Uzo-Uwani,Enugu,27777.1,12962.0,1555.9,17518.1,3763.1,2798
ANSNKK09,Umueje,Ayamelum,Anambra,4352.0,7708.2,943.3,1966.1,1354.8,291
70909,Zabudum / Dachia,Jakusko,Yobe,35999.0,32344.6,6198.5,16703.7,7937.5,3168
12005,Gajiganna,Magumeri,Borno,16768.2,44792.4,8656.9,24717.3,3260.7,4108
12706,Gwalasho,Shani,Borno,17040.7,11773.2,2434.1,20156.3,3492.0,3108
ANSNEN06,Adazi Nnukwu 1,Anaocha,Anambra,7459.5,4890.6,557.1,5589.5,846.7,827
IMSAMG04,Abba 1 and 2,Nwangele,Imo,16028.7,19464.4,2268.7,11222.6,1956.3,1607
ANSHTE12,Ogbuike 1,Oyi,Anambra,13671.2,13780.2,1694.0,16794.7,1654.5,2511
TRSSDA08,Ndum-Yaji,Sardauna,Taraba,7071.8,11067.7,2018.0,8761.2,1316.3,1407
10901,Ardimini,Gubio,Borno,20978.8,15787.4,3005.3,11032.8,3967.1,1587
IMSEHM08,Umueze 1,Ehime-Mbano,Imo,16028.1,9826.0,1177.8,13691.8,1872.3,1966
11415,Wajiro,Kaga,Borno,11205.0,6584.5,1232.2,7485.8,2066.6,1075
EBSHKW11,Ijinike Amin,Ohaukwu,Ebonyi,17186.2,1577.4,238.5,14493.7,2546.6,2481
ANSGDD08,Obosi 1,Idemili North,Anambra,64521.5,88646.9,10543.6,69771.3,12718.7,10808
EBSBKL25,Oyege,Izzi,Ebonyi,4207.1,4024.1,755.7,4507.2,772.3,770
JI1704,Dandi,Kazaure,Jigawa,19370.0,20728.5,4229.8,22865.9,3945.3,4529
EBSEDA04,Ameke,Afikpo South,Ebonyi,13239.5,27372.4,3606.0,10179.4,2912.9,2115
EBSAKL02,Agbaja,Abakaliki,Ebonyi,7532.9,4271.1,691.6,10507.5,1199.6,1801
ABSNGK11,Mgboko Umuanunu 1,Obi Nwga,Abia,3660.8,2853.1,337.1,5941.3,419.4,958
IMSKGE10,Okigwe Urban 1,Okigwe,Imo,28736.6,29782.1,3348.4,26068.7,3312.4,3892
ENSJRV18,Oji River 1 / Agbalaenyi,Oji-River,Enugu,4870.4,878.2,96.8,5064.4,517.7,799
IMSURU03,Iheme 1,Ideato North,Imo,29705.1,32171.3,3841.7,32203.5,3431.8,4613
ABSUNC16,Umuaku 1,Umu-Nneochi,Abia,15100.8,11734.1,1337.8,13213.2,1664.8,2150
EBSEBJ11,Umuezekoha / Umuezeoka,Ezza North,Ebonyi,10646.0,18837.9,2965.6,11651.6,1646.1,1990
IMSAWD06,Ihitenansa 1 and 2,Orsu,Imo,4386.0,3714.9,439.9,7377.6,502.0,1060
IMSKGE07,Ihube 1 and 2,Okigwe,Imo,63576.5,54453.1,6104.8,60143.9,7329.0,8933
81001,Bindin,Maru,Zamfara,20610.1,18059.0,3709.4,18021.4,4184.1,3314
ANSAWK14,Nibo 1,Awka South,Anambra,8074.2,2129.1,225.0,12580.6,825.6,1860
ABSKKE25,Ozaa Ukwu 1,Ukwa West,Abia,4211.1,4002.6,482.3,5098.6,492.2,822
EBSCHR08,Ekpelu,Ikwo,Ebonyi,2355.3,2156.6,283.6,2045.1,299.9,349
EBSBKL20,Nwofe / Ndioga,Izzi,Ebonyi,6666.2,1133.1,211.8,4244.5,1221.6,725
ANSKPP13,Umunnachi 1,Dunukofia,Anambra,10507.7,10494.8,1267.4,12277.3,1257.5,1829
IMSAWD14,Umuhuokabia 1,Orsu,Imo,6242.5,5726.4,678.0,11251.6,714.5,1611
ANSAJL19,Ufuma 1,Orumba North,Anambra,16213.0,10498.3,1148.2,20285.9,1703.2,3051
EBSNKE18,Onueke,Ezza South,Ebonyi,9016.0,3347.3,440.2,12128.7,1149.6,2084
BA1502,Dingis,Ningi,Bauchi,35520.3,35094.1,7224.3,32780.6,7206.1,6502
IMSAMG06,Amaigbo 1,Nwangele,Imo,22074.3,23141.7,2836.4,14677.9,3036.7,2111
BNSKAL05,Mbajir,Katsina-Ala,Benue,6492.7,10061.7,1860.2,27326.0,1177.8,3907
ANSAJL05,Awgbu 1,Orumba North,Anambra,14203.2,34679.7,3785.3,19375.7,1508.5,2896
IMSDFB02,Dikenafai 1 and 2,Ideato South,Imo,11273.1,10629.6,1304.1,7766.7,1391.3,1132
EBSEDA02,Amangwu,Afikpo South,Ebonyi,13637.1,18753.6,2282.8,7263.6,2445.8,1360
IMSDFB16,Umuobom 1 and 2,Ideato South,Imo,17317.2,13543.2,1719.9,5238.6,2382.4,750
IMSKWE13,Umucheke 1 and 2,Onuimo,Imo,23425.0,26752.5,3059.8,11946.8,3496.6,1772
IMSUMG07,Nekede 1,Owerri West,Imo,17895.9,14323.7,1815.6,50384.4,2195.1,7961
IMSIHI04,Amakohia 1 and 2,Ihitte/Uboma,Imo,24705.9,33800.2,4039.2,22591.1,3145.2,3342
IMSKGE01,Agbobu 1 and 2,Okigwe,Imo,13451.7,12512.0,1402.7,9236.6,1462.4,1346
IMSKGE05,Ezinachi 1 and 2,Okigwe,Imo,8940.5,14083.0,1578.8,5980.0,975.2,856
IMSNKR05,Onusa 1 and 2,Nkwerre,Imo,4723.3,4233.1,469.5,3667.1,546.8,525
IMSRRT06,Emekuku 1,Owerri North,Imo,32304.2,22203.9,2534.2,36748.1,3587.8,5481
ANSFGG01,Bridge Head 1,Onitsha South,Anambra,5101.4,5377.8,643.5,7257.7,740.4,1411
IMSRRT08,Emii 1 and 2,Owerri North,Imo,35093.8,31528.6,3598.5,42394.4,3877.4,6484
IMSABB16,Uvuru 1 / Amaisii Ndigbo,Aboh-Mbaise,Imo,20061.9,16124.9,1890.5,13656.9,2278.0,1965
KN1706,Mesar Tudu,Gezawa,Kano,21378.8,5854.2,1182.4,31061.2,4381.0,6476
ANSUMZ15,Umunze 1,Orumba South,Anambra,26087.4,28576.3,3287.8,25985.4,3257.2,4088
IMSURU06,Izuogu 1,Ideato North,Imo,10855.5,8999.3,1074.7,9530.8,1254.6,1386
ANSATN03,Atani 1,Ogbaru,Anambra,9280.0,25962.4,2730.6,6361.0,2962.2,1009
61009,Sangi,Kebbe,Sokoto,15087.4,9936.7,2078.8,7556.6,3135.3,1342
ANSAWK17,Nise 1,Awka South,Anambra,28510.4,20874.2,2206.5,29723.2,2956.7,4447
ABSKKE21,Obokwe 1 / 2,Ukwa West,Abia,3484.1,2521.9,301.7,3868.7,403.7,624
ABSKKE16,Asa South 1 / 2,Ukwa West,Abia,16871.5,15999.0,1914.4,19951.4,1956.0,3294
ANSUMZ10,Ogbunka 1,Orumba South,Anambra,12278.0,12667.3,1457.4,11928.5,1378.9,1773
IMSETU04,Eziudo 1,Ezinihitte,Imo,10055.3,13374.6,1516.3,7171.6,1134.5,1030
IMSDFB04,Isiekenesi 1,Ideato South,Imo,20481.8,20594.8,2617.3,8092.5,2855.2,1163
IMSDFB08,Ogboko 1,Ideato South,Imo,15437.0,18460.5,2346.1,8002.9,2169.7,1150
IMSMGD07,Awo 1,Oru East,Imo,3623.0,4081.3,441.6,8699.3,377.2,1257
ANSUMZ12,Owelle-Ezukala 1,Orumba South,Anambra,10228.1,9949.3,1144.7,10870.1,1147.8,1633
61209,Tursa,Rabah,Sokoto,7551.3,8756.7,1755.0,5612.7,1580.9,1038
ABSMBL06,Ikeagha 1,Isuikwuato,Abia,14500.5,18013.0,1770.5,13497.9,1376.2,2268
EBSBKL22,Ofiaonwe / Ndio,Izzi,Ebonyi,9958.1,2268.1,421.6,10711.2,1809.1,1830
61102,Basansan,Kware,Sokoto,7863.5,9375.5,1898.4,13334.8,1656.8,2421
ENSJRV19,Achi-Agu 1,Oji-River,Enugu,15081.0,4036.7,452.0,15288.9,1597.8,2379
EBSCHR18,Ndiegu Inyimegu,Ikwo,Ebonyi,16838.4,27700.7,4697.9,16238.7,3060.0,2778
EBSCHR25,Ndufu Alike / Agalegu  / Ndiofoke,Ikwo,Ebonyi,2142.7,3846.6,604.2,3782.0,325.7,647
EBSEBJ14,Umuoghara 1,Ezza North,Ebonyi,14604.1,16669.5,3013.9,26999.2,2568.4,4663
EBSZLL19,Ntezi 1 / Ezekuna,Ishielu,Ebonyi,16655.8,1136.6,184.6,13182.5,2612.3,2255
EBSEBJ09,Oriuzor 1,Ezza North,Ebonyi,11060.2,10758.1,1633.3,7758.1,1655.1,1325
EBSNKE11,Ezzama 1,Ezza South,Ebonyi,5345.5,4863.7,639.6,4762.4,680.6,814
ENSBLF08,Orba 1,Udenu,Enugu,49764.4,30555.9,3695.7,78849.4,5844.2,13104
EBSUGB07,Egwudinegu 1,Ebonyi,Ebonyi,6693.4,3066.9,557.8,10467.7,1190.3,1788
60704,Gidan Kaya,Gwadabawa,Sokoto,21515.0,19302.9,3983.4,22480.8,4373.4,4240
AKSAFG07,Asang 3,Nsit Ibom,Akwa Ibom,22582.2,15426.5,1924.2,13120.9,2721.0,1625
EBSCHR15,Ndiegu Echara 1,Ikwo,Ebonyi,26115.9,42618.4,7346.3,24065.5,4507.4,4111
EBSUGB03,Agalegu 1,Ebonyi,Ebonyi,6498.8,6245.5,1125.7,14203.7,1132.3,2438
EBSCHR19,Ndufu Amegu 1 / Abina,Ikwo,Ebonyi,2208.7,11111.2,1965.4,6483.1,396.6,1107
EBSCHR23,Ndufu Igbudu,Ikwo,Ebonyi,12573.4,12611.3,2230.7,8405.4,2228.1,1436
EBSCHR12,Ndiegu Amegu 1,Ikwo,Ebonyi,8719.7,22244.8,3179.9,7869.8,1463.2,1344
EBSHKW37,Wigbeke 1,Ohaukwu,Ebonyi,4520.0,4186.3,629.3,3184.7,659.7,544
ENSENZ05,Essodo 1,Igbo-Eze North,Enugu,31316.5,46539.6,6061.5,52286.1,3944.2,8153
EBSUGB09,Enyibichiri 1 / Ukpachacha / Oguzoronweya,Ebonyi,Ebonyi,12653.2,3906.7,714.3,14969.8,2268.5,2570
EBSZLL24,Ohofia 1 / Ohofia 2,Ishielu,Ebonyi,14787.6,13897.6,2256.9,12928.5,2319.3,2209
EBSUGB14,Ndiebor 1 / Ndiebor 2,Ebonyi,Ebonyi,8180.3,12569.3,2286.0,14304.5,1454.7,2443
ENSDBR09,Oduma 1,Aninri,Enugu,22626.9,11238.9,1371.7,7720.6,2735.9,1199
EBSSKA09,Iyioji 1 / Iyioji 2 / Iyioji Akaeze,Ivo,Ebonyi,15573.0,15944.6,1846.8,12673.6,2054.4,2282
EBSHKW21,Okposhi 1,Ohaukwu,Ebonyi,19813.0,40826.2,6161.1,21263.0,2929.7,3632
EBSUGB11,Mbeke 1 / Mbeke 2,Ebonyi,Ebonyi,8770.3,11367.3,2067.4,14098.5,1562.9,2408
ENSDBR12,Nnenwe 1,Aninri,Enugu,8282.7,7411.4,899.3,4864.3,999.5,767
EBSHKW15,Ngbo 1,Ohaukwu,Ebonyi,34921.6,15116.8,2300.6,25984.9,5134.5,4439
EBSCHR21,Ndufu Echara,Ikwo,Ebonyi,9726.2,13431.8,2127.1,10508.5,1655.1,1803
ENSAGW02,Mgbagbu Owa 1,Ezeagu,Enugu,15106.8,22985.4,2523.4,14758.4,1626.1,2326
ENSAGW05,Oghe 1,Ezeagu,Enugu,6305.8,3604.7,396.5,10196.9,667.7,1625
ENSAGW07,Aguobu Owa 1,Ezeagu,Enugu,10306.2,2581.5,283.4,11513.6,1091.2,1819
ENSAWG09,Awgu 1,Awgu,Enugu,31075.1,13407.7,1580.3,26075.9,3784.2,4175
EBSZLL07,Ezillo 1,Ishielu,Ebonyi,18559.1,12201.3,1981.0,15704.3,2856.7,2683
EBSNCA20,Okuzu-Ukawu / Ebirogu Okuzzu 2,Onicha,Ebonyi,33503.4,36978.1,4755.9,17838.9,4168.1,3057
ENSUMU08,Nimbo 1,Uzo-Uwani,Enugu,12008.9,28903.4,3461.4,10514.2,1451.8,1716
ENSENZ10,Umuitodi 1,Igbo-Eze North,Enugu,36488.0,20944.2,2727.9,45542.4,4608.0,7269
ENSENZ16,Umuozzi 1,Igbo-Eze North,Enugu,7417.0,3495.2,455.2,8656.2,934.1,1350
ENSGBO04,Aku 1,Igbo-Etiti,Enugu,7902.9,3640.7,443.1,7541.0,991.0,1241
ENSGBO15,Ohodo 1,Igbo-Etiti,Enugu,12620.1,17936.3,2179.7,9852.8,1494.5,1530
ENSGBO18,Ozalla 1,Igbo-Etiti,Enugu,11854.8,14362.0,1715.0,9590.0,1385.9,1489
ENSGBO19,Ukehe 1,Igbo-Etiti,Enugu,3691.2,1579.9,190.8,3562.2,431.1,553
ENSGBO20,Ekwegbe 1,Igbo-Etiti,Enugu,12995.4,14173.4,1724.8,9053.8,1535.2,1406
ENSJRV04,Achi-Uno 1,Oji-River,Enugu,14847.3,29355.1,3260.4,18316.0,1586.2,2854
ENSJRV14,Ugwuoba 1,Oji-River,Enugu,9013.9,25030.6,2740.8,10775.1,947.7,1834
ENSKEM01,Eha Amufu 1,Isi-Uzo,Enugu,12589.4,21844.6,2634.2,13187.3,1464.9,2083
ENSAGN14,Akegbe Ugwu 1,Nkanu West,Enugu,26968.6,8842.7,901.9,29038.9,2644.9,4536
ENSKEM09,Neke 1,Isi-Uzo,Enugu,12974.6,9162.5,1104.9,12191.4,1517.0,1898
ENSKEM07,Mbu 1,Isi-Uzo,Enugu,9763.4,16769.3,2037.7,10021.1,1142.9,1611
ENSKEM05,Ikem 1,Isi-Uzo,Enugu,18536.7,13626.8,1694.9,17240.2,2252.5,2728
ENSMGL05,Nara 1,Nkanu East,Enugu,10074.1,8688.8,1030.0,7425.9,1146.6,1159
ENSNKW04,Mbulujodo 1(East),Enugu East,Enugu,38696.2,5861.3,757.8,26557.3,5023.6,4150
ENSNKW07,Mbuluiyiukwu 1,Enugu East,Enugu,16362.6,47400.2,6099.8,15787.0,2083.6,2630
ENSNKW09,Abakpa 1,Enugu East,Enugu,31413.3,40059.7,4898.6,36007.7,4297.5,5724
ENSNKW10,Mbuluowehe 1&2,Enugu East,Enugu,34099.1,21318.1,2560.2,32296.3,4478.2,5042
ENSUMU11,Ugbene 1,Uzo-Uwani,Enugu,12404.6,865.4,103.6,11241.9,1491.0,1781
EBSHKW13,Ishingbo 1,Ohaukwu,Ebonyi,7595.8,9615.7,1655.8,4390.6,1325.9,750
EBSHKW03,Effium 1,Ohaukwu,Ebonyi,21154.9,29531.8,4567.5,17996.8,3313.2,3089
61702,Gagi B,Sokoto South,Sokoto,16108.4,49822.8,8746.5,14803.9,10274.7,2727
EBSZLL29,Umuhuali 1 / Umuhuali 2,Ishielu,Ebonyi,13315.3,11541.7,1874.3,13176.1,2090.7,2255
EBSZLL12,Izo 1 / Izo 2,Ishielu,Ebonyi,10264.3,14910.2,2421.3,12825.7,1609.8,2191
OGSABN10,Olorunda,Abeokuta North,Ogun,16688.2,12178.8,1775.3,17367.9,2364.4,2046
EBSZLL22,Ezzagu 1 / Ogboji 1,Ishielu,Ebonyi,11140.7,15437.2,2506.9,14600.6,1745.8,2494
ENSMGL08,Nkerefi 1,Nkanu East,Enugu,10333.2,13392.1,1587.8,9213.5,1176.2,1433
EBSSKA06,Ihenta 1 / Ihenta 2 / Ihenta Ogidi,Ivo,Ebonyi,16260.3,18644.7,2251.2,11050.0,2034.7,1928
61303,Kalgo,Sabon Birni,Sokoto,22199.5,21859.3,4490.2,16368.9,4538.4,2909
EBSSKA17,Umobor 1 / Umobor 2,Ivo,Ebonyi,12952.5,19691.4,2291.7,10951.3,1711.4,1946
ABSBND11,Itumbuzo 1,Bende,Abia,7666.4,3905.5,494.6,7819.3,943.1,1300
ABSKWU07,Ibere 1,Ikwuano,Abia,15305.1,21257.5,2317.0,13711.2,1787.8,2326
KWSWSN04,Isanlu 1,Isin,Kwara,11007.7,9876.3,1766.0,16779.7,1912.9,3085
ANSATN07,Oniocha,Ogbaru,Anambra,19413.0,26925.8,2837.3,8459.2,2930.5,1265
71304,S G Kanuri,Nguru,Yobe,9364.1,11729.6,2103.5,14983.1,2554.2,3771
PLSWAS13,Mal Adama,Wase,Plateau,3821.6,7386.9,1444.2,4168.2,735.3,631
EBSEBJ04,Ekka,Ezza North,Ebonyi,17997.0,22183.1,3297.0,5156.2,2752.1,881
ANSATN09,Ogba 1 O A / Umu,Ogbaru,Anambra,36282.4,66808.6,7030.5,17686.9,7066.5,2705
ANSATN01,A Ozizor,Ogbaru,Anambra,11838.3,25688.7,2709.0,6057.0,2771.4,900
AKSKTS05,Ikpa N Ass 1,Ikot Abasi,Akwa Ibom,13729.7,19311.2,2316.5,13087.4,1599.7,1626
TRSBAL08,Kussum / Badakoshi,Bali,Taraba,44436.6,32944.1,6264.3,41097.0,8306.8,6609
ENSAGN08,Obinagu Uwani / Akpugo 1,Nkanu West,Enugu,8772.9,12772.8,1455.5,9078.9,966.1,1410
KN0304,Gogori,Bagwai,Kano,44093.9,29329.0,6102.8,29579.6,9581.9,6106
KN0310,Wuro Bagga,Bagwai,Kano,45053.8,24494.3,5051.2,27238.3,9729.0,5233
11809,Wawa,Kwaya Kusar,Borno,3791.0,1503.2,281.4,4062.6,698.3,590
BA0805,Kubi A,Ganjuwa,Bauchi,31341.8,24216.4,5004.7,56127.6,6365.1,10665
10104,Foguwa,Abadam,Borno,25573.7,31967.5,6003.3,15482.6,5153.4,2288
EBSNKE04,Ameka / Ihotor / Amajim,Ezza South,Ebonyi,13256.4,8947.0,1391.8,13907.1,2002.6,2376
80104,Galadima,Anka,Zamfara,13274.7,16174.5,3281.1,6425.7,3355.9,1126
71307,Bulanguwa,Nguru,Yobe,16154.7,17021.3,3052.5,18062.4,2848.4,3117
80903,Faru Magami,Maradun,Zamfara,76975.2,87169.0,17905.2,28387.0,17761.3,5044
OYSIWU02,Igbojaiye,Itesiwaju,Oyo,22116.0,19871.1,2455.9,18655.8,2895.7,2855
10602,Gatamarwa,Chibok,Borno,5333.7,6379.0,1262.8,6746.0,1031.7,979
AKSKTM09,Ibesit Nung Ikot 2,Oruk Anam,Akwa Ibom,18696.0,16698.7,2077.1,11334.9,2260.4,1406
70607,Jororo,Geidam,Yobe,22007.9,13519.8,2474.5,19178.9,3965.9,3613
OSSAME01,Ajebandele,Atakunmosa East,Osun,471.2,508.2,62.2,1598.6,55.7,210
BNSKAL06,Mbatyula,Katsina-Ala,Benue,7432.1,11626.6,2149.4,18916.7,1348.3,2662
10808,Ngudoram,Dikwa,Borno,8948.9,13253.5,2618.1,246.4,3357.8,35
51003,Dodoru,Gwandu,Kebbi,20326.3,18311.2,3742.2,13935.2,4073.4,2672
OSSAME04,Faforiji,Atakunmosa East,Osun,4320.8,4094.3,462.9,6423.7,476.6,944
80401,Adabka,Bukkuyum,Zamfara,47098.1,57510.5,13008.9,19274.3,10510.4,3357
CRSAKP04,Ikun-Etono,Biase,Cross River,9644.5,27486.6,3520.5,8092.4,2695.2,1069
81208,Morai,Talata Mafara,Zamfara,47683.7,42045.9,8441.7,21144.9,10820.0,3801
RVSKRK05,Okward 5,Okrika,Rivers,71120.4,168001.8,19050.6,45376.1,18010.6,6233
70603,Asheikri,Geidam,Yobe,14814.8,29905.6,5479.6,29711.4,2678.8,6218
11002,Gudumbali West,Guzamala,Borno,22566.9,17638.7,3225.4,15147.7,4062.7,2175
62207,Kwasare,Wurno,Sokoto,25234.9,23741.8,4771.6,16129.6,5506.1,2919
61207,Rarah,Rabah,Sokoto,24008.3,18519.0,3711.6,17947.9,4956.8,3241
EBSBKL07,Igbuhu,Izzi,Ebonyi,18716.2,13316.4,2460.6,23331.3,3387.4,3985
61509,Jekanadu,Silame,Sokoto,17203.6,21403.1,4368.4,8539.7,4389.4,1615
60806,Gidan Katta,Illela,Sokoto,15478.9,15992.7,3324.6,14639.3,3241.3,2684
60905,Isa North,Isa,Sokoto,13579.5,19524.9,3972.7,8967.4,4431.1,1774
61804,Dogon Daji,Tambuwal,Sokoto,37048.1,37994.6,7724.2,23031.8,7439.0,4099
DTSPTN09,Toruangiama,Patani,Delta,3640.6,6631.9,844.2,3352.3,1135.0,548
51904,Danko Maga,Wasagu-Danko,Kebbi,28817.9,30676.4,6290.5,26985.0,5827.1,5230
81004,Dankurmi,Maru,Zamfara,49895.4,50809.3,10489.4,51619.3,10165.7,9181
80405,Masama,Bukkuyum,Zamfara,27218.8,22094.6,4828.6,14597.8,6034.3,2556
70101,Dagona,Bade,Yobe,23792.4,52630.0,10174.4,14027.1,6098.6,2607
GMSBLG01,Bambam,Balanga,Gombe,22687.2,30891.3,6231.7,31725.7,4490.3,5879
11202,Grim Damchoba,Hawul,Borno,25974.7,24421.7,4649.6,33399.7,4887.0,5011
51701,Atuwo,Shanga,Kebbi,30714.0,28093.1,5626.4,13939.4,6386.1,2682
RVSBGM03,Astward 3,Asari-Toru,Rivers,2048.0,27237.2,3068.0,2433.7,2777.4,397
BA2001,Bursali,Zaki,Bauchi,26923.1,20273.5,3946.5,30386.1,5172.0,5967
50202,Chibike,Arewa Dandi,Kebbi,15149.1,12993.6,2677.2,13770.0,3083.8,2654
EBSNCA05,Anyagarigwe,Onicha,Ebonyi,27993.2,34574.2,4433.3,9020.7,3514.9,1541
EBSBKL03,Azuabe,Izzi,Ebonyi,15895.1,21906.0,4083.8,15163.2,2889.2,2590
EBSAFK24,Amata / Akpoha,Afikpo North,Ebonyi,6433.1,8641.3,1104.9,3878.6,865.5,795
ENSENZ17,Ette 3,Igbo-Eze North,Enugu,6923.1,16857.5,2195.6,9126.8,871.9,1451
50311,Zazzagawa,Argungu,Kebbi,29644.8,28994.6,5780.7,26533.4,5891.9,5228
ENSENZ18,Ette 1,Igbo-Eze North,Enugu,2955.9,7259.2,945.5,3866.1,372.3,600
81206,Kayaye,Talata Mafara,Zamfara,38446.8,43683.5,8912.5,26356.6,9045.9,4728
JI0110,Unik,Auyo,Jigawa,33931.9,26104.3,5236.8,20607.9,7229.9,5176
51909,Wasagu,Wasagu-Danko,Kebbi,43455.0,34946.5,7264.0,41871.8,9156.7,8423
OSSAMW02,Ifelodun,Atakunmosa West,Osun,9940.0,10290.1,1163.8,14061.2,1094.4,1959
DTSBKW06,Ogbeobiaruku,Ukwuani,Delta,37656.0,41631.2,5146.8,49248.3,4920.6,8006
RVSABU13,Aboward 13,Abua/Odual,Rivers,8113.9,18456.1,2259.4,5830.3,3773.9,877
OSSAMW05,Isaobi,Atakunmosa West,Osun,1736.4,1446.7,163.7,1600.7,196.4,209
OSSBOLUW10,Oke-Run,Boluwaduro,Osun,5639.6,4757.8,601.1,2272.9,805.2,297
EBSBZR01,Okposi Achara / Umuakuma,Ohaozara,Ebonyi,6957.4,6138.3,764.1,3200.4,871.8,547
KGSSAN04,Ifeolukotun 2,Yagba East,Kogi,6047.8,5914.6,1016.4,5555.6,1164.9,992
41806,Girka,Kaita,Katsina,19114.6,21160.8,4436.7,21802.8,3961.4,4340
BA0101,Alkaleri East,Alkaleri,Bauchi,31932.4,42550.0,8440.9,24297.1,8119.6,5208
70901,Buduwa,Jakusko,Yobe,38184.8,28587.7,5445.9,39057.0,7171.2,6299
51703,Dugu Tsoho,Shanga,Kebbi,22518.1,33354.9,6547.0,18467.4,4838.9,3629
80409,Zarummai,Bukkuyum,Zamfara,28104.3,27405.2,5793.6,17808.6,5934.3,3135
71709,Maimalari,Yusufari,Yobe,12496.4,17036.1,3173.9,28232.7,2297.8,4883
OSSIDO05,Ayetoro,Ifedayo,Osun,1406.2,879.8,146.9,1002.1,231.8,131
12010,Ngamma,Magumeri,Borno,11858.8,7112.9,1343.3,8198.0,2210.3,1177
10201,Askira East,Askira Uba,Borno,12178.3,10694.5,2003.6,18301.8,2238.3,2679
OYSOLA05,Iwoate,Ogo Oluwa,Oyo,2237.4,2276.0,274.6,2310.7,262.0,327
OSSIEW05,Igbogi,Ilesha West,Osun,50218.3,61222.6,7261.0,69886.5,5906.1,9330
OYSOWT01,Ajokideru,Oyo West,Oyo,5421.5,5722.7,735.8,6538.0,691.2,921
50409,Tiggi,Augie,Kebbi,18104.2,16950.4,3455.7,19682.8,3631.6,3899
BA0410,Dambam B,Dambam,Bauchi,15484.0,26445.5,5459.8,16265.8,3757.5,3738
CRSGGJ08,Mbube West 1,Ogoja,Cross River,13725.3,13811.3,1803.2,13659.9,1740.4,1605
OYSOLA04,Idewure,Ogo Oluwa,Oyo,3832.9,3957.6,477.4,4817.5,453.2,761
81202,Gusari-Garbadu,Talata Mafara,Zamfara,16831.0,23452.0,4700.6,11789.9,3591.6,2128
KGSSAN08,Makutu 2,Yagba East,Kogi,24749.2,28986.1,5186.6,9860.9,4735.7,1614
50211,Yeldu,Arewa Dandi,Kebbi,18323.9,19760.9,4071.6,17910.1,3718.6,3537
70905,Jaba,Jakusko,Yobe,22759.0,18826.2,3591.6,18044.8,4295.0,2959
51707,Sawashi,Shanga,Kebbi,34042.6,43395.3,8594.7,21254.6,7364.7,4191
80209,Rini,Bakura,Zamfara,12976.1,11295.6,2323.0,11377.1,3053.2,2095
10502,Dugja,Biu,Borno,41056.4,48061.6,9271.0,65959.6,9039.8,12424
50204,Gorun Dikko,Arewa Dandi,Kebbi,8361.2,8279.4,1705.9,9729.0,1696.8,1907
BA0705,Alagarno,Gamawa,Bauchi,22220.1,10044.4,1977.5,21153.1,4287.2,4120
50307,Kokani North,Argungu,Kebbi,17691.6,12822.4,2584.4,13908.1,4461.7,2733
CRSKMM01,Yala Nkum,Ikom,Cross River,10035.1,7516.5,1015.8,5940.2,1443.5,702
BA0119,Yuli,Alkaleri,Bauchi,37028.2,43106.8,8526.0,24801.4,7562.8,4798
70210,Juluri Damnawa,Bursari,Yobe,4449.4,4421.1,823.7,4754.2,815.5,879
80602,Birnin Magaji,Gummi,Zamfara,22080.8,20781.7,4271.7,14988.0,4487.4,2704
71308,Dabule,Nguru,Yobe,6538.3,5845.7,1048.3,7200.5,1156.4,1235
50405,Bayawa South,Augie,Kebbi,4444.6,4697.9,957.8,6278.5,891.6,1214
51505,Libata,Ngaski,Kebbi,16749.8,13335.0,2734.5,15885.5,3490.7,3450
BA0117,Pali West,Alkaleri,Bauchi,14598.0,15784.5,3117.5,11896.6,3007.6,2460
OYSIBE01,Aborerin,Ibarapa East,Oyo,262.2,193.8,27.0,593.2,34.5,84
51606,Maza Maza,Sakaba,Kebbi,13404.0,13816.5,2813.4,10112.0,2685.7,1937
50407,Kwaido,Augie,Kebbi,16742.2,16689.1,3389.6,16120.3,3415.5,3111
BA0507,Lanzai East,Darazo,Bauchi,13632.1,15673.1,3210.1,14748.9,3329.2,3926
51608,Sakaba,Sakaba,Kebbi,17996.9,12853.9,2598.6,15559.5,3582.3,2979
BA0102,Pali East,Alkaleri,Bauchi,42458.5,46651.4,9335.7,36028.7,8659.8,6916
BNSNAK01,Avihijime,Gwer West,Benue,5588.1,4033.3,830.5,6249.7,1125.7,900
BA1306,Guyaba,Kirfi,Bauchi,20006.5,11157.9,2272.7,25490.4,4039.0,5325
51410,Sambawa Mayalo,Maiyama,Kebbi,15144.5,15862.4,3281.0,13162.2,3573.4,2574
OYSICL07,Oke Odo,Ibarapa Central,Oyo,1752.5,681.6,80.8,1189.0,208.9,168
11908,Mafa,Mafa,Borno,17091.3,36699.9,6754.4,19790.9,5798.4,4245
CRSGGJ03,Mbube East2,Ogoja,Cross River,8774.0,8805.2,1149.6,7209.9,1111.7,846
EBSBKL16,Ndingele,Izzi,Ebonyi,19416.2,24379.5,4531.3,14648.0,3517.5,2502
50309,Lailaba,Argungu,Kebbi,21548.9,26527.0,5376.6,29224.5,4303.3,5606
81209,Ruwan Bore-Mirkidi,Talata Mafara,Zamfara,11996.2,12077.2,2483.6,8844.7,2438.7,1605
80207,Danmanau,Bakura,Zamfara,29662.1,29436.5,6019.9,17648.4,6048.1,3117
OSSAYE06,Isale Oba,Ayedire,Osun,5536.9,14702.7,1799.2,1896.8,1249.6,247
51102,Dangamaji,Jega,Kebbi,26070.5,30708.2,6492.7,18907.7,6393.1,3890
DTSSKL10,Ovu / Agbon  2,Ethiope East,Delta,50383.0,42646.6,5356.0,43714.3,7035.5,6780
JI1004,Garbagal,Guri,Jigawa,21324.2,13521.1,2650.4,9418.1,4200.6,1905
70504,Marmari Gudugurka,Fune,Yobe,34296.7,27356.3,5346.3,31898.2,6663.8,5444
71302,Bulabulin,Nguru,Yobe,8769.4,10831.8,1942.5,12008.6,2676.2,2916
50403,Bagaye Mera,Augie,Kebbi,9464.2,8489.4,1730.7,9302.8,1898.5,1819
OYSOSO03,Agbeni,Olorunsogo,Oyo,11957.2,8556.3,1035.4,5014.3,1481.1,706
BA0104,Gwaram A,Alkaleri,Bauchi,17931.8,19149.1,3722.7,22309.4,3424.5,5248
BA0113,Futuk West,Alkaleri,Bauchi,18919.1,22162.0,4384.1,17991.3,3935.7,3971
OYSKAA01,Ayeitoro,Kajola,Oyo,4263.4,3615.6,450.0,1527.3,625.4,215
NISWSE03,Ijagbari,Tafa,Niger,45635.3,38918.0,6965.0,65795.7,8173.4,11203
DTSALA04,Emadadja,Udu,Delta,24061.0,26001.4,3456.9,41077.9,3100.5,6481
11804,Kubuku,Kwaya Kusar,Borno,5741.0,5965.2,1116.8,6724.5,1057.2,966
EBSSKA15,Ogwor,Ivo,Ebonyi,20471.5,21786.0,2517.8,9211.2,2775.4,1575
BNSKAL04,Mbacher,Katsina-Ala,Benue,49624.2,27342.0,5042.7,146807.0,8990.3,20804
10809,Ufaye,Dikwa,Borno,2424.8,1651.4,326.2,49.0,836.9,7
81003,Dangulbi,Maru,Zamfara,57219.1,57435.8,11799.4,44771.8,11908.1,8060
81211,Sauna Ruwan Gora,Talata Mafara,Zamfara,45155.9,48995.0,9864.2,26405.5,9256.1,4648
12509,Warshele,Ngala,Borno,11174.7,22422.2,4483.8,4682.7,3592.7,690
71604,Dekwa,Yunusari,Yobe,14633.7,8541.6,1590.6,15965.9,2695.4,2828
80902,Dosara Birnin Kaya,Maradun,Zamfara,40061.7,44505.1,8990.1,16749.1,9646.2,2965
71310,Ngarbi,Nguru,Yobe,38942.9,45762.8,8206.7,35094.0,7599.3,5771
11009,Moduri,Guzamala,Borno,20361.7,16609.8,3128.6,11338.8,3779.6,1630
11808,Wada,Kwaya Kusar,Borno,6357.0,6416.2,1201.2,6013.3,1170.6,866
50107,Jiga Makera,Aleiro,Kebbi,3278.2,3621.5,738.9,2505.2,655.0,480
70611,Hausari,Geidam,Yobe,16522.8,34915.2,6389.6,28465.7,2976.2,6304
51708,Shanga,Shanga,Kebbi,41446.4,47711.7,9539.6,16123.6,8622.0,3087
DTSBUR04,Kiagbodo,Burutu,Delta,14977.1,33361.6,4284.2,7835.3,4736.7,1164
51605,Janbirni,Sakaba,Kebbi,14321.0,16390.9,3313.3,13933.2,2848.8,2676
GMSBLR08,Tanglang,Billiri,Gombe,15213.6,18329.7,3664.4,10554.0,3042.3,1855
OSSAYE10,Popo,Ayedire,Osun,29644.9,37381.7,4577.0,29011.5,3988.2,4083
50909,Marafa,Fakai,Kebbi,18844.9,15081.1,3067.0,16273.9,3798.0,3138
50209,Lema-Jantullu,Arewa Dandi,Kebbi,27114.3,29055.8,5986.7,25823.5,5506.0,5045
80101,Barayar Zaki,Anka,Zamfara,17594.0,18184.9,4113.4,7660.9,4160.6,1332
EBSAFK26,Ihe / Poperi / Ohechara,Afikpo North,Ebonyi,19913.5,13994.3,1581.6,12761.9,3115.1,2607
EBSBKL10,Mgbabeluzor,Izzi,Ebonyi,27151.9,33319.5,6208.0,19891.6,4898.8,3398
70102,Gwio-Kura,Bade,Yobe,60063.0,64837.4,12479.2,29446.9,12629.4,5002
70205,Dapchi,Bursari,Yobe,29885.4,27171.3,5078.9,42703.0,5507.0,7121
50410,Yola,Augie,Kebbi,11950.6,15792.6,3219.6,18248.0,2397.3,3523
EBSAKL11,Edda Ndiebor,Abakaliki,Ebonyi,20443.3,17672.4,2810.1,29040.1,3168.9,5067
EBSCHR07,Ekpaomaka,Ikwo,Ebonyi,3392.4,9043.2,1599.6,6613.2,607.1,1130
EBSHKW28,Umuagara,Ohaukwu,Ebonyi,8742.5,834.3,125.4,6603.8,1275.9,1132
EBSBKL09,Iziogo,Izzi,Ebonyi,41401.8,42348.0,7926.8,34711.1,7560.3,5930
62206,Kwargaba,Wurno,Sokoto,22821.5,30773.2,6152.1,15965.7,5786.4,3008
62301,Bakale,Yabo,Sokoto,25938.3,15107.8,3145.6,11766.9,5325.5,2090
60403,Gilbadi,Gada,Sokoto,32964.4,19481.1,4116.2,38234.0,6809.7,6890
BA1301,Badara,Kirfi,Bauchi,17730.1,14592.9,2935.7,17313.2,3629.2,3673
GMSDKU09,Wuro Tale,Dukku,Gombe,19723.3,13614.8,2720.0,21699.6,3867.3,4044
CRSAKP02,Agwagune,Biase,Cross River,7611.6,12985.9,1663.2,2995.5,1815.9,369
51903,Dan Umaru Mairairai,Wasagu-Danko,Kebbi,26539.1,36199.2,7437.5,24096.1,5380.7,4635
11205,Kidda,Hawul,Borno,9083.6,12926.4,2566.2,18244.9,1765.8,2691
EBSAKL17,Okpaugwu,Abakaliki,Ebonyi,7504.4,6085.2,1106.7,16600.5,1334.5,2841
EBSCHR01,Abina,Ikwo,Ebonyi,4068.7,13843.4,2448.6,8559.1,728.9,1462
70902,Dumbari,Jakusko,Yobe,30355.1,30727.4,5851.4,30032.3,5709.1,5115
71002,Fajiganari,Karasuwa,Yobe,9702.9,3305.3,630.4,12573.1,1834.6,2111
80404,Kyaram,Bukkuyum,Zamfara,58875.2,65232.7,13754.9,27027.2,12323.8,4731
10202,Dille Huyim,Askira Uba,Borno,11874.3,11365.5,2132.7,11142.2,2187.3,1601
NISMSG01,Babanrami,Mashegu,Niger,20328.4,17077.1,3624.1,27319.3,4260.7,4429
81207,Makera-Take Tsaba,Talata Mafara,Zamfara,24103.6,30946.5,6214.6,14088.3,5498.4,2486
OYSIDO02,Akufo,Ido,Oyo,2153.9,1546.5,197.2,8316.5,265.2,1180
10607,Mbalala,Chibok,Borno,16563.0,19060.1,3821.6,22534.7,3258.6,3388
80210,Yargeda,Bakura,Zamfara,7063.0,9663.6,1987.4,5520.0,1435.2,960
BA0413,Janda,Dambam,Bauchi,15755.7,10700.1,2209.1,11538.2,3206.6,2207
KN0412,Rantan,Bebeji,Kano,22028.7,15428.8,3090.6,18985.9,4612.4,4632
DTSGRA07,Ogharefe 1 / Oghara 1,Ethiope West,Delta,50035.7,47335.6,6176.8,61324.7,6820.7,10151
51601,Adai,Sakaba,Kebbi,16668.5,19631.3,3968.3,18348.6,3317.4,3535
12202,Bogum,Mobbar,Borno,16698.6,13583.5,2520.6,10458.0,3085.9,1511
80408,Yashi,Bukkuyum,Zamfara,22339.8,18444.5,4172.2,8271.0,5108.0,1438
71006,Jaji Maji,Karasuwa,Yobe,6708.6,12773.2,2467.3,14814.3,1277.3,2849
EBSAFK22,Amasiri,Afikpo North,Ebonyi,14048.3,15650.3,1771.8,12349.2,2342.1,2927
50302,Dikko,Argungu,Kebbi,12734.7,14201.4,2825.5,10522.1,2964.9,2442
NISKUG09,Kuso Tachin,Lavun,Niger,43117.5,59875.7,12130.5,51329.5,8636.1,8404
81201,Galadima,Talata Mafara,Zamfara,54592.0,69766.8,14307.2,38671.2,12930.8,6795
BA0514,Lanzai West,Darazo,Bauchi,22217.5,13810.8,2827.2,19084.5,4550.8,3611
JI1806,Madachi,Kiri Kasama,Jigawa,12616.0,19517.8,3866.4,12011.0,3606.0,2844
NISMAK02,Bosso 1,Bosso,Niger,10184.9,15714.4,3106.7,16811.3,1987.8,2749
41007,Sarkin Yara B,Daura,Katsina,3706.8,8687.9,1775.8,5389.2,1795.0,3055
BNSNAK14,Tsambe / Mbesev,Gwer West,Benue,2864.4,2336.4,479.9,2604.1,578.5,367
80603,Birnin Tudu,Gummi,Zamfara,37611.2,35925.9,7331.3,30337.0,7661.0,5411
10510,Yawi,Biu,Borno,21653.4,25381.2,4922.4,27235.5,4171.8,4114
50306,Gwazange,Argungu,Kebbi,26850.7,24966.7,4988.3,16052.5,5434.8,3082
BA0116,Mansur,Alkaleri,Bauchi,40128.9,31894.8,6308.1,38153.1,7919.2,7296
JI1003,Dawa,Guri,Jigawa,13776.1,15274.7,3002.6,12580.3,2717.9,2875
JI1802,Bulunchai,Kiri Kasama,Jigawa,9649.6,17418.6,3450.3,9030.0,2610.6,2037
BA0118,Yalo 2,Alkaleri,Bauchi,16178.5,20444.7,4044.4,16507.3,3166.3,3188
51607,Makuku,Sakaba,Kebbi,15570.1,14309.2,2889.4,15602.2,3095.4,3023
KN2610,Yandadi,Kunchi,Kano,16304.8,13265.1,2684.3,23724.2,3259.6,4456
DTSAYB11,Owa-Oyibu,Ika North East,Delta,64751.0,74489.1,8772.8,76814.7,8253.6,11443
KD1104,Jere South,Kagarko,Kaduna,36806.4,24323.3,4797.0,28121.4,7583.6,4970
60407,Tsitse,Gada,Sokoto,22493.5,18322.6,3875.4,20675.0,4984.4,3756
41308,Tafoki,Faskari,Katsina,30114.3,22984.8,4799.9,26190.4,6230.3,6018
JI2002,Dankumbo,Maigatari,Jigawa,13749.1,12151.4,2420.9,10445.2,2765.7,2115
80601,Bardoki,Gummi,Zamfara,44234.8,38979.7,8058.5,31301.7,9038.0,5488
50304,Galadima,Argungu,Kebbi,2014.6,1736.9,345.6,2746.3,704.1,719
10804,Gajibo,Dikwa,Borno,9632.5,17241.6,3381.5,1918.4,3124.1,279
50210,Sarka,Arewa Dandi,Kebbi,17246.9,18251.8,3760.5,20680.8,3506.4,4065
DTSKLK01,Abigborodo,Warri North,Delta,13540.5,18434.2,2284.3,7494.5,2982.7,1154
51609,Tudun Kuka,Sakaba,Kebbi,7626.9,5826.1,1177.7,10080.6,1629.1,2617
GMSBLR10,Tudu Kwaya,Billiri,Gombe,27131.4,24268.2,4843.5,23944.9,5399.5,4226
80204,Birnin Tudu,Bakura,Zamfara,14369.7,15548.6,3197.7,11159.9,3031.6,2009
OSSAME05,Igangan,Atakunmosa East,Osun,3891.2,4171.5,479.0,7299.2,435.1,1028
BA0103,Gar,Alkaleri,Bauchi,12850.3,12325.0,2366.6,21182.3,2419.5,4051
NISAGA08,Fogbe / Kusoyaba,Agaie,Niger,5248.7,5878.1,1213.0,6149.6,1117.2,1175
NISLMU09,Nuwan Kuta,Gbako,Niger,10749.2,11881.2,2421.2,11274.1,2210.5,2351
NISSUL08,Madalla,Suleja,Niger,37000.1,68436.5,12784.3,22846.9,11164.9,3844
11810,Yimirdalang,Kwaya Kusar,Borno,7860.9,8954.4,1772.5,8950.2,1526.7,1303
BA2010,Maiwa,Zaki,Bauchi,33865.5,31737.6,6371.4,34146.0,6878.0,7731
BA0114,Gwaram B,Alkaleri,Bauchi,11412.2,9951.2,1900.3,16790.3,2136.2,3599
50905,Gulbin Kuka,Fakai,Kebbi,14824.5,14657.2,2968.7,10014.6,3051.6,1929
50308,Kokani South,Argungu,Kebbi,39230.5,36610.1,7317.5,25729.0,9060.1,4943
81210,Ruwan Gizo,Talata Mafara,Zamfara,18610.3,20500.8,4132.9,8973.5,3796.0,1581
11805,Kurba Gayi,Kwaya Kusar,Borno,16578.2,12080.4,2392.9,26384.3,3231.2,4056
JI1005,Guri,Guri,Jigawa,19864.3,26673.9,5243.3,18987.3,4680.6,4981
71607,Mozogun,Yunusari,Yobe,17886.3,13414.1,2498.0,19566.2,3290.3,3713
ENSGBO02,Umuna,Igbo-Etiti,Enugu,25352.4,28008.2,3408.4,16076.9,3018.6,2512
52002,Gungun Sarki,Yauri,Kebbi,8502.3,5732.5,1238.8,15164.3,1807.5,3375
BA0110,Yalo 1,Alkaleri,Bauchi,18824.1,24293.9,4805.8,19336.2,3779.6,3908
51103,Dumbegu Basaura,Jega,Kebbi,15116.2,18551.3,3605.2,18765.5,2878.3,3740
80907,Kaya,Maradun,Zamfara,52149.9,51723.7,10569.3,20970.6,11671.4,3694
70609,Kolori,Geidam,Yobe,11108.6,30653.3,5609.7,29016.7,2001.2,5878
OYSOLA02,Ayede,Ogo Oluwa,Oyo,2120.9,1599.8,196.5,1475.4,254.1,208
BA0112,Alkaleri West,Alkaleri,Bauchi,22019.0,28047.9,5535.7,18820.8,5840.6,4579
50907,Kangi,Fakai,Kebbi,10731.5,9507.1,1961.3,8190.9,2185.5,1585
51710,Yar Besse,Shanga,Kebbi,19061.7,19364.8,3876.7,11682.0,4034.9,2255
OSSOBN05,Ilahun / Ikinyinwa,Obokun,Osun,7052.7,6131.9,723.2,7570.5,814.6,1042
BA0403,Dambam A,Dambam,Bauchi,20508.7,23669.1,4871.0,13222.0,4568.7,2912
EBSZLL21,Obeagu,Ishielu,Ebonyi,3447.1,1280.2,197.6,7600.6,506.8,1342
BNSBGT12,Itabono 2,Ogbadibo,Benue,6648.1,5788.1,1093.6,10597.0,1223.1,1510
OYSSWT03,Ajegunle,Saki West,Oyo,114672.9,152863.6,20311.4,66563.6,20226.9,9409
51509,Utono,Ngaski,Kebbi,4534.9,2448.0,515.0,6279.7,955.2,1263
10906,Kingowa,Gubio,Borno,21655.0,18980.2,3637.2,12766.6,4123.0,1844
10902,Felo,Gubio,Borno,12480.4,3850.9,751.7,4114.0,2388.4,591
OSSOLA03,Atelewo,Olorunda,Osun,30273.5,34969.0,4404.3,40426.2,5875.3,6084
11612,Yajiwa,Konduga,Borno,6976.0,5179.3,945.8,17268.2,1256.9,2482
BNSALD08,Mbakyaan,Gwer East,Benue,31193.5,31374.2,6003.3,58101.1,5850.9,8254
11311,Old Maiduguri,Jere,Borno,49088.0,86231.7,15825.0,80948.7,15484.5,20647
12303,Kumalia,Monguno,Borno,3213.6,14359.0,2616.4,2656.2,846.5,382
CRSUDU08,Angiaba / Begiaka,Obudu,Cross River,4922.9,5990.0,759.5,4196.3,604.7,486
OSSOLA01,Agowande,Olorunda,Osun,23597.6,27400.3,3436.9,36523.0,2861.4,4819
BNSVDY10,Ningev,Vandeikya,Benue,22226.5,18661.4,3261.3,24262.0,3890.1,3410
GMSYDB09,Lubo / Difa / Kinafa,Yamaltu/Deba,Gombe,22794.4,18116.1,3564.3,30034.7,4404.7,6242
OYSODS10,Oke Ola,Ogbomosho South,Oyo,5597.0,6422.1,794.2,4237.5,793.4,611
CRSDUK04,Ekori Anaku,Odukpani,Cross River,1805.5,1800.9,230.4,1277.5,245.4,150
OYSIWU04,Komu,Itesiwaju,Oyo,31625.6,30439.8,3781.3,21307.2,4161.8,3541
CRSGEP12,Ijiman,Yakurr,Cross River,16175.3,31653.1,3984.2,9263.9,3263.9,1147
CRSKAM06,Awi,Akamkpa,Cross River,22404.0,23409.9,3103.5,20055.7,3019.8,2506
GMSAKK01,Akko,Akko,Gombe,19146.5,23779.5,4706.4,37541.0,3708.3,6985
CRSBNS09,Bendi 1,Obanliku,Cross River,13672.7,15131.9,1918.5,11013.3,1679.5,1292
GMSBLG04,Degri,Balanga,Gombe,53651.5,49627.5,9781.2,61242.4,10510.6,10984
42408,Maikoni A,Mai'Adua,Katsina,42443.8,41067.1,8456.1,38903.9,9047.0,8298
41405,Goya,Funtua,Katsina,15592.0,20846.5,4243.3,24167.6,3132.9,5683
BNSTKP09,Township 2,Oturkpo,Benue,52354.3,53709.8,9542.5,61826.9,11246.1,9719
ABSHAF03,Ameke 1,Ohafia,Abia,12453.1,15367.3,1804.6,6573.2,1581.3,1063
KN1703,Gezawa,Gezawa,Kano,19440.7,387.4,78.2,28833.5,3912.6,7216
BNSVDY12,Township,Vandeikya,Benue,34700.2,42512.0,7429.6,56472.2,6031.1,8010
OSSOBN07,Ilase,Obokun,Osun,29235.1,29818.3,3545.6,22943.3,3998.8,3171
BNSWDP03,Liev L,Kwande,Benue,33476.0,39408.1,7141.4,59980.1,5973.8,8430
CRSGGJ04,Urban 1,Ogoja,Cross River,41819.6,38982.1,5103.9,34409.1,5589.9,4181
81102,Jangeru,Shinkafi,Zamfara,17176.8,15828.1,3178.6,11611.2,4166.8,2125
BNSPKG06,Okonobo,Okpokwu,Benue,17807.0,17451.2,3386.3,18649.4,3458.6,2784
CRSKAM04,Uyanga,Akamkpa,Cross River,12902.5,8985.7,1191.3,17146.4,1669.7,2068
OYSATIB09,Owo,Atisbo,Oyo,19449.1,10977.1,1386.8,12251.9,2584.8,1727
OGSABN05,Iberekodo 5,Abeokuta North,Ogun,15955.8,11858.6,1682.9,14168.2,2408.6,1762
BA0107,Birim Gigyara,Alkaleri,Bauchi,27555.5,21741.0,4244.6,29712.2,5350.4,5689
40805,Kahuta A,Danja,Katsina,13786.7,10408.4,2216.8,14548.7,2918.8,3894
BNSKAL12,Yooyo,Katsina-Ala,Benue,5541.5,1791.0,331.1,13920.6,1005.3,1956
BA0209,Tirwun,Bauchi,Bauchi,136417.3,125432.6,23925.9,197230.7,25604.2,38281
KN2203,Kurugu,Karaye,Kano,27394.1,24524.6,5049.8,21527.3,5812.4,4144
43011,Tsagero,Rimi,Katsina,20304.6,15855.4,3383.4,17050.6,4501.9,4165
KN1910,Unguwar Tudu,Gwarzo,Kano,39136.3,38149.6,7982.3,37582.5,8431.4,7055
KN1004,Dawanau,Dawakin Tofa,Kano,53144.3,60351.2,12303.5,65393.5,12325.3,16297
40107,Kabomo,Bakori,Katsina,19081.6,17931.7,3717.5,19491.0,4176.3,5095
KN3409,Zarewa,Rogo,Kano,22532.8,24288.4,5078.3,27598.0,4821.3,6537
KN1701,Babawa,Gezawa,Kano,52136.1,57170.1,11466.2,71286.8,10582.2,14857
KN1103,Doguwa,Doguwa,Kano,18322.0,20830.6,4169.5,19348.4,4081.9,4388
JI0505,Gantsa,Buji,Jigawa,14693.9,13267.4,2726.2,16948.9,2981.9,4210
JI0103,Ayama,Auyo,Jigawa,15737.5,23253.2,4767.6,15653.8,3487.5,3618
40109,Kandarawa,Bakori,Katsina,14511.5,20061.6,4160.1,21991.4,2968.0,4743
40706,Mahuta C,Dandume,Katsina,14465.5,9033.6,1813.7,11268.7,2886.7,2763
AKSENW08,Ibaka,Mbo,Akwa Ibom,21827.2,36283.9,4642.5,18224.6,4513.5,2624
KN2302,Fammar,Kibiya,Kano,15303.3,25018.5,5022.1,20151.6,3097.5,3565
JI2507,Shabaru,Sule Tankarkar,Jigawa,7992.5,6596.0,1259.7,13718.9,1513.6,2805
KN1605,Gaya South,Gaya,Kano,14361.1,17219.0,3434.8,22538.6,3348.4,10048
BNSGTU06,Ogwule - Kaduna,Agatu,Benue,14236.8,16872.9,3467.4,10021.5,3000.8,1448
BA1510,Bashe,Ningi,Bauchi,37673.5,24685.9,5070.8,41780.5,7640.8,7971
KN0608,Kulluwa,Bunkure,Kano,25642.0,24787.9,5118.2,23859.4,5302.1,4244
KN4308,Juma Galadima,Warawa,Kano,12714.9,9407.8,1784.4,20391.1,2387.5,4147
JI0105,Gamafoi,Auyo,Jigawa,8781.5,10270.0,2105.7,7995.8,1973.3,1910
JI0401,Batu,Biriniwa,Jigawa,14428.7,13906.5,2839.2,14411.1,2947.2,3087
JI0203,Dorawa,Babura,Jigawa,13422.6,13945.4,2786.4,15579.9,2650.5,3085
AKSENW02,Udesi,Mbo,Akwa Ibom,5016.7,7101.7,908.2,2281.7,834.5,283
AKSKKN11,Ndiya / Ikot Idaha / Ikot Idaha,Ikono,Akwa Ibom,30172.2,19845.5,2392.0,22061.2,3514.1,2732
BA1512,Ari,Ningi,Bauchi,14967.8,14686.1,3023.2,21245.4,3034.0,4487
BNSYGJ04,Mbadwem,Guma,Benue,30132.7,24493.9,4999.4,15773.2,6044.1,2218
41202,Dabawa,Dutsin Ma,Katsina,28043.5,25945.7,5286.5,25828.5,5808.8,5469
JI2104,Garun Gabas,Malam Madori,Jigawa,15987.5,18280.9,3673.7,13113.8,3260.9,2881
AKSKTD03,Ndiya,Nsit Ubium,Akwa Ibom,37523.9,21532.1,2719.7,13637.0,4611.3,1689
AKSKTM07,Ekparakwa,Oruk Anam,Akwa Ibom,52590.5,56826.4,7068.5,33111.7,6358.7,4101
40206,Dandagoro,Batagarawa,Katsina,52982.0,60718.2,12432.8,56742.7,11587.3,13669
42602,Bujawa,Mani,Katsina,32553.9,37741.9,8091.1,51756.3,6902.3,10979
KN1803,Dorayi,Gwale,Kano,134541.9,450398.4,73047.7,183557.4,78955.2,60549
JI0603,Dundubus,Dutse,Jigawa,20619.6,22206.7,4362.3,27676.1,3999.2,5787
KN3914,Yanoko,Tofa,Kano,14650.3,15495.1,3153.1,17748.6,2962.1,3320
BA0801,Ganjuwa A,Ganjuwa,Bauchi,61111.6,66030.8,13648.9,83543.7,12424.5,15869
40405,Garki,Baure,Katsina,38469.5,35906.5,7530.3,30945.7,9401.3,7228
KN2907,Maitsidau,Makoda,Kano,12909.0,20582.9,4197.4,13688.3,3644.0,3009
JI0302,Kangire,Birnin Kudu,Jigawa,41781.9,41496.4,8336.9,47350.0,8450.4,11188
BA0816,Miya C,Ganjuwa,Bauchi,24360.3,6567.5,1357.9,38381.1,4955.0,7180
JI0601,Abaya,Dutse,Jigawa,28478.3,26541.3,5374.7,27825.2,5742.6,5549
KN3912,Wangara,Tofa,Kano,17870.2,14393.9,2867.0,15170.9,3556.4,2681
BA1514,Kyata,Ningi,Bauchi,28326.7,26861.8,5529.6,38954.0,5759.2,7669
JI0403,Dangwaleri,Biriniwa,Jigawa,11155.3,12630.1,2578.6,9881.3,2273.1,2001
40208,Kayauki,Batagarawa,Katsina,19344.1,17107.1,3520.9,18898.5,4011.2,4418
KN2905,Koguna,Makoda,Kano,26173.2,36518.8,7478.6,23454.4,6151.1,4603
BA1806,Jama'a,Toro,Bauchi,22170.1,19120.8,3878.2,22912.6,4421.8,4344
80706,Rijiya,Gusau,Zamfara,31767.8,34813.8,6770.4,29679.4,6407.2,5451
JI0201,Babura,Babura,Jigawa,19107.6,25054.7,4784.8,39535.0,3628.4,9075
BNSNAK08,Merkyen,Gwer West,Benue,784.6,287.7,59.3,406.1,158.8,57
JI0109,Tsidir,Auyo,Jigawa,8853.5,9577.1,1953.7,7941.8,2157.3,2076
JI0207,Jigawa,Babura,Jigawa,45547.7,63788.8,12706.7,45811.9,8986.2,9321
80704,Magami,Gusau,Zamfara,37773.0,37882.8,7322.5,44656.9,7370.7,8574
KN3508,Shakogi,Shanono,Kano,19454.2,17300.9,3617.7,24100.8,4030.0,4390
BNSNAK10,Saghev Ukusu,Gwer West,Benue,10862.9,9229.4,1903.0,7208.5,2201.1,1016
JI2503,Dangwanki,Sule Tankarkar,Jigawa,34272.0,24692.6,4874.0,41155.7,6730.5,8213
KN0809,Saidawa,Dambatta,Kano,40327.2,47757.1,9570.5,52620.8,8039.6,9833
BNSGBG09,Turan,Logo,Benue,14723.2,10339.2,1989.6,24117.9,2788.6,3392
BNSWNN07,Mbakyo / Yia,Tarka,Benue,37925.4,45422.3,9336.4,35391.0,7655.6,4978
NASKRV08,Keffi-Shanu Betti,Karu,Nasarawa,6440.2,4245.5,792.8,25380.0,1184.2,4547
NASGRU10,Ninkoro,Kokona,Nasarawa,9658.4,9571.4,1857.4,24520.4,1840.1,4314
KN3109,Kawaji,Nassarawa,Kano,52814.4,62776.7,12243.8,76809.5,13837.5,21280
NASDMA03,Alagye,Doma,Nasarawa,36858.0,39956.1,7893.9,46112.6,7379.1,8039
BNSMKD01,Agan,Makurdi,Benue,19667.3,18760.6,3061.1,26215.2,3078.3,3966
NASGRU06,Hadari,Kokona,Nasarawa,46691.4,44374.1,8581.2,70350.6,8877.1,12476
BNSGBG07,Tombo,Logo,Benue,36547.5,30277.0,5891.0,41518.1,7029.5,5860
NASNEG08,Lizzin Keffi-Ezzein,Nasarawa Egon,Nasarawa,5974.5,9513.2,1847.6,7063.8,1162.1,1228
BNSBKB11,Mbaya,Buruku,Benue,31852.2,12737.0,2465.0,22207.7,6052.1,3121
NASDMA05,Galadima,Doma,Nasarawa,10301.5,7530.1,1496.8,17228.3,2010.0,3030
NASLFA04,Arikya,Lafia,Nasarawa,49646.6,49891.6,9475.9,50711.9,9307.1,8895
NASWAM10,Wayo,Wamba,Nasarawa,4819.0,4057.1,806.1,4532.5,943.0,788
NASNSW13,Odu,Nasarawa,Nasarawa,22827.4,26897.6,5121.8,39644.0,4264.6,7134
BNSBKB05,Mbaapen,Buruku,Benue,51757.2,48245.8,9305.1,91756.9,9821.2,12988
BNSYGJ06,Mbayer / Yandev,Guma,Benue,14908.3,16022.6,3245.4,13192.1,2969.5,1857
NASLFA06,Assakio,Lafia,Nasarawa,34269.8,20991.4,3866.6,21113.1,6251.7,3688
NASGRU02,Amba,Kokona,Nasarawa,3551.7,6157.9,1208.1,4951.2,683.5,860
BNSGBG03,Mbater,Logo,Benue,34620.3,42204.5,8089.4,56550.8,6654.3,8050
NASNEG05,Ikka-Wangibi,Nasarawa Egon,Nasarawa,11103.2,12299.5,2392.0,11002.1,2151.4,1975
AKSBMT05,Ikot Edung,Ibiono Ibom,Akwa Ibom,15775.2,23105.0,2905.1,4953.5,2112.1,613
NASKRV11,Uke,Karu,Nasarawa,29038.4,23472.7,4377.4,82506.8,5302.3,15182
BNSYGJ02,Kaambe,Guma,Benue,27658.2,16971.0,3460.6,17862.8,5550.6,2511
BNSALD07,Mbabur,Gwer East,Benue,24799.4,20383.1,3840.7,66260.7,4580.5,9352
NASAWE09,Tunga,Awe,Nasarawa,20321.4,9760.7,1879.8,19564.3,4104.4,3483
BNSMKD08,Modern Market,Makurdi,Benue,27822.0,35098.1,5298.0,51372.4,4100.6,7246
NASNTT04,Karimo-Buga,Toto,Nasarawa,11546.0,4622.7,911.1,16322.3,2271.3,2908
BNSGTU04,Odugbeho,Agatu,Benue,11829.8,10753.5,2209.8,6722.3,2504.3,982
NASAKW09,Ningha An,Akwanga,Nasarawa,14101.3,12850.6,2286.0,13859.7,2460.7,2409
BNSYGJ09,Saghev,Guma,Benue,31132.6,21737.4,4275.8,25756.3,6040.8,3620
NASGRU08,Kokona,Kokona,Nasarawa,13044.6,11828.4,2293.0,21353.2,2482.4,3760
RVSKRK02,Okward 2,Okrika,Rivers,1088.0,2286.0,241.7,1904.9,256.5,686
NASNSW08,Nasarawa East,Nasarawa,Nasarawa,44040.6,43826.0,8345.3,44702.4,8395.4,8017
BNSWNN08,Mbanyaber,Tarka,Benue,6877.1,2180.4,439.3,3369.2,1362.1,474
BNSYGJ10,Uvir,Guma,Benue,20273.7,13220.7,2695.9,19114.5,4057.5,2703
NASKRV01,Aso-Kodope,Karu,Nasarawa,55229.5,54276.2,10053.5,184632.2,10058.4,33908
NASAWE06,Madaki,Awe,Nasarawa,23597.7,26544.7,5502.2,15310.1,4856.9,2714
BNSGBK11,Mbakwen,Gboko,Benue,21447.8,14235.0,2406.2,21135.1,3491.5,2970
OSSOUA10,Telemu,Ola Oluwa,Osun,4138.6,5170.5,626.0,4851.9,549.5,731
BNSMKD06,Fiidi,Makurdi,Benue,115293.5,114532.4,17785.5,174429.4,17393.1,25188
BNSWNN02,Mbaayo,Tarka,Benue,7454.9,1809.3,349.0,4790.5,1410.6,673
BNSGBK13,Mbatser,Gboko,Benue,28476.0,19239.6,3059.1,42468.6,4410.1,5971
BNSNAK04,Mbabuande,Gwer West,Benue,8610.2,8078.6,1665.7,9662.7,1744.3,1418
NASKEF08,Sabon-Gari,Keffi,Nasarawa,29800.5,34063.7,5880.1,47259.2,5059.1,8491
NASAWE05,Kanje-Abuni,Awe,Nasarawa,22965.8,24669.7,5110.6,23339.8,4676.8,4067
BNSGBK15,Mbavarakaa,Gboko,Benue,14125.8,8307.9,1321.7,20589.3,2189.8,2894
BNSGKP10,Ojantelle / Akpete,Apa,Benue,14129.3,15619.2,3198.4,10078.6,2978.8,1463
BNSWNN06,Mbakyaa,Tarka,Benue,9885.8,3177.5,647.0,5747.0,2001.1,808
BNSMKD03,Bar,Makurdi,Benue,78464.9,96018.6,14493.7,146696.0,11567.0,20755
NASWAM03,Jimiya,Wamba,Nasarawa,10125.7,7432.6,1450.3,7549.5,1932.4,1316
BNSGBG08,Tswarev / Ukembergya,Logo,Benue,17011.5,14402.0,2771.3,23904.4,3230.4,3378
BNSWNN04,Mbaigba,Tarka,Benue,9138.5,4755.8,953.1,10981.2,1773.6,1543
NASAWE07,Makwangiji,Awe,Nasarawa,21072.5,25021.5,5186.5,23948.9,4331.0,4215
NASDMA04,Doka,Doma,Nasarawa,5959.0,4924.8,979.9,12288.6,1165.4,2165
NASLFA05,Ashige / Ogah,Lafia,Nasarawa,32170.8,28135.2,5290.9,35010.2,5936.2,6115
NASGRU07,Kofar Gwari,Kokona,Nasarawa,18420.8,15620.4,3031.2,27615.7,3518.4,5051
BNSGBG06,Nenzev,Logo,Benue,18404.4,10851.2,2089.7,37642.4,3483.6,5301
BNSGTU03,Obagaji,Agatu,Benue,26860.4,20308.9,4173.4,13853.5,5883.5,1989
NASGRU05,Garaku,Kokona,Nasarawa,19368.0,19135.6,3702.2,23045.5,3687.6,4070
BNSGBG04,Mbavuur,Logo,Benue,36398.6,26254.6,5034.0,52697.7,7310.3,7452
BNSGBG02,Mbagber,Logo,Benue,35594.2,47012.3,9046.5,50713.7,6933.0,7201
NASAKW06,Gudi,Akwanga,Nasarawa,13038.4,11397.7,1934.2,16235.4,2209.2,2930
BNSYGJ05,Mbawa,Guma,Benue,42705.9,80471.2,16347.6,70163.9,8483.8,9995
41604,Gangara,Jibia,Katsina,12288.2,15583.6,3330.6,13711.9,2584.5,2801
NASNSW05,Laminga,Nasarawa,Nasarawa,14345.5,16187.2,3072.1,35158.0,2668.9,6464
NASAWE10,Wuse,Awe,Nasarawa,22185.6,20837.0,4318.1,24435.7,4525.3,4439
NASNSW14,Onda Kana,Nasarawa,Nasarawa,10351.4,9888.4,1882.9,17361.2,1932.9,3109
BNSGTU09,Oshigbudu,Agatu,Benue,14311.3,13535.9,2781.6,8778.3,3052.5,1282
BNSGTU02,Enungba,Agatu,Benue,16302.5,17981.9,3695.3,10084.7,3472.3,1445
BNSGTU07,Ogwule - Ogbaulu,Agatu,Benue,13638.0,16981.8,3489.7,9461.4,2955.6,1347
NASWAM09,Wamba West,Wamba,Nasarawa,22778.2,22091.0,4389.5,17632.1,4581.1,3118
BNSGKP03,Edikwu 2,Apa,Benue,12785.8,11078.0,2253.9,10341.5,2573.4,1508
BNSGBG10,Yonov,Logo,Benue,25150.2,21413.7,4106.3,44783.3,4740.0,6303
BNSGBK07,Mbadam,Gboko,Benue,8344.7,5429.7,1053.2,7605.2,1518.5,1069
BNSALD14,Ugee,Gwer East,Benue,22405.0,21667.4,4146.9,33188.3,4205.3,4672
BNSWNN09,Shitile,Tarka,Benue,10010.1,9133.0,1856.8,7568.9,1958.4,1064
BNSNAK03,Ikyaghev,Gwer West,Benue,91002.2,95964.9,19787.2,69350.3,19948.6,9787
ANSABN04,Abagana 4,Njikoka,Anambra,1970.4,1529.8,179.5,2375.4,225.9,360
NASAWE08,Ribi,Awe,Nasarawa,21059.2,13804.5,2791.1,13663.7,4298.0,2403
BNSNAK07,Mbapupuu / Tswarev,Gwer West,Benue,5636.5,5026.0,1035.1,5209.6,1142.4,746
NASKRV02,Bagaji-Agada,Karu,Nasarawa,40909.4,39218.8,7264.5,175161.5,7450.4,32785
BNSYGJ03,Mbabai,Guma,Benue,4745.7,9404.1,1917.6,5499.3,949.8,773
BNSGBK09,Mbaiwar,Gboko,Benue,9028.9,2722.2,472.9,8077.3,1457.7,1135
BNSGTU10,Usha,Agatu,Benue,19991.0,13782.8,2819.2,8918.0,4660.0,1302
BNSGKP11,Ugbokpo,Apa,Benue,31895.9,34774.3,7075.2,22940.9,6466.8,3313
BNSNAK05,Mbachohon,Gwer West,Benue,17066.8,17457.6,3599.6,16845.9,3456.6,2384
BNSUKM02,Azendeshi,Ukum,Benue,25566.2,26818.8,5075.7,73820.7,4754.5,10449
BNSWNN03,Mbachaverikyondo,Tarka,Benue,31366.7,27119.8,5565.1,22631.8,6368.9,3181
NASKRV04,Gurku-Kabusu,Karu,Nasarawa,13248.5,14490.4,2712.2,63025.2,2440.7,11556
BNSGBK14,Mbatyu,Gboko,Benue,43743.1,24027.1,3892.0,52205.4,7001.1,7357
BNSUKM04,Ityuluv,Ukum,Benue,26973.1,30209.0,5717.3,73981.4,5016.1,10484
BNSWNN01,Mbaajirekaa,Tarka,Benue,14104.4,15232.4,3130.3,9656.4,2841.3,1357
BNSGBK16,Ukpekpe,Gboko,Benue,24950.8,9365.6,1539.3,23279.2,3979.0,3272
NASAKW08,Moroa,Akwanga,Nasarawa,23687.2,20086.7,3473.1,25930.9,4001.6,4560
BNSGTU05,Ogbaulu,Agatu,Benue,17378.9,20794.1,4273.1,11506.7,3633.7,1665
KD0101,Gayam,Birnin Gwari,Kaduna,34119.9,29257.8,6092.0,26943.8,7359.2,4846
12612,Sugundure,Nganzai,Borno,10344.2,17703.2,3484.2,10163.6,2108.3,1478
70201,Danani Lawanti,Bursari,Yobe,27713.2,18849.6,3499.4,15928.8,5053.0,2589
10903,Gazabure,Gubio,Borno,39044.7,47779.3,9111.2,40939.9,7349.8,5958
10208,Ngulde,Askira Uba,Borno,6598.1,5490.8,1030.7,8345.1,1218.2,1208
70802,Tetteba,Gulani,Yobe,11111.8,15167.9,2972.0,20283.4,2149.7,3998
71205,Nangere,Nangere,Yobe,6065.6,8147.7,1614.7,16655.4,1182.4,2800
11601,Ajiri,Konduga,Borno,4049.9,3902.6,724.5,1535.5,761.8,221
71509,Manda-Dawa,Tarmuwa,Yobe,11346.4,4968.5,899.3,11669.6,2016.6,1892
AKSAFH08,Afaha,Essien Udim,Akwa Ibom,33563.8,20198.3,2438.4,28784.4,3921.7,3614
11409,Karagawaru,Kaga,Borno,24465.2,16865.5,3157.9,11314.2,4760.9,1631
10706,Nzuba Wayaram,Damboa,Borno,44410.3,61658.5,11659.6,28160.4,11556.3,4794
11909,Masu,Mafa,Borno,4356.1,4961.1,934.0,1727.4,839.8,248
10810,Magarta,Dikwa,Borno,8500.4,5121.6,1010.6,1337.5,1986.4,193
11003,Guzamala East,Guzamala,Borno,4438.2,3146.3,567.9,2953.4,787.5,426
10702,Bego Yerwa,Damboa,Borno,17116.2,8991.1,1699.7,2883.1,3447.9,414
11307,Dusuman,Jere,Borno,63650.3,101317.5,18719.2,81623.2,15284.9,19331
AKSAUQ07,Akpautong,Esit Eket,Akwa Ibom,4399.4,4150.2,534.1,2200.2,588.8,272
AKSDRK01,Usuk Ukwop / Usuk  Ukwok,Ini,Akwa Ibom,2380.6,3305.4,406.6,1819.0,287.6,225
70508,Kollere Kafaje,Fune,Yobe,69481.9,64046.6,12860.4,78804.9,13783.6,12944
12413,Maisandari,Maiduguri,Borno,129871.0,231687.4,42555.6,276571.7,39647.5,50297
11001,Aduwa,Guzamala,Borno,17195.8,12626.1,2462.7,4500.9,3252.7,646
70806,Gabai,Gulani,Yobe,47740.4,28800.0,5538.7,71505.2,9068.2,11943
AKSDRK05,Odoro Ukwok,Ini,Akwa Ibom,2505.0,2944.2,372.9,1549.5,307.4,192
JI0611,Sakwaya,Dutse,Jigawa,29403.4,30911.1,6045.5,41354.0,5758.4,9901
70406,Mubi / Fusami,Fika,Yobe,12420.0,13453.5,2433.7,16476.5,2202.7,2761
11005,Kingarwa,Guzamala,Borno,3323.4,8141.1,1585.0,1728.2,644.3,248
10603,Kautikari,Chibok,Borno,8080.1,7995.7,1602.9,9303.5,1596.6,1340
71708,Kumaganam,Yusufari,Yobe,22694.7,24237.6,4539.6,36227.5,4187.3,6355
11207,Kwaya Bura,Hawul,Borno,16257.1,16376.3,3195.4,25275.8,3124.0,3787
10708,Ajigin A,Damboa,Borno,13108.4,4983.5,933.2,2745.4,2451.6,394
12011,Ngulabamma,Magumeri,Borno,16575.3,13798.5,2607.0,7248.2,3094.1,1041
10501,Buratai,Biu,Borno,19250.0,14695.1,2803.3,31931.1,3611.2,4892
70704,Goneri,Gujba,Yobe,10026.3,12613.0,2205.4,10768.9,2047.9,2332
12113,Zaga,Marte,Borno,9128.8,2697.6,513.0,3444.9,1869.5,495
11401,Benisheikh,Kaga,Borno,25671.1,52702.9,9862.9,18101.9,6567.7,2827
10601,Garu,Chibok,Borno,10250.4,7761.1,1556.1,10099.4,2079.6,1527
11912,Zengebe,Mafa,Borno,2051.0,6390.1,1176.1,468.7,424.0,67
70110,Sugum Tagali,Bade,Yobe,22071.1,38220.3,7374.3,9987.4,5232.1,1740
12013,Magumeri,Magumeri,Borno,17135.3,21459.4,4052.5,23401.9,3199.7,3787
ANSGDD07,Nkpor Uno,Idemili North,Anambra,21921.0,27400.7,3168.4,10181.1,3636.2,1505
40305,Kandawa,Batsari,Katsina,27481.7,24804.9,5273.5,19789.7,5891.8,3952
70906,Jawur / Katamma,Jakusko,Yobe,77924.6,43708.9,8348.8,39287.8,15658.5,6926
70904,Gogaram,Jakusko,Yobe,20792.8,17081.5,3253.1,12342.5,3914.2,2258
12204,Chamba,Mobbar,Borno,22028.2,25280.6,4622.9,30684.3,3965.7,4553
ANSGDD01,Abacha,Idemili North,Anambra,6402.5,7096.7,823.2,4717.8,1036.1,698
41301,Daudawa,Faskari,Katsina,32629.6,23333.0,4872.7,24593.8,6721.9,6184
71008,Karausuwa Garin Guna,Karasuwa,Yobe,9995.5,9332.0,1789.4,19202.5,1875.4,3254
10604,Kuburmbulla,Chibok,Borno,10151.7,10329.8,2071.2,11456.1,1997.4,1683
50408,Bubuche,Augie,Kebbi,5584.3,5533.1,1128.0,7130.9,1120.2,1409
71211,Darin Langawa,Nangere,Yobe,4258.7,4847.7,967.6,11675.0,843.6,1957
12310,Wulo,Monguno,Borno,14327.9,24205.5,4391.6,7351.2,3814.6,1064
10610,Shikarkir,Chibok,Borno,5395.6,6185.3,1240.2,4743.7,1061.6,692
10507,Mandaragirau,Biu,Borno,16924.2,17661.1,3381.7,14266.4,3210.3,2079
70304,Gambir Moduri,Damaturu,Yobe,3950.3,3535.0,612.4,16744.6,671.8,2860
71404,Ngojin Alaraba,Potiskum,Yobe,35696.9,35075.6,6863.1,37637.1,7829.6,6823
40402,Baure,Baure,Katsina,25564.7,33401.9,7005.1,21035.8,6045.5,4726
12603,Damaram,Nganzai,Borno,6876.2,2870.8,579.5,2251.5,1399.3,323
10806,Mala Maja,Dikwa,Borno,9855.5,14650.8,2894.1,2057.0,3088.9,295
71510,Shekau,Tarmuwa,Yobe,3575.8,2252.1,404.1,5160.1,632.7,931
11010,Gudumbali East,Guzamala,Borno,23797.0,26394.8,4757.3,14523.6,4214.3,2096
10509,Silumthla,Biu,Borno,12950.3,16385.2,3120.0,14672.0,2813.1,2619
12605,Kurnawa,Nganzai,Borno,10501.8,4055.1,818.6,3020.9,2116.3,434
10911,Gamawo,Gubio,Borno,3214.6,4634.8,876.1,2638.0,600.5,379
11203,Gwanzang,Hawul,Borno,28476.7,31486.3,6165.9,38757.2,5469.3,5634
11508,Komakandi,Kala Balge,Borno,2967.5,7196.3,1400.7,947.2,714.5,136
10908,Zowo,Gubio,Borno,28162.6,34133.0,6540.9,22072.2,5355.3,3202
70306,Kukareta Warsala,Damaturu,Yobe,7772.1,5082.0,880.4,26274.1,1321.6,4471
70404,Gudi / Dozi,Fika,Yobe,28802.8,32587.7,6099.0,29059.8,5343.0,4781
12701,Bargu,Shani,Borno,25901.9,27296.8,5643.5,36850.0,5317.0,5806
71605,Dilala / Kalgi,Yunusari,Yobe,19066.4,16678.8,3106.0,21328.7,3511.8,3493
10606,Likama,Chibok,Borno,7039.3,5137.3,1030.1,7322.3,1483.3,1163
10802,Boboshe,Dikwa,Borno,12710.8,6854.5,1292.3,2796.6,3163.1,403
80410,Zauma,Bukkuyum,Zamfara,14145.4,12223.1,2517.2,11357.7,2885.9,2141
RVSAFM01,Oyward 1,Oyigbo,Rivers,33810.6,31995.1,4122.0,56404.8,4252.7,7455
10904,Gubio 1,Gubio,Borno,30994.1,47960.9,9156.5,32747.8,6290.8,5022
12311,Yele,Monguno,Borno,6311.6,9751.0,1799.0,2548.8,1556.5,366
70812,Ruhu,Gulani,Yobe,19079.5,11594.0,2311.1,22399.4,4268.6,4049
70501,Ngelzarma B,Fune,Yobe,40913.4,42134.1,8472.0,41147.3,8150.6,7378
11701,Alagarno,Kukawa,Borno,40657.1,23848.2,4551.4,9143.6,7824.5,1318
11709,Kukawa,Kukawa,Borno,57204.1,64817.0,12494.4,18261.3,13449.6,2627
11710,Yoyo,Kukawa,Borno,8623.5,13013.4,2501.8,1723.8,2034.8,248
11702,Baga,Kukawa,Borno,50124.6,89434.0,17240.0,24641.4,17677.0,3826
11008,Wamiri,Guzamala,Borno,13646.7,7655.2,1379.7,5909.4,2416.7,849
12307,Monguno,Monguno,Borno,58049.3,74844.6,13637.6,101171.1,10944.2,20241
11007,Guworam,Guzamala,Borno,2536.2,3727.5,671.8,1131.0,450.2,162
11706,Doro,Kukawa,Borno,36573.2,63237.1,12154.2,20510.5,11267.1,3049
BNSBRT10,Okpokwu,Obi,Benue,85.8,38.7,7.5,0.0,16.2,0
70305,Kalallawa Gabai,Damaturu,Yobe,6123.3,3475.3,602.7,12771.3,1050.4,2092
71503,Biriri,Tarmuwa,Yobe,12054.6,9665.9,1734.5,17036.8,2132.6,2900
70602,Borko,Geidam,Yobe,34579.9,29857.5,5484.2,21374.3,6237.1,3419
71602,Toshia,Yunusari,Yobe,16675.8,18040.8,3366.6,21496.7,3071.5,3693
TRSKRM02,Akwento Boko,Kurmi,Taraba,5816.1,16218.4,3169.2,7921.7,1112.5,1302
70807,Gagure,Gulani,Yobe,24107.7,30854.0,5826.2,35604.1,4477.6,6232
BA0508,Yautare,Darazo,Bauchi,22827.4,23415.5,4763.7,22252.4,4644.8,4312
11302,Alau,Jere,Borno,9967.6,7604.0,1415.9,4476.2,2187.4,819
KGSKNA02,Ayingba,Dekina,Kogi,124817.6,110456.6,20541.9,155932.3,23108.3,28517
12709,Kombo,Shani,Borno,17483.5,9009.7,1818.4,22610.9,3557.9,3739
12707,Kubo,Shani,Borno,12337.8,13047.7,2697.6,17527.5,2507.2,2893
71305,Maja Kura,Nguru,Yobe,22886.5,26019.1,4666.0,28180.0,4065.0,4852
BNSBGT13,Olachagbaha,Ogbadibo,Benue,96.0,45.3,8.6,107.7,17.7,15
BNSBGT02,Ai-Oche,Ogbadibo,Benue,13799.0,20024.4,3783.2,16996.7,2538.6,2389
71506,Koriyel,Tarmuwa,Yobe,12381.2,6341.8,1138.0,7854.1,2191.8,1289
70311,Bindigari Pawari,Damaturu,Yobe,15067.6,14933.3,2587.0,39056.6,2562.1,7623
70513,Kayeri,Fune,Yobe,51378.9,60994.6,12137.2,69139.0,10111.0,11618
BNSBKB03,Mbaade,Buruku,Benue,4006.5,7963.1,1535.8,18251.5,757.9,2566
BNSBKB02,Etulo,Buruku,Benue,29572.8,22188.0,4278.8,39913.5,5681.4,5745
BNSBKB08,Mbaikyongo,Buruku,Benue,13608.0,3767.6,726.6,22932.3,2574.1,3223
JI0411,Nguwa,Biriniwa,Jigawa,16646.0,11885.4,2426.1,12063.3,3374.9,2519
JI0410,Matamu,Biriniwa,Jigawa,17716.3,14350.4,2724.4,20308.5,3302.4,4418
KGSKAB14,Olleokeoffin,Kabba/Bunu,Kogi,14632.7,14434.2,2697.8,16048.7,2676.3,2650
70701,Buni Gari,Gujba,Yobe,17702.8,16112.1,2817.6,16567.6,3395.8,3245
70710,Mutai,Gujba,Yobe,31570.4,16151.2,2871.6,40751.4,5583.1,6828
NISWSE10,Zuma West,Tafa,Niger,53604.5,66759.1,11633.6,72294.3,9967.0,11908
NISWSE02,Garam,Tafa,Niger,21567.1,23248.8,4635.6,11953.2,4478.9,1973
70303,Damaturu Central,Damaturu,Yobe,21797.2,23412.1,4055.9,53670.6,3706.4,9816
BNSBKB07,Mbaazager,Buruku,Benue,23760.8,93026.3,17877.7,42817.3,4445.0,6019
BNSBRT01,Adiko,Obi,Benue,16246.8,15893.3,3067.7,10642.5,3233.1,1505
BNSBRT12,Orihi,Obi,Benue,3163.9,3248.3,627.0,1795.3,610.2,252
70409,Turmi Malori,Fika,Yobe,26671.7,25275.3,4924.9,26712.5,5156.4,4912
70507,Borno Kiji,Fune,Yobe,29212.0,6531.1,1311.8,24790.4,5724.0,4063
BNSPKG01,Amejo,Okpokwu,Benue,53205.4,57254.4,10901.2,44279.8,12575.2,6902
70511,Mashio,Fune,Yobe,49414.5,38634.8,7753.0,50926.7,9802.9,8555
71508,Mafa,Tarmuwa,Yobe,17215.4,15463.2,2780.5,17248.8,3061.3,2753
BNSBRT07,Obeko,Obi,Benue,854.4,438.3,84.6,291.2,170.8,41
JI0409,Machinamari,Biriniwa,Jigawa,19546.3,19562.3,3951.0,22794.4,3904.6,5056
61105,Hamma Ali Marabawa,Kware,Sokoto,10812.7,12548.8,2575.9,17827.1,2180.6,3203
61609,Waziri A,Sokoto North,Sokoto,12745.1,23283.5,4424.8,16239.3,5503.7,3683
71502,Goduram,Tarmuwa,Yobe,7101.1,12017.1,2156.4,12455.8,1256.5,1980
BNSTKP01,Adoka Ehaje,Oturkpo,Benue,26558.7,25311.1,4470.3,23803.0,4671.8,3797
TRSKRM08,Didan,Kurmi,Taraba,13741.7,624.9,121.9,13290.2,2628.6,2152
RVSSKN04,Tward 4,Tai,Rivers,13288.5,18994.5,2306.2,8290.7,1766.7,1087
10505,Gunda,Biu,Borno,31438.2,15878.2,3075.5,52464.3,6008.8,8177
BNSGKP09,Oiji,Apa,Benue,12645.5,10447.5,2125.7,8371.8,2700.4,1233
70308,Nayinawa,Damaturu,Yobe,24026.8,26575.2,4603.8,74491.3,4085.5,14250
BA1220,Bulkchuwa,Katagum,Bauchi,22585.8,16963.3,3295.0,25869.2,4309.9,5843
BA1311,Kafin Iya,Kirfi,Bauchi,9407.8,11364.0,2347.6,14692.4,1915.4,3264
BNSJUX01,Adokpa,Oju,Benue,8256.4,4260.8,755.8,4160.1,1454.1,585
BA1408,Akuyam,Misau,Bauchi,21718.8,23561.4,4678.0,24075.8,4442.2,5485
BNSKAL07,Mbayongo,Katsina-Ala,Benue,13147.5,13138.7,2429.0,38570.6,2385.1,5422
71504,Jumbam,Tarmuwa,Yobe,11545.8,6390.7,1183.9,10351.5,2089.2,1820
BNSJUX10,Owo,Oju,Benue,10287.5,15592.7,2764.9,11036.7,1782.1,1552
BNSJUX06,Oboru Oye,Oju,Benue,14033.5,15898.2,2803.3,10703.5,2420.8,1507
TRSSDA10,Titong,Sardauna,Taraba,48854.3,49871.5,9483.4,61401.5,9099.1,9960
TRSUSS08,Lissam 1,Ussa,Taraba,6815.1,9120.6,1772.8,18174.4,1293.1,2919
52006,Yelwa East,Yauri,Kebbi,5345.8,4757.0,996.6,7447.1,1155.1,1481
BA1414,Kafin Sule,Misau,Bauchi,10974.0,6368.4,1276.8,10972.3,2163.0,2231
EDSGUE10,Afuda,Iguegben,Edo,9546.4,13548.7,1647.2,15548.7,1221.2,2318
BNSPKG02,Eke,Okpokwu,Benue,4704.1,4979.1,956.6,5328.3,895.7,786
TRSUSS11,Rufu,Ussa,Taraba,4692.3,2191.0,424.9,17114.4,890.0,2750
TRSTTM07,Manya,Takum,Taraba,9894.0,10922.2,2157.1,13546.9,1913.6,2195
52004,Tondi,Yauri,Kebbi,16381.3,16423.9,3298.0,19147.6,3695.0,4118
BNSPKG05,Ojigo,Okpokwu,Benue,40367.5,40752.4,7749.3,35297.8,7679.6,5148
TRSGKA08,Mayo Selbe,Gashaka,Taraba,10307.7,13278.9,2482.5,14036.5,1899.9,2264
BNSPKG07,Okpale / Ingle,Okpokwu,Benue,13479.9,16463.1,3130.6,12309.4,2520.3,1768
62107,Gwamatse,Wamakko,Sokoto,9463.7,12276.1,2434.5,18108.0,1905.9,3292
BA1416,Sarma,Misau,Bauchi,24637.1,27031.8,5373.6,20901.4,4820.7,4002
NISKNT07,Magajiya,Kontagora,Niger,6946.7,5162.7,978.4,7701.9,1371.7,1614
51906,Kyabu Kandu,Wasagu-Danko,Kebbi,33260.7,33727.4,6945.3,20134.9,6765.6,3855
TRSTTM05,Gahweton,Takum,Taraba,11744.6,13689.0,2690.5,16252.3,2266.4,2823
BNSTKP12,Ugboju Icho,Oturkpo,Benue,12522.5,11389.2,2011.5,11893.4,2197.1,1785
BA1410,Gwaram,Misau,Bauchi,19925.9,20114.3,3982.0,19689.3,3976.3,4188
TRSTTM03,Dutse,Takum,Taraba,14663.8,22465.8,4452.3,19165.9,2846.8,3137
TRSUSS01,Fikyu,Ussa,Taraba,5096.8,4151.1,805.1,7765.4,966.8,1248
TRSUSS10,Lumbu,Ussa,Taraba,4039.1,4394.0,850.9,7226.1,766.3,1163
BNSTKP13,Ugboju Otahe,Oturkpo,Benue,10311.8,12310.9,2174.3,10977.4,1781.2,1664
52106,Rikoto,Zuru,Kebbi,42211.1,38259.0,7726.5,37829.5,10163.6,7642
NISKNT04,Kawo,Kontagora,Niger,12280.6,11021.6,2088.8,19757.2,2306.7,3684
TRSGKA04,Gashaka,Gashaka,Taraba,10419.4,12401.4,2290.7,10296.5,1901.0,1674
TRSTTM01,Bete,Takum,Taraba,3957.6,3681.6,712.9,4637.1,749.5,749
BA0416,Yayari,Dambam,Bauchi,22579.0,13056.2,2694.3,17567.2,4587.9,3311
BNSTKP03,Allan,Oturkpo,Benue,14214.1,14154.3,2499.9,15894.1,2451.8,2286
TRSUSS02,Jenuwa Gida,Ussa,Taraba,6021.8,7072.4,1371.7,11101.3,1142.2,1783
BA0517,Tauya East,Darazo,Bauchi,19287.2,27290.5,5601.1,22335.0,3939.7,4299
TRSSDA09,Nguroje,Sardauna,Taraba,42035.6,38306.1,7310.2,47065.0,7866.4,7849
10203,Hausari Zadawa,Askira Uba,Borno,16686.1,13673.8,2572.0,22914.7,3059.7,3431
BNSTSE08,Mbatser,Konshisha,Benue,18776.7,9796.8,1803.5,24036.1,3380.0,3378
BNSTSE04,Mbake,Konshisha,Benue,39141.0,31259.1,5754.3,36171.6,7438.1,5149
KN1905,Kutama,Gwarzo,Kano,48535.3,42528.7,8873.6,35035.6,10810.4,7656
NISMNA05,Minna S,Chanchaga,Niger,86510.7,100358.3,16552.4,106572.5,15870.0,18750
NISWSE05,Iku,Tafa,Niger,18094.1,16379.1,3191.3,24157.4,3458.8,4029
62109,Kammata,Wamakko,Sokoto,16941.8,15875.4,3126.4,16208.5,3784.2,2894
BNSVDY05,Mbajor,Vandeikya,Benue,13093.4,11829.6,2067.4,19591.4,2233.9,2753
TRSUSS06,Kwambai,Ussa,Taraba,6589.1,7984.5,1548.6,11932.5,1250.0,1939
KGSKAB04,Akutupakiri,Kabba/Bunu,Kogi,6517.5,4139.5,773.7,9001.4,1213.7,1546
BA1407,Hardawa,Misau,Bauchi,8973.6,11135.3,2219.7,12415.9,1907.8,3998
70805,Dokshi,Gulani,Yobe,7651.6,11511.6,2202.4,18397.3,1436.7,3374
BNSUKM06,Kundav,Ukum,Benue,8891.0,2842.5,538.0,20376.5,1653.4,2867
TRSUSS04,Kpambo 1,Ussa,Taraba,10769.4,10905.7,2115.1,22039.6,2042.8,3548
BNSVDY03,Mbagbam,Vandeikya,Benue,21974.0,4025.3,703.6,27317.6,3760.0,3839
BNSVDY13,Tsambe,Vandeikya,Benue,9459.9,21866.1,3825.0,17506.9,1614.8,2460
BNSWDP10,Moon,Kwande,Benue,7949.6,3890.5,709.0,4331.8,1418.6,609
BA1016,Melendigi,Itas/Gadau,Bauchi,14643.4,15458.9,3147.2,11813.2,2981.2,2760
71210,Kukuri,Nangere,Yobe,15273.5,4757.2,914.3,19027.4,2911.1,3244
TRSUSS09,Lissam 2,Ussa,Taraba,4518.0,6270.2,1216.1,8658.4,857.0,1391
42907,Kurkujan A,Musawa,Katsina,8854.3,5125.2,1057.9,12897.8,1803.3,3006
TRSSDA05,Magu,Sardauna,Taraba,21173.8,23985.7,4571.9,30662.4,3947.1,4998
BA2015,Kafin Larabawa,Zaki,Bauchi,11346.3,9870.0,1974.0,15361.8,2252.0,2955
TRSSDA07,Mbamnga,Sardauna,Taraba,26388.2,39080.5,7401.6,41050.6,4919.4,6654
TRSTTM09,Shibong,Takum,Taraba,4489.2,3903.6,756.4,5755.8,851.5,925
60307,Rugar Gidado,Dange Shuni,Sokoto,39683.1,42391.0,8517.4,32598.1,7839.6,5809
51911,Gwanfi Kele,Wasagu-Danko,Kebbi,15437.0,16249.5,3363.7,14512.7,3151.4,2815
TRSKRM03,Asha,Kurmi,Taraba,9396.5,24203.6,4729.5,13301.8,1798.1,2210
NISMNA01,Limawa A,Chanchaga,Niger,11821.6,13055.6,2152.9,11405.4,2290.2,2229
AKSAFG08,Mbiaso 1,Nsit Ibom,Akwa Ibom,21355.9,17393.7,2156.2,8965.7,2564.1,1114
81110,Shinkafi South,Shinkafi,Zamfara,25401.9,28803.7,5784.3,13409.7,6579.0,2387
TRSKRM01,Abong,Kurmi,Taraba,9029.4,12643.3,2466.1,8893.7,1918.7,1467
TRSBAL05,Gang Mata,Bali,Taraba,21140.0,28297.6,5377.6,20896.6,3948.1,3356
BA0701,Gamawa North,Gamawa,Bauchi,31102.8,44909.6,8847.2,34488.4,6095.4,7435
BA1403,Jarkasa,Misau,Bauchi,28987.5,20160.7,4014.3,25916.9,5687.9,4873
NISWSE07,Wuse East,Tafa,Niger,18155.2,21314.7,4157.8,30904.0,3488.9,5092
NISKNT01,Arewa,Kontagora,Niger,8793.8,7927.8,1502.5,14239.6,1674.7,3194
BA1401,Zadawa,Misau,Bauchi,27488.9,16172.3,3235.8,21653.9,5604.7,4626
JI1006,Kadira,Guri,Jigawa,31719.7,27817.3,5448.6,18951.2,6374.6,3991
TRSKRM07,Bissaula,Kurmi,Taraba,13493.5,22962.7,4487.1,13776.4,2596.3,2222
TRSSDA03,Kabri,Sardauna,Taraba,47243.9,64813.4,12549.9,58988.1,8801.1,9498
TRSKRM05,Baissa,Kurmi,Taraba,28113.7,3766.3,736.0,27717.4,5632.0,4618
TRSSDA01,Gembu A,Sardauna,Taraba,35241.8,32093.0,6095.6,39457.4,6606.5,6385
EDSGUE01,Ewossa,Iguegben,Edo,9917.5,9504.3,1187.8,9921.0,1248.5,1480
TRSKRM10,Nyido-Tosso,Kurmi,Taraba,5731.1,6288.2,1225.6,8574.4,1093.2,1381
10212,Uvu Uda,Askira Uba,Borno,6214.5,6527.2,1144.0,15872.5,1058.8,2352
70502,Damagum A,Fune,Yobe,24336.7,39355.3,7914.6,25736.3,5502.6,5764
JI0402,Birniwa,Biriniwa,Jigawa,20636.2,25462.7,5142.8,20941.0,4815.9,4794
NISMNA06,Nasarawa A,Chanchaga,Niger,7865.8,6594.3,1149.0,13881.2,1841.7,2957
52109,Tadurga,Zuru,Kebbi,31205.6,29607.7,6065.0,14171.5,6322.7,2810
NISWSH04,Kanwuri,Wushishi,Niger,6679.2,5380.6,1124.1,7491.6,1387.5,1310
12702,Buma,Shani,Borno,6868.7,2779.3,556.5,5311.5,1356.9,763
TRSKRM09,Ndaforo,Kurmi,Taraba,13269.8,2277.3,445.0,12819.5,2569.2,2119
12704,Gora,Shani,Borno,14687.8,11409.1,2299.4,20567.2,3048.5,3720
BA1415,Kukadi B,Misau,Bauchi,32982.6,43001.1,8571.6,32813.7,7358.3,7446
BA0509,Gabchiyari,Darazo,Bauchi,20963.6,25476.5,5203.9,25636.3,4258.5,5476
TRSSDA11,Warwar,Sardauna,Taraba,25541.3,18909.4,3592.0,22273.8,4774.9,3583
TRSTTM06,Kashimbila,Takum,Taraba,23847.7,12676.7,2347.3,16036.6,4365.6,2594
71207,Dawasa,Nangere,Yobe,6747.0,6585.9,1298.2,24586.9,1308.4,4741
52007,Yelwa North,Yauri,Kebbi,24464.3,18980.1,3837.6,22040.1,5770.1,4483
52103,Isgogo Dago,Zuru,Kebbi,15267.8,16712.6,3428.8,11851.2,3085.1,2273
61811,Tambuwal,Tambuwal,Sokoto,60423.5,51487.9,10495.3,35850.9,12260.0,6531
TRSGKA03,Garbabi,Gashaka,Taraba,16186.5,7060.1,1330.2,32797.3,2957.7,5293
TRSTTM04,Fete,Takum,Taraba,8892.6,6509.8,1262.2,12115.6,1686.4,1946
NISBDA10,Mayaki Ndejiya,Bida,Niger,21582.9,7036.4,1366.3,17961.9,5950.2,3493
TRSGKA09,Serti A,Gashaka,Taraba,8584.6,11752.5,2170.8,11180.9,1581.5,2013
BA1411,Dunkurmi,Misau,Bauchi,19349.7,13458.2,2707.6,16801.1,3849.5,3206
TRSGKA10,Serti B,Gashaka,Taraba,25861.2,38709.4,7150.0,34435.5,4764.1,5819
NISBDA03,Dokoza,Bida,Niger,39838.9,22453.0,4361.1,29203.5,9786.4,4855
TRSTTM02,Chanchangi,Takum,Taraba,125087.0,104903.5,20614.3,187574.5,24433.4,30366
BA1309,Tubule,Kirfi,Bauchi,7903.2,10242.4,2115.0,8675.5,1604.7,1641
NISMNA08,Nasarawa C,Chanchaga,Niger,12493.3,10003.8,1816.1,21336.2,2470.9,3917
KN0603,Bunkure,Bunkure,Kano,31111.7,32054.1,6618.2,33110.3,7660.0,7929
BA1413,Gundari,Misau,Bauchi,15832.8,15266.9,3043.2,19202.1,3386.7,5302
52107,Dabai Seme,Zuru,Kebbi,8752.7,10504.9,2132.3,7675.3,1753.9,1472
52105,Rafin Zuru,Zuru,Kebbi,33918.5,33966.5,6859.6,32010.7,7395.4,6764
BA0712,Gamawa South,Gamawa,Bauchi,17740.1,10098.1,1989.3,10731.2,3438.7,2006
TRSUSS05,Kpambo Puri,Ussa,Taraba,8449.2,8102.4,1570.9,13573.5,1602.7,2183
TRSGKA05,Gayam,Gashaka,Taraba,10749.7,8192.5,1513.2,4225.9,1950.3,679
TRSUSS03,Jenuwa Kogi,Ussa,Taraba,2965.4,3292.1,638.5,4638.1,562.5,750
TRSBAL11,Takalafiya,Bali,Taraba,55233.9,24165.4,4617.8,51710.9,10388.6,8305
BYSSPR16,Peremabiri,Southern Ijaw,Bayelsa,8254.5,18417.9,2246.2,6189.3,2997.3,1062
TRSGKA07,Mai Idanu,Gashaka,Taraba,3836.7,2844.2,555.0,3089.1,710.6,496
CRSABE08,Ochagbe,Bekwarra,Cross River,7786.1,11452.1,1485.2,5696.0,980.8,668
CRSBKS08,Odiong,Bakassi,Cross River,2813.6,1813.7,244.9,2463.5,717.7,316
NISMNA04,Minna C,Chanchaga,Niger,10749.9,11301.7,1863.7,12067.8,2208.4,2171
JI2005,Jajeri,Maigatari,Jigawa,18599.8,11577.0,2297.4,16236.2,3744.4,3211
TRSGKA01,Galimjina,Gashaka,Taraba,13196.9,12743.9,2353.9,12775.5,2444.8,2066
BA1406,Tofu,Misau,Bauchi,28930.5,23020.0,4588.7,30005.8,5755.3,5899
TRSUSS07,Kwesati,Ussa,Taraba,11963.5,23636.5,4601.5,24428.1,2274.2,3931
CRSBKS01,Ekpot Abia,Bakassi,Cross River,547.9,3720.7,416.7,1197.3,164.0,181
OGSABS12,Itoko,Abeokuta South,Ogun,5747.8,4294.5,626.0,4026.4,835.3,471
CRSBKS02,Akpankanya,Bakassi,Cross River,0.0,320.5,36.3,0.0,0.0,0
TRSTTM08,Rogo,Takum,Taraba,32830.5,30842.2,6000.5,53334.6,6283.7,9192
81109,Shinkafi North,Shinkafi,Zamfara,16307.5,19895.3,3995.3,15019.8,4078.3,2823
CRSBNS05,Bishiri South,Obanliku,Cross River,8733.2,6443.7,817.8,5901.3,1073.0,693
BA1404,Kukadi A,Misau,Bauchi,19014.7,22707.8,4526.4,19691.7,4094.7,5041
TRSSDA04,Kakara,Sardauna,Taraba,19721.8,17277.6,3281.6,24241.7,3670.8,3947
51910,Yalmo Shindi Wari,Wasagu-Danko,Kebbi,16079.5,16217.0,3357.7,14127.9,3287.3,2705
BA1402,Beti,Misau,Bauchi,21838.6,22948.0,4577.7,26942.7,4287.8,5998
TRSSDA06,Mayo-Ndaga,Sardauna,Taraba,27652.7,28510.5,5426.9,40003.9,5147.9,6515
KGSDAV01,Adavi-Eba,Adavi,Kogi,15738.7,27576.5,5451.3,16891.4,3490.1,2810
NISGWU03,Diko,Gurara,Niger,20219.4,21705.0,4234.7,22629.7,3897.1,3853
NISGWU06,Kabo,Gurara,Niger,7753.5,12860.9,2509.9,14094.0,1491.3,2316
AKSAFG03,Mbiaso 5,Nsit Ibom,Akwa Ibom,24454.0,31236.6,3852.0,10602.6,2922.1,1313
TRSKRM06,Bente Galea,Kurmi,Taraba,13980.9,14118.6,2758.8,23839.5,2681.9,3952
50507,Lafagu Gante,Bagudu,Kebbi,29415.7,28513.0,5712.1,33686.6,5928.6,6547
EBSUGB13,Ndiagu,Ebonyi,Ebonyi,36961.0,25322.4,4715.8,44788.1,6719.1,7685
BYSKMR09,Oyakiri 2,Ekeremor,Bayelsa,7579.1,19570.6,2586.0,9453.1,2325.2,1915
TRSSDA02,Gembu B,Sardauna,Taraba,24596.1,21525.9,4088.5,33523.7,4654.3,5444
TRSKRM04,Ashuku,Kurmi,Taraba,10752.5,4788.2,935.6,13969.9,2056.6,2288
70503,Daura A,Fune,Yobe,24430.2,26348.6,5287.5,29173.1,4821.1,5516
BA1313,Lariski,Kirfi,Bauchi,21202.5,19284.7,3982.1,27265.4,4309.5,5309
BYSSPR01,Amassoma 1,Southern Ijaw,Bayelsa,11332.8,32563.5,3980.2,18384.2,2689.6,5464
11208,Marama Kidang,Hawul,Borno,14871.9,16216.8,3247.3,18179.3,2935.2,2614
ANSAAH15,Umuoba Anam,Anambra East,Anambra,2378.4,1753.5,199.7,3525.6,280.4,813
NISGWU07,Kwaka,Gurara,Niger,18269.1,21244.7,4050.3,17092.0,3899.6,2828
BYSKMR02,Iduwini 2,Ekeremor,Bayelsa,49392.1,118552.8,15796.7,48503.3,17679.3,9081
BYSKMR06,Oporomor 4,Ekeremor,Bayelsa,14636.5,32007.8,4265.5,9677.0,5039.1,1654
BYSKMR03,Oporomor 1,Ekeremor,Bayelsa,9132.0,19319.4,2576.0,9479.7,1732.9,1953
BYSKMR05,Oporomor 3,Ekeremor,Bayelsa,12342.1,36621.1,4880.5,15274.6,3980.2,3121
BYSKMR08,Oyakiri 1,Ekeremor,Bayelsa,5889.7,15692.6,2092.4,6817.7,1882.4,1967
BYSKMR07,Oporomor 5,Ekeremor,Bayelsa,10654.0,23847.0,3179.7,9639.6,4294.9,1509
BYSKMR04,Oporomor 2-Ward 7,Ekeremor,Bayelsa,11005.3,32638.0,4329.6,15483.1,4332.4,3280
BYSKMR10,Oyakiri 3,Ekeremor,Bayelsa,4464.1,13819.9,1842.7,8132.5,793.0,1528
BYSSPR15,Otuan,Southern Ijaw,Bayelsa,9034.5,16205.4,1977.8,5627.9,2528.0,1011
BYSKMR11,Oyakiri 4,Ekeremor,Bayelsa,3571.1,11454.8,1510.0,5950.1,584.0,1426
BYSSPR11,Olodiama 2,Southern Ijaw,Bayelsa,13237.0,35273.5,4305.1,11742.0,4134.7,1929
BYSSPR08,Igbomatoru,Southern Ijaw,Bayelsa,7185.4,19712.8,2400.6,5853.1,2466.0,843
BYSSPR14,Opuama,Southern Ijaw,Bayelsa,9401.6,17708.3,2162.5,9092.5,3071.7,1879
BYSSPR06,Enewari,Southern Ijaw,Bayelsa,7043.4,13012.2,1588.2,5819.9,2417.0,1223
CRSDUK02,Ikoneto,Odukpani,Cross River,6781.3,11967.6,1531.3,1648.2,1401.9,193
CRSDUK05,Akamkpa,Odukpani,Cross River,15648.8,21320.9,2728.1,9616.2,2123.7,1129
NISMAK08,Maikunkele,Bosso,Niger,36035.4,41108.2,7723.8,65136.7,6630.4,10762
BYSSPR05,Ekowe,Southern Ijaw,Bayelsa,8043.2,20995.1,2562.4,5649.4,3071.4,952
CRSDUK11,Onimankiong,Odukpani,Cross River,23351.9,26357.4,3417.6,12539.4,3393.8,1476
CRSEFE09,Mkpot,Etung,Cross River,4250.8,3848.7,496.0,2213.2,941.8,286
BYSSPR10,Olodiama 1,Southern Ijaw,Bayelsa,5727.3,15405.1,1880.2,6105.3,1025.4,1090
BYSSPR17,Ukubie,Southern Ijaw,Bayelsa,14147.6,32478.5,3963.9,15410.3,3577.4,2760
BYSSPR12,Oporoma 1,Southern Ijaw,Bayelsa,21639.8,31609.5,3861.5,13064.6,5645.5,2520
BYSSPR03,Amassoma 3,Southern Ijaw,Bayelsa,2164.0,1368.6,169.9,493.7,388.1,65
BYSSPR02,Amassoma 2,Southern Ijaw,Bayelsa,16173.9,37002.7,4566.2,18108.6,4080.6,3803
BYSSPR04,Apoi,Southern Ijaw,Bayelsa,16858.8,34807.3,4250.2,18993.5,3374.0,3819
BYSSPR13,Oporoma 2,Southern Ijaw,Bayelsa,20358.5,43980.6,5370.2,15063.4,6079.0,2482
ODSOSE10,Imoru / Arimogija,Ose,Ondo,13277.3,13484.3,1684.6,12027.0,1681.9,1708
61104,Gandu,Kware,Sokoto,10142.3,11911.2,2445.1,16366.7,2045.4,2966
EDSAFZ01,Emai 2,Owan East,Edo,23280.0,26081.9,3377.3,17649.7,3124.2,2618
EDSAFZ05,Emai 1,Owan East,Edo,27108.8,33676.4,4360.7,24251.5,3745.6,3683
EDSAKA08,Oluku,Ovia North-East,Edo,70878.2,79857.2,10043.6,173650.6,8681.7,26018
EDSAFZ10,Ivbimion,Owan East,Edo,25489.5,19408.0,2513.1,16126.4,3475.6,2448
EDSAFZ09,Otuo 1,Owan East,Edo,12886.8,14556.0,1884.9,10027.4,1879.8,1551
EDSAUC06,Jagbe,Etsako West,Edo,5282.8,3676.3,451.7,6517.5,629.0,967
EDSAFZ04,Ihievbe-Ogbe,Owan East,Edo,12047.6,11138.8,1435.3,6367.9,1627.2,944
EDSRRU01,Uwesan 1,Esan Central,Edo,6302.5,6484.5,803.6,6042.5,766.9,903
EDSAFZ02,Ivbiadaobi,Owan East,Edo,4152.1,5607.4,721.5,5680.0,523.6,841
EDSAFZ07,Igue-Ikao,Owan East,Edo,15807.4,14273.7,1844.8,10238.9,2155.9,1549
EDSAKA06,Okada East,Ovia North-East,Edo,5253.9,5359.9,670.6,16016.9,639.2,2511
60511,Takakume,Goronyo,Sokoto,21281.7,26271.3,5445.2,15679.5,5034.2,2990
EDSAUC08,Uzairue South East,Etsako West,Edo,24833.7,21727.4,2681.3,24561.8,2978.8,3684
EDSAUC04,Auchi 3,Etsako West,Edo,12797.2,10351.2,1271.7,15978.2,1523.8,2414
EDSAFZ06,Uokha-Ake,Owan East,Edo,21731.1,22313.5,2889.4,13172.0,3056.2,1971
EDSRRU06,Ehanlen-Ewu,Esan Central,Edo,16912.3,16023.3,1978.1,17095.5,2083.7,2625
KN0902,Danbagina,Dawakin Kudu,Kano,13107.2,21568.9,4136.6,35186.4,2611.3,6874
EDSAFZ08,Otuo 2,Owan East,Edo,21384.4,18711.2,2420.2,13916.2,2960.1,2124
EDSAFZ03,Warake,Owan East,Edo,25178.0,30017.2,3865.6,19820.4,3442.1,3074
EDSAKA13,Utoka,Ovia North-East,Edo,25920.3,24448.4,3066.5,19857.1,3343.4,2942
EDSAKA10,Okada West,Ovia North-East,Edo,14728.1,14311.3,1790.6,28357.4,1791.7,4506
EDSAKA12,Oduna,Ovia North-East,Edo,1205.4,1330.2,166.4,3080.1,146.6,468
EDSSGD06,Uzebba 1,Owan West,Edo,10243.0,10879.9,1360.1,8305.4,1309.3,1242
EDSAKA11,Adolor,Ovia North-East,Edo,41567.4,35631.0,4458.2,80197.9,5057.4,11954
EDSAKA02,Isiiuwa,Ovia North-East,Edo,13767.0,9010.8,1127.5,22526.1,1674.9,3377
EDSGUE09,Udumeka,Iguegben,Edo,3998.1,5737.2,697.5,8460.0,507.2,1317
EDSAKA01,Iguoshodin,Ovia North-East,Edo,25228.9,25558.8,3198.4,53218.6,3072.5,7884
KGSAJA05,Badoko,Ajaokuta,Kogi,3958.0,3518.0,632.2,2075.0,700.0,339
EBSZLL11,Iyonu,Ishielu,Ebonyi,6682.3,9609.5,1560.5,7017.5,1048.1,1199
EDSAKA05,Okokhuo,Ovia North-East,Edo,7782.9,3101.8,387.9,14198.6,952.7,2114
EDSAKA09,Ofunwengbe,Ovia North-East,Edo,6665.7,2288.7,286.4,12078.8,810.9,1792
EDSAKA07,Uhen,Ovia North-East,Edo,15914.1,16639.3,2126.3,30936.3,2010.4,4906
KGSBAS07,Kpata,Bassa,Kogi,17610.7,15732.1,3003.8,13060.7,4190.7,2165
EDSAKA04,Uhiere,Ovia North-East,Edo,8727.7,8148.9,1021.3,19114.4,1063.5,2960
EDSAUC01,Uzairue North West,Etsako West,Edo,22832.9,19736.0,2437.5,25286.6,2728.2,3828
EDSAUC07,Uzairue South West,Etsako West,Edo,22381.2,22745.4,2794.5,36164.6,2671.4,5696
80803,Gabake,Kaura Namoda,Zamfara,20949.5,22520.3,4527.8,16282.0,4254.1,3061
EDSAUC10,Aviele,Etsako West,Edo,40787.8,37435.4,4599.3,57801.3,4856.8,8755
NISMAK09,Maitumbi,Bosso,Niger,23769.2,21554.6,4106.5,58878.8,4451.5,10551
KGSDAH03,Ichala,Idah,Kogi,8279.3,30891.1,5419.7,4187.9,5701.7,722
EDSAUC02,Auchi 4,Etsako West,Edo,23023.4,20753.0,2549.7,30122.7,2753.9,4790
EDSAUC03,South Ibie,Etsako West,Edo,42111.5,40395.0,4963.0,61591.1,5016.7,9519
EDSGUE03,Ebelle,Iguegben,Edo,11152.5,13725.2,1668.7,13802.5,1414.5,2060
EDSAUC11,Uzairue North East,Etsako West,Edo,26857.7,26338.4,3255.3,31861.0,3226.2,4765
EDSBEN07,Iyekeogba,Oredo,Edo,342647.2,386458.6,47243.8,453306.1,44744.9,68280
EDSAUC05,Auchi 1,Etsako West,Edo,20978.2,21380.1,2626.8,30578.9,2498.0,4602
EDSGUE04,Ekpon,Iguegben,Edo,16544.8,15677.7,1962.4,16551.8,2054.6,2482
EDSRRU08,Ewu,Esan Central,Edo,16154.1,15330.7,1896.8,14078.3,2035.0,2097
NISWSE09,Zuma East,Tafa,Niger,16595.2,15509.7,3021.9,31432.2,3172.3,5326
EDSAUC09,Anwain,Etsako West,Edo,6221.4,6566.5,807.8,10208.5,741.2,1516
EDSGUE02,Amahor,Iguegben,Edo,14801.3,11922.1,1449.5,12007.3,1828.4,1785
EDSGUE07,Ekekhen,Iguegben,Edo,13391.5,12322.3,1498.3,12304.2,1737.0,1829
EDSGUE08,Udo,Iguegben,Edo,4755.2,4556.6,565.8,4485.9,584.0,665
EDSGAR10,Ososo,Akoko-Edo,Edo,42804.9,66765.8,10872.2,26893.7,20948.6,4245
EDSGBZ03,Iguobazuwa East,Ovia South-West,Edo,13261.2,14517.6,2065.3,19576.9,1836.1,3062
EDSGUE06,Okalo,Iguegben,Edo,7679.9,7590.8,922.9,8303.3,971.3,1257
EDSSGD11,Eruere,Owan West,Edo,4088.5,3557.5,460.7,2911.7,541.8,433
NISLMU05,Etsu-Audu,Gbako,Niger,16537.5,13172.5,2684.2,21019.1,3322.6,4205
EDSGBZ05,Nikrogha,Ovia South-West,Edo,6932.8,8621.0,1187.0,14464.9,916.7,2202
EDSGBZ10,Siluko,Ovia South-West,Edo,8873.3,11913.5,1696.4,23098.2,1237.4,3720
NISMAK05,Garatu,Bosso,Niger,29177.5,40216.4,7579.2,55781.7,5380.7,9075
NISMAK06,Kampala,Bosso,Niger,8142.5,9213.2,1755.3,20435.5,1524.7,3326
NISWSE08,Wuse West,Tafa,Niger,4187.1,4321.4,845.9,4356.3,809.3,709
KN3305,Gulu,Rimin Gado,Kano,14869.0,18149.5,3527.6,16570.8,3405.7,3950
AKSDUU10,Southern Uruan 1,Uruan,Akwa Ibom,23625.7,28333.0,3660.1,21038.6,2969.6,2607
EDSGBZ01,Umaza,Ovia South-West,Edo,11860.0,9869.9,1405.4,24096.5,1650.2,4101
EDSGBZ04,Iguobazuwa West,Ovia South-West,Edo,13728.7,13871.5,1975.2,17608.6,1925.1,2644
EDSGBZ06,Udoo,Ovia South-West,Edo,22360.0,15691.1,2226.7,31590.2,3093.2,4751
EDSRRU04,Uwesan 2,Esan Central,Edo,5754.7,6687.5,825.9,6922.4,688.6,1028
EDSGUE05,Eguare,Iguegben,Edo,6483.4,10560.3,1283.9,12569.3,825.0,1915
BA0807,Miya A,Ganjuwa,Bauchi,25121.5,16988.1,3512.4,42103.9,5118.2,9803
EDSRRU10,Ikekato,Esan Central,Edo,21821.0,19583.0,2428.8,18068.8,2748.5,2684
EDSGBZ07,Ofunama,Ovia South-West,Edo,22613.1,19363.5,2746.0,30698.0,3202.2,4995
KGSDAH07,Owoliakpa,Idah,Kogi,2832.0,2058.9,362.0,3196.1,617.2,590
EDSRRU05,Ugbegun,Esan Central,Edo,11866.0,15226.1,1880.0,18972.6,1485.3,2878
EDSRRU09,Uneah,Esan Central,Edo,15434.3,13663.0,1692.2,15091.5,1950.3,2269
EDSRRU07,Otoruwa 2,Esan Central,Edo,14598.9,18686.7,2312.3,16602.2,1838.5,2477
KGSAJA06,Ebiya N,Ajaokuta,Kogi,7651.1,6807.2,1342.2,4874.7,2865.7,818
EDSRRU03,Otoruwa 1,Esan Central,Edo,25827.1,28967.8,3587.7,28897.9,3280.3,4412
EDSRRU02,Opji,Esan Central,Edo,10312.8,13892.3,1722.9,11633.8,1300.2,1726
EDSSGD01,Uzebba 2,Owan West,Edo,17248.7,20586.3,2573.5,13316.6,2222.1,1990
EDSSGD10,Okpuje,Owan West,Edo,10907.7,11424.7,1428.3,9479.9,1358.0,1423
EDSURM09,Ewoyi 2,Esan North-East,Edo,13045.9,11047.8,1356.0,24452.6,1544.5,3687
EDSSGD02,Sobe,Owan West,Edo,7835.8,9025.1,1128.2,7242.2,969.3,1085
EDSSGD05,Ozala,Owan West,Edo,10235.8,11757.9,1506.9,9343.6,1404.9,1438
EDSSGD03,Uhonmora,Owan West,Edo,8442.8,6637.4,829.9,9879.0,1061.1,1487
EDSSGD04,Eme / Oke,Owan West,Edo,22757.1,21471.9,2706.9,16650.4,2870.9,2477
EDSURM07,Ubierumu / Idumoza,Esan North-East,Edo,15704.8,8431.5,1034.9,23290.7,1863.3,3477
EDSSGD08,Ogbagun,Owan West,Edo,20516.0,15704.9,1963.3,20504.8,2511.4,3078
EDSSGD07,Sabo,Owan West,Edo,5639.5,6477.8,809.9,4830.8,701.9,717
EDSUBJ08,Ubiaja 11,Esan South-East,Edo,26294.6,22639.8,2856.3,23269.6,3500.3,3523
EDSUBJ04,Ubiaja 1,Esan South-East,Edo,37120.9,38255.8,4826.5,41416.4,4982.0,6585
EDSURM05,Obiyon / Amendokhian,Esan North-East,Edo,32899.8,37793.6,4638.8,74219.3,3904.7,11586
EDSSGD09,Avbiosi,Owan West,Edo,16638.1,12555.2,1570.5,9272.1,2094.1,1394
EDSUBJ10,Ewohimii,Esan South-East,Edo,14166.2,6261.3,789.8,25422.1,1953.4,3871
KGSBAS04,Eforo,Bassa,Kogi,10383.0,9435.4,1770.5,7491.0,2484.6,1271
EDSUBJ01,Okede,Esan South-East,Edo,20520.7,14588.4,1840.5,22029.9,2755.8,3339
EDSUBJ07,Ugboha,Esan South-East,Edo,23900.8,22569.5,2847.7,17434.1,2974.5,2596
EDSUBJ02,Ewatto,Esan South-East,Edo,15797.1,17354.6,2189.5,20136.8,2076.4,3020
JI2109,Tagoro,Malam Madori,Jigawa,13084.9,16636.2,3305.5,16528.1,2563.5,3704
EDSURM08,Egbele,Esan North-East,Edo,22815.5,24823.9,3048.6,41224.7,2721.6,6231
EDSUBJ06,Ohordua,Esan South-East,Edo,14400.3,16320.4,2056.2,16129.1,1865.4,2405
EDSUBJ09,Illushi,Esan South-East,Edo,12699.3,17495.8,2656.5,10731.9,4144.6,1732
EDSURM10,Uzea,Esan North-East,Edo,10933.3,9625.6,1186.2,12818.4,1299.1,1906
EDSURM06,Efandion,Esan North-East,Edo,27708.2,27316.5,3383.4,47526.8,3485.6,7486
EDSURM04,Eror / Arue,Esan North-East,Edo,9497.2,6841.8,842.1,15498.7,1142.7,2298
EDSURM11,Obeidu / Ivue,Esan North-East,Edo,12512.4,11316.0,1394.3,16571.9,1529.9,2474
EDSUSL01,Evbuotu,Egor,Edo,144527.5,183020.0,22558.5,155328.2,19825.2,23535
EDSUSL10,Ugbowo,Egor,Edo,67586.2,77302.1,9724.0,89304.2,9709.0,13422
KGSDAV07,Kuroko 11,Adavi,Kogi,8916.1,9078.2,1793.4,6406.2,2052.9,1151
KGSAJA09,Odonu / Ohegue,Ajaokuta,Kogi,5332.3,4407.9,792.1,1949.6,940.6,319
KGSAJA11,Patesi / Abodo,Ajaokuta,Kogi,3906.2,3634.4,653.1,2805.7,704.9,462
KGSAJA10,Ogigiri,Ajaokuta,Kogi,4785.6,2636.4,473.8,2192.0,850.0,358
KGSAJA03,Adogwu / Ogodo / Ohuovene,Ajaokuta,Kogi,5730.1,6775.1,1222.8,9039.6,1079.1,1498
KGSAJA08,Geregu,Ajaokuta,Kogi,158328.9,163119.8,28160.4,162508.0,27679.7,26933
KGSAJA02,Adogo,Ajaokuta,Kogi,2337.2,2386.9,428.9,1937.8,412.5,321
KGSAJA04,Ajaokuta,Ajaokuta,Kogi,47863.1,46150.0,8316.2,24656.4,9903.7,4160
KGSAJA14,Unosi / Ombo,Ajaokuta,Kogi,2613.3,2328.7,418.5,1744.8,462.5,285
KGSAJA07,Ebiya S,Ajaokuta,Kogi,12169.2,8678.2,1676.7,6557.4,8497.3,1078
KGSAJA01,Achagana,Ajaokuta,Kogi,4682.9,3601.1,647.1,3597.7,825.8,597
KGSAJA13,Ukpake,Ajaokuta,Kogi,1237.3,2095.8,376.6,2071.3,217.5,350
KGSAJA12,Ukpaja,Ajaokuta,Kogi,3555.9,1887.9,339.3,3092.7,628.0,505
KGSDAH09,Ugwoda,Idah,Kogi,15916.9,55385.8,9663.1,10910.4,7542.8,1786
KGSDAH02,Ega,Idah,Kogi,7108.1,5055.2,888.9,8109.5,1700.6,1532
KGSDAH08,Sabongari,Idah,Kogi,10889.0,9853.7,1732.6,13791.3,2013.6,2282
KGSDAV05,Karaworo,Adavi,Kogi,8913.2,11382.6,2250.1,8678.7,2234.5,1461
KGSDAV11,Uhucheba,Adavi,Kogi,4640.7,5960.8,1177.5,6441.2,1215.3,1304
KGSDAV09,Ogaminana Central,Adavi,Kogi,3127.1,4153.7,820.6,4148.8,801.0,815
KGSDAV04,Inoziomi / Osisipaku,Adavi,Kogi,13686.8,16437.9,3249.2,14197.9,3488.6,2572
KGSJMU10,Iyah / Ayeh,Ijumu,Kogi,13019.6,12633.0,2456.8,8878.7,2575.4,1526
KGSDAV06,Kuroko 1,Adavi,Kogi,4578.5,5145.8,1017.2,3558.5,1051.2,655
NISMKW08,Mokwa Central,Mokwa,Niger,24058.3,29587.3,5898.0,25448.6,5427.3,4615
KGSJMU05,Egbeda / Okedayo,Ijumu,Kogi,8225.6,7760.9,1516.9,3986.8,1710.7,675
KGSJMU12,Iyara,Ijumu,Kogi,28797.3,29997.1,5863.2,17765.4,5978.8,3077
KGSJMU07,Iffe / Ikoyi,Ijumu,Kogi,11335.9,10562.2,2064.5,6249.4,2328.0,1026
KGSJMU14,Okoro / Iga,Ijumu,Kogi,1862.0,1929.3,377.1,1226.9,410.2,209
ODSOET03,Epe,Ondo East,Ondo,5211.5,3507.5,457.8,3621.4,724.4,510
KGSJMU01,Aiyegunle / Iluhafon,Ijumu,Kogi,11911.0,9764.7,1805.3,12009.7,2224.0,2340
KGSJMU13,Ogale / Aduge,Ijumu,Kogi,6010.8,4836.8,917.3,10493.5,1163.6,1728
KGSJMU04,Ayere / Arimah,Ijumu,Kogi,13261.4,12816.6,2172.7,14069.8,2444.7,2359
KGSJMU15,Okoro / Odokoro / Araromi,Ijumu,Kogi,14055.4,12654.0,2442.5,14573.4,2823.5,2509
KGSJMU09,Ileteju / Origa,Ijumu,Kogi,3845.0,3679.6,704.3,5634.6,749.2,991
KGSJMU06,Ekinrinade,Ijumu,Kogi,24437.6,26005.9,5081.4,17860.1,5117.0,3061
KGSJMU08,Ilare / Igbolaere,Ijumu,Kogi,5891.0,6452.9,1261.3,4824.8,1316.2,879
80208,Nasarawa,Bakura,Zamfara,14319.2,15147.3,3035.9,8831.5,2915.0,1563
KGSKPA05,Ankpa Township,Ankpa,Kogi,59071.1,59580.0,11633.2,64695.8,12204.3,11980
NISMSG05,Kuluho,Mashegu,Niger,5692.3,7305.6,1550.4,9223.0,1193.0,1493
NISNAS02,Auna,Magama,Niger,7359.4,10603.9,2186.6,9029.7,1495.2,1462
NISSRP01,Beni,Munya,Niger,10645.7,7882.3,1595.2,9117.0,2120.6,1478
NISSRP03,Dangunu,Munya,Niger,18248.5,18049.8,3387.2,24177.3,3304.2,4062
NISSRP08,Kabulla,Munya,Niger,15825.7,19579.7,3784.7,24200.7,3000.9,3947
NISSRP11,Sarki Power,Munya,Niger,7154.1,7515.2,1346.4,8634.4,1236.1,1400
NISWSH03,Gwarijiko,Wushishi,Niger,9777.0,6695.1,1398.7,7685.9,2013.3,1320
ODSAKS01,Apomu,Akure South,Ondo,20207.3,14985.9,1973.5,20880.8,2630.5,2846
ODSAKS10,Oshodi,Akure South,Ondo,2393.9,1944.5,256.1,3965.9,355.0,760
ODSAKS07,Oda,Akure South,Ondo,68182.2,59918.0,7895.8,82882.7,8802.9,11293
KN0807,Gwarabjawa,Dambatta,Kano,41393.2,62614.2,12486.6,60593.2,8203.4,12595
ODSAKS04,Ijomu,Akure South,Ondo,2260.9,1753.8,230.5,4745.7,321.6,836
ODSANW04,Arigidi 2,Akoko North West,Ondo,30747.2,34352.7,3984.1,21009.8,3895.6,2881
ODSOSE09,Imeri,Ose,Ondo,336.1,163.6,19.6,56.9,45.2,8
ODSAKS09,Oke-Aro,Akure South,Ondo,154055.9,154094.6,20292.4,231862.3,20074.4,32633
ODSANW08,Ogbagi,Akoko North West,Ondo,33549.9,46791.6,5414.7,23366.6,4962.5,3464
ODSANW03,Arigdi 1,Akoko North West,Ondo,22730.2,34655.9,4013.9,14605.7,3048.8,2022
ODSANW06,Ikaram / Erusu,Akoko North West,Ondo,30772.7,47362.4,5481.8,14421.8,4034.7,1950
41805,Gafiya,Kaita,Katsina,20471.2,19259.8,4050.1,20925.0,4246.3,4247
ODSANW01,Affa / Aje / Ido,Akoko North West,Ondo,22404.4,17521.4,2027.6,10258.7,3274.2,1462
ODSOET09,Owena,Ondo East,Ondo,3165.6,2793.6,364.6,2532.5,456.7,338
ODSOSE11,Okeluse,Ose,Ondo,13908.8,11731.3,1464.7,11709.0,1840.2,1609
ODSOSE05,Ifon Ward 1,Ose,Ondo,19627.3,20700.9,2584.4,12202.3,2560.3,1663
ODSOSE03,Idoani 2,Ose,Ondo,13738.0,14011.2,1749.2,8798.4,1833.3,1205
ODSOSE07,Ijagba Ward,Ose,Ondo,7374.6,8987.3,1123.4,6503.8,916.8,895
ODSOSE06,Ifon Ward 2,Ose,Ondo,16842.5,13411.4,1674.3,10422.4,2252.9,1395
ODSOSE01,Afo,Ose,Ondo,12232.0,15859.3,1980.0,9170.4,1551.6,1241
ODSOSE02,Idoani 1,Ose,Ondo,33077.8,37792.8,4718.7,31048.7,4287.5,4250
ODSOSE04,Idogun,Ose,Ondo,8823.1,10901.1,1361.1,5944.8,1098.2,813
ODSOSE12,Ute,Ose,Ondo,19090.8,22446.8,2802.4,21392.3,2417.3,3075
ODSOSE08,Ikaro / Elegbeka,Ose,Ondo,33248.2,24736.4,3088.8,28459.1,4235.9,4101
BYSKMK10,Sagreia,Kolokuma/Opokuma,Bayelsa,9021.2,11962.6,1468.3,11961.9,1673.3,3026
ODSASE07,Isua Ile 1,Akoko South East,Ondo,2624.1,2739.8,326.4,1281.6,346.6,171
ODSASE08,Isua Oke,Akoko South East,Ondo,19943.0,20369.0,2470.9,11306.5,2583.0,1555
ODSASE04,Ipe 1,Akoko South East,Ondo,7827.3,9827.5,1170.9,4415.2,996.7,598
ODSASE09,Isua-Ile 2,Akoko South East,Ondo,3395.1,4800.6,572.0,2958.4,462.0,423
ODSASE03,Ifira,Akoko South East,Ondo,13217.3,17558.4,2092.1,8681.2,1597.5,1174
ODSASE02,Epinmi-2,Akoko South East,Ondo,11892.5,7778.6,926.8,5042.0,1559.8,678
ODSASE06,Ipesi,Akoko South East,Ondo,7018.2,7805.5,946.4,3831.0,960.4,514
ODSASE11,Sosan,Akoko South East,Ondo,3601.9,3883.3,462.7,1603.5,443.9,214
ODSASE10,Isua-Ile 3,Akoko South East,Ondo,7087.0,7838.1,933.9,4787.8,941.5,672
ODSASE05,Ipe 2,Akoko South East,Ondo,11979.2,14794.8,1762.8,8251.3,1642.3,1160
ODSASE01,Epinmi-1,Akoko South East,Ondo,8436.8,10339.7,1232.0,4878.2,1122.3,658
ODSPUP08,Ilutitun-2,Okitipupa,Ondo,11677.4,8973.3,1141.0,12654.9,1675.1,2026
10205,Lassa,Askira Uba,Borno,11853.4,13172.8,2467.9,17220.2,2171.1,2520
ODSANE13,Oyinmo,Akoko North East,Ondo,10725.9,6822.6,794.9,5626.9,1411.8,759
ODSPUP06,Ikoya / Oloto,Okitipupa,Ondo,13455.9,11720.6,1488.2,12098.0,1814.5,1845
ODSANE01,Edo,Akoko North East,Ondo,20800.3,23959.0,2791.2,11718.2,2707.0,1588
ODSODI07,Koseru,Odigbo,Ondo,5017.1,8710.7,1211.5,7738.7,694.1,1180
ODSPUP09,Ilutitun-3,Okitipupa,Ondo,15236.2,14389.7,1829.4,16668.7,2261.0,2609
ODSPUP11,Odeaye-1,Okitipupa,Ondo,19776.9,17577.3,2270.2,24811.4,2860.8,3912
ODSPUP12,Okitipupa 1,Okitipupa,Ondo,50880.6,75454.5,9594.8,68026.9,7748.5,10214
ODSPUP02,Ereekiti / Ijuodo,Okitipupa,Ondo,39006.5,38421.6,4885.7,38279.6,5544.2,5933
ODSPUP07,Ilutitun-1,Okitipupa,Ondo,9761.8,8629.4,1097.3,9261.3,1423.9,1515
ODSPUP10,Odeaya-2,Okitipupa,Ondo,16042.1,16481.4,2095.8,16356.1,2247.5,2474
ODSPUP03,Erinje,Okitipupa,Ondo,13071.4,15247.6,1938.9,14223.8,1787.6,2252
ODSPUP04,Igbotako 1,Okitipupa,Ondo,2630.2,1176.6,150.0,3673.0,349.1,500
ODSPUP05,Igbotako 2,Okitipupa,Ondo,7097.1,2987.9,379.9,11499.1,931.9,1897
ODSPUP01,Ayeka,Okitipupa,Ondo,66840.0,81304.7,10339.8,58167.5,9834.0,8035
ODSPUP13,Okitipupa 2,Okitipupa,Ondo,36879.1,47059.7,5984.1,43428.7,5245.6,6021
ODSODI11,Ore-2,Odigbo,Ondo,11140.5,14956.1,2079.0,14628.8,1556.0,2519
ODSOET04,Fagbo,Ondo East,Ondo,5108.5,5404.7,706.1,4396.3,758.6,633
ODSODI10,Ore-1,Odigbo,Ondo,111733.6,100815.4,14028.6,224543.7,17228.0,35505
ODSODI01,Ayesan,Odigbo,Ondo,2610.0,2346.1,301.7,2611.3,328.7,387
ODSODI02,Agbabu,Odigbo,Ondo,26647.4,35085.7,4870.9,30197.6,3822.3,4435
ODSODI04,Ajue,Odigbo,Ondo,30856.6,32681.2,4545.9,35278.9,4368.9,5379
ODSODI09,Oniparaga,Odigbo,Ondo,44228.6,38872.1,5405.0,69094.5,6471.4,11402
ODSODI03,Ago-Alaye,Odigbo,Ondo,11354.7,17573.1,2445.3,15080.9,1580.3,2336
ODSODI06,Ebijaw,Odigbo,Ondo,1369.2,1553.6,215.4,1495.8,191.1,217
10711,Kafa Mafi,Damboa,Borno,7225.9,893.9,169.0,205.4,1364.8,29
ODSODI05,Araromi-Obu,Odigbo,Ondo,11430.1,16167.1,2229.7,13538.3,1616.8,2032
KN3802,Darmanawa,Tarauni,Kano,35930.9,65597.7,11474.0,44383.5,11322.9,14132
ODSOWO09,Isaipen,Owo,Ondo,48324.9,27229.3,3495.2,52717.8,6581.7,7315
ODSOWO02,Ehinogbe,Owo,Ondo,14709.2,9839.7,1263.0,19734.1,2210.3,3123
ODSOWO08,Ipele,Owo,Ondo,30051.9,71934.3,9187.4,28671.5,4026.8,4349
42607,Machika,Mani,Katsina,20613.4,17035.8,3636.4,21212.8,4346.7,4665
ODSOWO06,Ijebu 1,Owo,Ondo,34747.5,13243.3,1699.9,36459.5,4647.6,5032
ODSOWO03,Idasen,Owo,Ondo,48666.8,73912.0,9484.0,43322.2,6399.8,6006
ODSOWO10,Iyere,Owo,Ondo,34449.5,36708.9,4709.0,35643.5,4586.3,4870
KN0411,Ranka,Bebeji,Kano,29377.0,28563.2,5714.7,29092.4,5869.5,5604
ODSOWO07,Ijebu 2,Owo,Ondo,51602.3,55379.1,7104.5,61746.0,6873.5,8525
DTSAGB01,Abavo Central,Ika South,Delta,2339.1,3058.2,374.9,6118.0,277.8,948
DTSAGB10,Ozanogogo / Ihuozomor (Ozanogogo Alisimie),Ika South,Delta,14103.9,14991.6,1838.8,20574.3,1674.8,3006
DTSAKU04,Illah,Oshimili North,Delta,13180.9,13143.3,1707.0,22601.2,1653.6,3575
DTSAKU01,Atuma Akwukwu-Igbo,Oshimili North,Delta,17375.1,18265.8,2369.2,31761.1,2168.9,4696
DTSAYB06,Mbiri,Ika North East,Delta,12265.1,11081.3,1305.1,8234.8,1472.3,1207
DTSAKU02,Ebu,Oshimili North,Delta,7902.9,7021.5,911.6,11807.5,999.5,1794
DTSAKU06,Okpanam / Ugbolu,Oshimili North,Delta,98287.2,103221.2,13430.6,165081.0,12345.9,24411
DTSAKU07,Ukalla / Anwalo,Oshimili North,Delta,7909.9,5701.6,681.1,8737.4,922.2,1274
DTSAKU10,Umuodafe,Oshimili North,Delta,14714.2,13775.9,1795.5,18528.3,1853.3,2713
DTSSAP06,Elume,Sapele,Delta,16006.0,15097.8,2073.4,13604.4,2176.5,2016
DTSALA03,Ekete,Udu,Delta,30916.2,30032.3,3993.9,56827.2,4109.3,9253
DTSALA07,Orhuwhorun,Udu,Delta,51458.2,54816.8,7275.9,86933.9,6978.5,14419
DTSALA01,Aladja,Udu,Delta,26050.1,23490.8,3006.7,30371.4,3741.0,5683
DTSALA05,Ogbe Udu,Udu,Delta,14006.5,12609.2,1674.1,24794.2,1882.8,3956
DTSASB07,Umuagu,Oshimili South,Delta,46311.7,51827.6,6770.3,60274.5,5925.7,9187
DTSASB10,Umuonaje,Oshimili South,Delta,12696.1,11010.9,1438.4,17947.1,1888.9,3258
DTSASB06,Ugbomanta,Oshimili South,Delta,14373.2,12340.7,1612.1,17843.5,2015.4,2652
DTSASB01,Akuebolu,Oshimili South,Delta,14405.2,14699.5,1814.0,19157.7,3254.7,3191
DTSAYB12,Umunede,Ika North East,Delta,37382.3,37552.5,4422.6,31743.4,4988.8,4813
DTSDSZ12,Ozoro 2,Isoko North,Delta,20251.3,21113.5,2618.3,30547.3,2586.2,5645
NISMAK03,Bosso 2 Central,Bosso,Niger,14262.9,18355.7,3169.1,21792.0,2448.5,3567
DTSDSZ08,Owhe 2,Isoko North,Delta,19533.4,17284.5,2143.5,24016.9,2425.0,3836
DTSDSZ04,Iyede 2,Isoko North,Delta,10345.1,8672.3,1075.5,13204.8,1249.0,2058
DTSDSZ13,Ozoro 3,Isoko North,Delta,33962.2,34136.9,4233.4,50302.0,4281.1,8886
DTSDSZ02,Emevor,Isoko North,Delta,14677.2,15147.9,1878.5,18310.7,1769.8,2853
DTSDSZ11,Ozoro 1,Isoko North,Delta,5552.9,6187.6,767.3,7755.2,675.3,1166
DTSDSZ10,Oyede,Isoko North,Delta,3370.1,4819.8,623.1,7511.8,417.5,1321
DTSDSZ07,Owhe 1,Isoko North,Delta,28978.9,29893.5,3707.2,34651.2,3520.4,5449
DTSKPE05,Mereje,Okpe,Delta,10955.1,7948.7,997.0,13807.2,1360.3,2185
DTSDSZ03,Iyede 1,Isoko North,Delta,15304.2,14839.4,1840.2,22089.8,1861.6,3737
DTSDSZ09,Owhe 3,Isoko North,Delta,14297.3,13545.5,1679.8,16335.2,1725.5,2568
DTSGWK08,Ubulu-Uku 2,Aniocha South,Delta,15419.0,13558.6,1842.3,16345.5,2017.5,2426
DTSGWK07,Ubulu-Okiti,Aniocha South,Delta,9134.7,9160.4,1233.6,13201.4,1168.7,1955
DTSKPE09,Oviri-Okpe,Okpe,Delta,3221.5,4054.9,508.8,5832.8,393.0,952
DTSJRT03,Ewu 2,Ughelli South,Delta,27674.0,37714.8,4915.8,29129.2,3901.4,5134
DTSKPE10,Ughoton,Okpe,Delta,46480.3,35066.0,4395.1,53077.7,6535.1,8776
DTSKPE08,Orerokpe,Okpe,Delta,23981.3,31791.1,3992.6,44959.9,2952.6,7214
DTSKPE07,Okwabude,Okpe,Delta,6895.5,6324.4,793.7,10471.3,842.5,1623
DTSPTN01,Abari,Patani,Delta,4926.4,7783.1,991.3,4360.4,930.7,653
DTSKWC05,Kwale,Ndokwa West,Delta,10689.4,9317.6,1168.5,14304.0,1291.3,2186
DTSKWC01,Abbi 8,Ndokwa West,Delta,13513.9,11619.7,1457.2,14885.8,1682.4,2426
DTSLEH03,Enwhe,Isoko South,Delta,12886.3,15431.9,1893.6,13608.5,1799.8,2763
DTSLEH02,Emede,Isoko South,Delta,23544.8,28976.1,3555.5,27908.5,3287.6,5385
DTSLEH10,Umeh / Erowha,Isoko South,Delta,9566.3,10044.8,1233.8,10536.4,1300.6,2120
DTSPTN10,Uduophori,Patani,Delta,6214.8,8798.9,1120.7,7293.9,1067.8,1233
DTSPTN07,Patani 4,Patani,Delta,7701.0,10239.7,1304.0,8456.4,1941.4,1687
DTSLEH11,Uzere,Isoko South,Delta,31666.6,29756.0,3669.9,29876.7,4965.8,6036
DTSLEH08,Oleh 2,Isoko South,Delta,39535.6,54599.7,6699.7,52295.2,5836.4,11354
ABSHAF09,Ania,Ohafia,Abia,36503.3,33184.5,3897.0,25787.3,4350.1,4941
ABSHAF11,Isiama / Uduma,Ohafia,Abia,53308.5,63172.4,7418.5,42759.7,7000.9,7664
DTSPTN08,Patani 5,Patani,Delta,10621.7,14977.2,1907.6,10782.9,1854.9,1881
DTSPTN03,Buluangiama,Patani,Delta,5549.1,9156.2,1166.1,6805.1,974.2,1288
DTSLEH04,Igbide,Isoko South,Delta,59839.2,64635.7,7931.2,55510.6,9139.7,10541
DTSLEH09,Olomoro,Isoko South,Delta,31592.9,39238.5,4814.8,32908.6,4364.2,5596
DTSLEH07,Oleh 1,Isoko South,Delta,22505.9,27338.4,3355.1,24475.6,2980.1,3708
DTSPTN02,Agoloma,Patani,Delta,5574.2,7730.5,984.3,4511.3,1316.5,790
DTSPTN06,Patani 3,Patani,Delta,6998.4,12449.9,1585.7,9491.9,1780.7,2458
DTSPTN04,Odorubu,Patani,Delta,13184.6,24504.0,3121.0,14543.6,2289.0,2687
DTSPTN05,Patani 2,Patani,Delta,5002.5,4518.3,566.8,4684.8,882.7,757
DTSSLK08,Onicha-Olona,Aniocha North,Delta,22025.0,14317.4,1578.5,14976.3,2435.1,2200
DTSSLK07,Obomkpa,Aniocha North,Delta,4051.1,4816.8,531.1,5751.1,430.6,838
DTSSLK06,Obior / Onicha-Uku,Aniocha North,Delta,7160.9,5320.7,590.7,7234.1,797.7,1071
DTSSLK10,Ugbodu,Aniocha North,Delta,5478.4,12895.9,1421.8,18863.6,581.9,2827
DTSSLK04,Issele-Uku 1,Aniocha North,Delta,10239.0,17922.3,1976.0,25549.2,1184.4,4173
DTSSLK03,Issele-Mkpitime,Aniocha North,Delta,8632.4,6299.7,694.5,9228.1,918.6,1393
DTSSLK02,Idumuje-Unor,Aniocha North,Delta,12202.5,15882.1,1751.0,22742.9,1325.3,3394
70809,Gulani,Gulani,Yobe,7532.0,7561.9,1481.7,14601.6,1461.8,2348
DTSWRC04,Madangho,Warri South-West,Delta,14155.6,14621.6,1811.9,7761.5,2698.8,1199
NISSUL09,Magajiya,Suleja,Niger,10428.6,22700.3,4223.8,12859.6,5073.2,2654
NISSUL10,Wambai,Suleja,Niger,5255.5,5911.8,1100.0,1790.9,1463.5,296
TRSARD07,Mallum,Ardo-Kola,Taraba,14603.0,3344.0,607.2,24133.2,2634.3,3879
RVSABM13,Aktward 13,Akuku Toru,Rivers,5312.0,20963.7,2518.1,5752.2,3219.5,938
DTSWRC01,Ajudaibo,Warri South-West,Delta,5444.1,5961.3,738.7,2298.0,1205.2,351
ABSACH05,Ebemoha,Arochukwu,Abia,11040.9,8317.8,941.9,8049.3,1363.4,1397
NISMAK04,Chachanga,Bosso,Niger,28482.3,20260.3,3863.4,43937.6,5331.9,7526
NISMAK10,Shatta,Bosso,Niger,21877.9,19220.4,3662.6,45020.1,4109.8,8289
ABSACH09,Eleoha Ututu,Arochukwu,Abia,25472.3,11458.0,1307.6,15565.4,3372.9,2531
TRSARD03,Bakin Dutse,Ardo-Kola,Taraba,2963.5,2656.3,482.3,7700.9,528.3,1237
TRSARD10,Zangon Kombi,Ardo-Kola,Taraba,11792.2,4814.9,884.8,25222.2,2161.0,4051
TRSARD08,Mayo Renewo,Ardo-Kola,Taraba,14239.1,10003.4,1945.6,17956.2,2778.8,2893
TRSDGA05,Gyata Aure,Donga,Taraba,20709.6,14884.0,2884.1,15323.8,3980.9,2807
NISKAG10,Tegina Central,Rafi,Niger,43016.0,29142.6,5944.1,37198.1,8709.5,6069
RVSBNY06,Boward 6,Bonny,Rivers,5756.1,10744.8,1166.2,5472.4,1077.0,841
TRSARD04,Iware,Ardo-Kola,Taraba,9461.4,9370.6,1701.5,27320.2,1686.7,4391
TRSDGA07,Kumbo,Donga,Taraba,28711.4,33944.4,6667.0,31019.3,5564.2,5012
TRSDGA03,Fada,Donga,Taraba,4056.2,3141.3,608.7,2496.1,774.0,403
TRSDGA08,Mararaba,Donga,Taraba,16049.8,23430.2,4540.1,23059.6,3047.2,3739
TRSDGA04,Gayama,Donga,Taraba,14487.4,12956.1,2510.8,25463.6,2751.6,4147
TRSDGA09,Nyita,Donga,Taraba,6168.8,4097.7,800.2,8783.5,1184.8,1412
TRSDGA10,Suntai,Donga,Taraba,3142.7,1253.2,242.8,1706.4,596.7,274
TRSGAS01,Gassol,Gassol,Taraba,17079.1,16673.2,3223.1,22298.6,3247.8,3590
KGSMPA10,Takete / Otafun,Mopa-Muro,Kogi,2665.0,3159.9,532.9,8194.6,443.8,1498
KGSERE10,Oke Egbe 1,Yagba West,Kogi,1255.2,241.2,42.6,331.8,324.1,54
TRSKLD02,Bikwin,Karim Lamido,Taraba,18721.1,24295.7,4796.4,33809.2,3621.0,5431
TRSKLD04,Jen Ardido,Karim Lamido,Taraba,13623.8,19661.5,3881.6,26009.8,2635.1,4367
TRSKLD05,Jen Kaigama,Karim Lamido,Taraba,12358.0,11965.3,2362.2,27894.6,2390.3,4516
KGSMPA02,Aiyedayo / Aiyedero,Mopa-Muro,Kogi,1594.8,1369.5,225.6,1617.6,255.4,264
TRSKLD01,Bachama,Karim Lamido,Taraba,10627.6,14990.2,2959.3,23506.6,2055.6,3787
BA1412,Gugulin,Misau,Bauchi,26299.0,25288.7,5040.9,29770.3,5166.4,5967
40406,Hui,Baure,Katsina,30676.0,32206.2,6698.7,36612.8,6534.6,7689
BA1405,Ajili,Misau,Bauchi,22617.5,25538.4,5090.7,33602.3,4492.2,6915
BA1409,Sirko,Misau,Bauchi,20664.0,15391.7,3068.1,25301.2,4088.3,4935
NISKUT07,Gijiwa / Kato,Shiroro,Niger,9147.6,11738.1,2320.6,12776.8,1785.3,2092
NISKUT14,She / Gunu,Shiroro,Niger,35513.1,39841.6,7904.2,49203.6,6959.0,8083
OSSAME07,Ipole,Atakunmosa East,Osun,1736.7,1627.5,198.0,4263.5,207.7,624
RVSABM14,Aktward 14,Akuku Toru,Rivers,18304.0,67540.7,8112.7,14133.3,9560.8,2124
RVSABM15,Aktward 15,Akuku Toru,Rivers,832.0,3727.8,447.8,1266.9,513.5,319
RVSABM03,Aktward 3,Akuku Toru,Rivers,17152.0,58470.8,7028.0,10783.5,7241.5,1574
RVSABU01,Aboward 1,Abua/Odual,Rivers,21708.9,69643.3,8287.7,16607.9,8113.1,2819
RVSABU02,Aboward 2,Abua/Odual,Rivers,6592.0,19366.7,2305.0,4217.3,2455.5,702
RVSABU06,Aboward 6,Abua/Odual,Rivers,4396.9,12367.9,1472.2,3610.2,1509.3,619
RVSABU12,Aboward 12,Abua/Odual,Rivers,18496.0,57982.0,6901.5,13109.8,8056.6,2083
RVSABU09,Aboward 9,Abua/Odual,Rivers,6034.4,17025.6,2026.4,3987.7,2073.7,673
RVSABU05,Aboward 5,Abua/Odual,Rivers,3633.9,10570.1,1258.0,2717.1,1219.6,478
RVSABU08,Aboward 8,Abua/Odual,Rivers,3840.6,12447.3,1480.9,3300.3,1372.3,772
RVSAFM04,Oyward 4,Oyigbo,Rivers,5087.0,4905.1,632.4,8389.2,638.3,1094
RVSAFM03,Oyward 3,Oyigbo,Rivers,16001.6,17044.1,2197.6,41557.3,2007.9,6168
RVSAFM02,Oyward 2,Oyigbo,Rivers,5256.8,5827.9,750.5,9183.4,658.9,1243
RVSGGU07,Bolo 1,Ogu Bolo,Rivers,832.0,7000.1,868.0,1291.5,1190.7,380
RVSBGM11,Astward 11,Asari-Toru,Rivers,12844.4,85127.2,9666.0,9337.6,12347.0,1440
RVSBGM05,Astward 5,Asari-Toru,Rivers,1216.0,10499.8,1188.7,970.3,1029.8,201
RVSBGM02,Astward 2,Asari-Toru,Rivers,1088.0,11142.5,1255.1,947.4,1447.9,175
RVSBGM01,Astward 1,Asari-Toru,Rivers,2624.0,8698.1,1044.8,1251.0,1159.7,163
RVSBGM08,Astward 8,Asari-Toru,Rivers,6097.1,21349.5,2547.5,2669.4,4218.2,352
RVSBGM04,Astward 4,Asari-Toru,Rivers,5824.0,45183.1,5091.0,4877.2,6015.5,717
RVSBGM12,Astward 12,Asari-Toru,Rivers,2369.8,2121.3,278.7,1733.0,1019.7,293
RVSBGM13,Astward 13,Asari-Toru,Rivers,10057.8,85178.4,9646.7,6493.8,10347.4,941
RVSBNY12,Boward 12,Bonny,Rivers,1708.3,2793.3,303.2,817.9,320.4,106
RVSBRR19,Wiiyaakara,Khana,Rivers,28472.6,32623.9,3722.8,23867.4,3241.7,3203
RVSBRR12,Opuoko,Khana,Rivers,13892.3,13634.8,1555.9,12426.9,1696.5,1725
RVSBRR02,Okwali,Khana,Rivers,3622.4,4521.2,515.9,2269.4,408.1,295
RVSBRR18,Bangha,Khana,Rivers,44587.3,45775.4,5266.1,34158.7,6478.7,5343
RVSBRR14,Kpean,Khana,Rivers,19427.6,22169.2,2529.8,17945.1,2273.3,2824
RVSBRR03,Betem,Khana,Rivers,13031.5,13886.5,1596.9,14132.4,1486.4,1932
RVSBRR10,Bane,Khana,Rivers,37660.1,60288.0,7240.7,31967.7,6030.9,4845
RVSBRR07,Kono,Khana,Rivers,150.1,997.5,126.9,45.6,20.1,6
RVSBRR04,Zaakpon,Khana,Rivers,5007.0,6249.8,793.5,10010.2,618.3,1311
RVSDEG05,Deward 5,Degema,Rivers,5871.1,23769.5,2855.1,6135.1,3204.5,1528
RVSBRR09,Gwara,Khana,Rivers,57773.7,63439.3,7239.2,52748.3,7435.5,7623
RVSBRR16,Lueku,Khana,Rivers,17923.8,21021.1,2398.8,15630.2,2110.2,2160
RVSDEG10,Deward 10,Degema,Rivers,704.0,1620.0,171.3,1167.5,254.6,240
RVSDEG16,Deward 16,Degema,Rivers,542.9,1643.4,197.4,320.1,124.3,45
RVSDEG12,Deward 12,Degema,Rivers,627.5,1098.0,116.1,708.6,176.7,116
RVSDEG15,Deward 15,Degema,Rivers,384.0,2926.1,351.5,1312.0,241.9,221
RVSDEG08,Deward 8,Degema,Rivers,1271.8,3747.9,409.5,1935.9,394.8,414
RVSDEG07,Deward 7,Degema,Rivers,3188.8,7067.1,769.1,2739.8,993.3,404
RVSDEG11,Deward 11,Degema,Rivers,923.1,2670.9,316.4,418.1,263.0,60
RVSDEG14,Deward 14,Degema,Rivers,516.1,4088.5,491.1,634.3,91.0,85
RVSDEG09,Deward 9,Degema,Rivers,6606.2,10103.7,1077.7,3742.6,1179.8,545
RVSDEG02,Deward 2,Degema,Rivers,4032.0,16314.0,1959.6,3471.8,1897.3,473
RVSGGU12,Ele,Ogu Bolo,Rivers,45464.8,133980.0,15491.3,22201.2,18406.0,3032
RVSGGU01,Kurukuru,Ogu Bolo,Rivers,1879.8,1987.5,226.2,1716.5,423.6,270
RVSGGU05,Bolo 3,Ogu Bolo,Rivers,3694.1,16604.2,1993.6,1584.1,1380.0,241
RVSGGU09,Bolo 2,Ogu Bolo,Rivers,2112.0,17182.3,2131.3,1385.4,3200.5,222
RVSGGU02,Ofiomani,Ogu Bolo,Rivers,244.2,81.1,9.2,1119.9,71.3,146
RVSGGU06,Bolo 4,Ogu Bolo,Rivers,3520.0,28325.4,3513.5,1623.2,5871.8,213
RVSGGU03,Lokomauru,Ogu Bolo,Rivers,1582.5,1186.4,135.1,556.8,391.2,75
RVSGGU10,Omodara,Ogu Bolo,Rivers,5985.3,5953.3,686.5,2728.3,1114.6,355
RVSKPR11,Goward 11,Gokana,Rivers,6805.1,17057.4,2074.8,7644.1,1681.3,1408
RVSKPR09,Goward 9,Gokana,Rivers,12795.8,31905.0,3896.3,9368.1,3442.5,1635
RVSKPR10,Goward 10,Gokana,Rivers,10337.7,23933.2,2911.1,7225.7,2593.3,1118
RVSKPR14,Goward 14,Gokana,Rivers,11798.8,26874.5,3116.2,8916.0,3109.3,1334
RVSKPR02,Goward 2,Gokana,Rivers,3383.1,5443.4,662.1,1303.1,845.0,169
RVSKPR06,Goward 6,Gokana,Rivers,7416.2,9240.8,1056.0,7787.9,901.4,1510
RVSKPR12,Goward 12,Gokana,Rivers,19212.3,39561.2,4812.0,13480.8,4395.6,2028
RVSKPR15,Goward 15,Gokana,Rivers,4168.4,10998.5,1336.3,4709.7,2153.0,912
RVSKPR16,Goward 16,Gokana,Rivers,9344.8,19860.5,2408.2,6343.7,2245.1,905
RVSKPR01,Goward 1,Gokana,Rivers,12460.7,29112.1,3541.1,10703.8,3619.4,1728
RVSKPR05,Goward 5,Gokana,Rivers,18351.5,40880.3,4972.5,14418.7,4274.2,2172
RVSKPR07,Goward 7,Gokana,Rivers,10675.4,12954.1,1478.2,9692.9,1254.7,1521
RVSKPR03,Goward 3,Gokana,Rivers,9577.7,17945.4,2180.1,4715.0,2403.6,665
RVSKPR17,Goward 17,Gokana,Rivers,6488.5,13582.3,1650.2,4503.7,1721.6,711
RVSKPR04,Goward 4,Gokana,Rivers,19557.3,48351.2,5881.2,17041.0,4538.4,2564
RVSKPR13,Goward 13,Gokana,Rivers,17664.0,38827.4,4722.6,12458.5,7201.2,1930
RVSKRK04,Okward 4,Okrika,Rivers,4907.7,11285.8,1193.2,6717.6,1319.7,1337
RVSKRK08,Okward 8,Okrika,Rivers,8903.6,11625.2,1269.6,9040.5,1855.7,1365
RVSKRK10,Okward 10,Okrika,Rivers,26956.3,61288.7,6480.0,39644.1,8737.0,6778
RVSKRK07,Okward 7,Okrika,Rivers,15702.3,34701.6,3936.5,10890.8,5159.7,1776
RVSKRK03,Okward 3,Okrika,Rivers,4787.8,10439.8,1103.8,5592.9,1295.5,1272
RVSKRK09,Okward 9,Okrika,Rivers,3821.1,6515.9,688.9,2455.9,1152.0,356
RVSKRK01,Okward 1,Okrika,Rivers,1709.0,2681.9,283.6,1875.4,420.5,422
RVSKRK11,Okward 11,Okrika,Rivers,5245.8,11213.8,1185.6,5960.6,1751.3,1072
RVSMHA06,Emward 6,Emuoha,Rivers,9938.0,16246.6,2015.2,10195.9,3005.4,1757
RVSPHC10,Phward 10,Port-Harcourt,Rivers,3648.0,8657.8,915.4,5022.5,737.3,950
RVSPHC07,Phward 7,Port-Harcourt,Rivers,4501.2,11141.8,1178.0,5536.0,1186.2,802
RVSPHC15,Phward 15,Port-Harcourt,Rivers,33280.8,58869.7,6309.6,33539.8,6480.5,4909
RVSPHC05,Phward 5,Port-Harcourt,Rivers,11105.4,23633.5,2498.7,16316.2,3750.3,3821
RVSPHC08,Phward 8,Port-Harcourt,Rivers,7835.5,18701.6,1977.3,11456.0,1896.0,2178
RVSPHC03,Phward 3,Port-Harcourt,Rivers,36752.3,80782.3,8541.0,42534.1,10285.7,7747
RVSRUM13,Obward 13,Obio/Akpor,Rivers,67487.8,61804.5,7441.6,131880.1,8747.5,19639
KN0207,Gagarame,Albasu,Kano,43352.4,42310.0,8269.5,45611.6,8391.8,7758
KN3303,Doka Dawa,Rimin Gado,Kano,21431.0,21627.8,4306.7,19082.2,4227.2,3388
RVSSKN10,Tward 10,Tai,Rivers,7045.6,7895.6,978.6,7833.9,861.4,1047
RVSSKN08,Tward 8,Tai,Rivers,33360.6,43633.5,5300.8,19356.8,5153.7,2670
RVSSKN06,Tward 6,Tai,Rivers,8996.9,10733.1,1303.9,3747.5,1916.9,503
RVSSKN03,Tward 3,Tai,Rivers,13211.0,19960.0,2353.7,9629.4,1674.6,1275
RVSSKN09,Tward 9,Tai,Rivers,22676.8,22353.4,2554.6,12825.9,2830.9,1708
RVSSKN07,Tward 7,Tai,Rivers,23742.9,30699.5,3705.0,13931.5,4151.6,1914
RVSSKN05,Tward 5,Tai,Rivers,16071.1,20550.3,2496.4,9002.1,2961.1,1226
50604,Gawasu Demana,Birnin Kebbi,Kebbi,8638.2,10208.5,1998.2,12657.1,1656.8,2472
BNSJUX04,Idelle,Oju,Benue,30648.6,21007.4,3744.8,21461.5,5335.0,3021
RVSBRR13,Kaani,Khana,Rivers,19387.2,19436.2,2217.9,17118.1,2474.4,2334
RVSBRR08,Bori,Khana,Rivers,21982.9,21424.6,2458.1,15144.3,3116.8,2353
RVSPBT10,Opward 10,Opobo/Nkoro,Rivers,512.0,3044.8,378.1,927.9,162.3,169
RVSPBT11,Opward 11,Opobo/Nkoro,Rivers,640.0,1716.7,213.2,795.6,292.8,222
12103,Badairi,Marte,Borno,15370.2,9458.4,1795.4,3955.8,3672.5,568
DTSKPE04,Evwriyen,Okpe,Delta,5680.5,5207.5,653.4,8329.2,693.3,1235
10709,Ajigin B,Damboa,Borno,4227.2,1004.6,189.6,166.6,783.3,24
DTSEFR06,Ohorhe,Uvwie,Delta,21315.9,23105.7,3153.5,34589.6,2877.2,5996
DTSEFR07,Ugbomro,Uvwie,Delta,37046.6,47873.4,6440.0,64827.7,4957.7,10226
DTSEFR10,Urhumarhu,Uvwie,Delta,11007.9,9005.6,1222.7,14862.2,1825.5,2999
DTSWWR04,Esisi,Warri South,Delta,27621.0,41574.1,5326.4,39109.7,4303.8,6208
DTSLEH05,Irri 10,Isoko South,Delta,12774.3,15321.3,1884.2,16914.0,1695.8,3164
51007,Kambaza,Gwandu,Kebbi,10966.7,9222.2,1801.4,10473.5,2094.8,2024
OYSATIB05,Irawo Opara,Atisbo,Oyo,2253.2,893.4,120.1,1418.5,294.4,200
BYSNEM08,Ogbolomabiri 1,Nembe,Bayelsa,4992.0,16886.5,2130.2,4240.6,2243.0,731
ODSOET02,B-Duro,Ondo East,Ondo,9424.8,10677.6,1393.6,6327.2,1551.8,919
BYSNEM02,Basambiri 2,Nembe,Bayelsa,5184.0,16117.3,2033.2,4335.1,3052.7,722
ODSOET05,Igba,Ondo East,Ondo,30378.0,44915.4,5861.7,23368.9,4610.2,3213
ODSOET07,Oboto,Ondo East,Ondo,10354.1,11112.2,1450.3,7721.6,1544.9,1105
BYSNEM01,Basambiri 1,Nembe,Bayelsa,6080.0,18494.7,2333.1,5715.2,2947.4,1205
BYSNEM11,Okoroma 1,Nembe,Bayelsa,5936.4,14215.0,1790.4,5005.9,2909.5,889
12206,Gashigar,Mobbar,Borno,12602.2,10503.7,1944.3,12641.5,2268.8,1831
ODSODI08,Odigbo,Odigbo,Ondo,55671.5,50864.8,7087.2,79392.5,8115.6,11818
BYSKMK01,Igbedi,Kolokuma/Opokuma,Bayelsa,6357.7,7466.5,917.1,7819.5,1067.7,1373
51009,Maruda,Gwandu,Kebbi,19876.4,21342.6,4365.5,15023.1,4000.8,2888
BYSKMK08,Opokuma North,Kolokuma/Opokuma,Bayelsa,10035.1,11426.2,1402.4,10170.4,1634.9,1760
BYSKMK04,Odi Central,Kolokuma/Opokuma,Bayelsa,5159.0,6550.1,803.9,4462.1,645.4,590
BYSKMK09,Opokuma South,Kolokuma/Opokuma,Bayelsa,5557.4,7491.3,919.7,7484.5,875.4,1382
KN4204,Kadawa,Ungogo,Kano,39154.1,38910.8,7917.2,88008.0,7882.7,21855
EDSGAR03,Enwan-Aye-Ikpeshi,Akoko-Edo,Edo,33173.6,40329.3,5178.2,26375.4,5075.0,4326
ODSOET10,Tekunle,Ondo East,Ondo,4090.0,3561.5,467.1,3590.9,591.0,485
EDSGAR04,Ugbogbo,Akoko-Edo,Edo,19107.6,26393.8,3384.3,16391.5,2991.7,2508
EDSGAR07,Lampese,Akoko-Edo,Edo,31455.6,33373.7,4493.6,21619.3,5824.6,3383
NISSUL01,Bagama A,Suleja,Niger,39378.2,76264.7,14190.6,37876.0,17420.5,6387
NISWSE04,Ijakoro,Tafa,Niger,2931.9,1120.8,218.4,2110.2,559.9,347
NISWSE01,Dogon Kurumi,Tafa,Niger,12583.3,14620.5,2754.0,7811.7,2374.0,1294
EDSGAR01,Uffa-Akuku,Akoko-Edo,Edo,44535.8,59372.6,7613.0,31760.4,7345.1,4892
KN0501,Badume,Bichi,Kano,60086.1,73923.9,14950.8,75250.3,12579.0,14762
EDSGAR08,Uneme,Akoko-Edo,Edo,7452.0,9600.9,1265.2,7116.5,1084.0,1084
EDSGAR06,Ibillo,Akoko-Edo,Edo,57440.6,60353.3,7738.3,48040.0,8723.3,8054
BYSKMK07,Okoloba,Kolokuma/Opokuma,Bayelsa,4318.2,3917.1,480.8,3495.8,731.3,466
EBSSKA01,Akaeze Ukwu,Ivo,Ebonyi,17577.4,19313.7,2232.7,8462.0,2367.8,1452
ENSDBR08,Ndeaboh,Aninri,Enugu,47683.1,44855.7,5474.6,14381.4,5852.5,2239
AKSABT05,Awa 1,Onna,Akwa Ibom,42857.1,50428.2,6215.1,14805.7,5675.7,1833
KD0206,Kuriga,Chikun,Kaduna,8980.0,6959.2,1203.8,10461.0,1545.6,2135
JI1901,Andaza,Kiyawa,Jigawa,20232.0,19886.8,4239.2,34438.2,4270.1,6912
ODSIRL08,Irele-4,Irele,Ondo,17903.9,17400.7,2274.9,13596.9,2762.7,1982
DTSEFR03,Ekpan 9,Uvwie,Delta,19789.2,18952.4,2600.8,30942.7,2771.5,4740
ODSIRL05,Irele 1,Irele,Ondo,11527.9,9570.4,1251.2,7898.0,1595.9,1095
EDSGAR09,Okulusho,Akoko-Edo,Edo,28820.6,36764.7,4714.1,24011.6,4420.5,3712
EDSGBZ08,Ora,Ovia South-West,Edo,9548.1,8640.7,1196.6,13346.1,1280.2,2014
ODSOET01,Asantan,Ondo East,Ondo,10809.2,11945.5,1564.8,8496.6,1526.4,1171
ODSIRL03,Akotogbo 1,Irele,Ondo,6994.7,9531.9,1254.1,10117.0,1405.6,1519
ODSIRL06,Irele-2,Irele,Ondo,12235.5,12846.7,1699.4,12897.4,2100.5,1891
ODSIRL09,Irele-5,Irele,Ondo,89029.2,136840.9,17888.6,92401.1,16304.2,13747
ODSIRL02,Ajagba 2,Irele,Ondo,852.2,637.1,82.4,156.8,117.0,21
EBSSKA03,Amaeze / Akaeze Ishiagu,Ivo,Ebonyi,1141.6,241.9,28.9,159.5,141.1,27
ABSUNC10,Lokpanta,Umu-Nneochi,Abia,18601.7,7796.0,887.6,14711.1,2090.2,2391
ODSIRL04,Akotogbo 2,Irele,Ondo,9463.0,9565.1,1288.0,9656.4,1715.7,1323
ODSIRL07,Irele-3,Irele,Ondo,9414.2,9337.1,1236.9,9408.1,1341.3,1451
DTSEFR05,Enerhen 4,Uvwie,Delta,10682.4,8602.2,1168.3,13239.1,1595.0,2111
ODSIRL01,Ajagba 1,Irele,Ondo,2114.9,2229.5,291.5,1099.6,281.6,147
DTSEFR09,Ugboroke,Uvwie,Delta,14645.4,11992.8,1645.9,22301.8,2046.6,3637
12105,Gumna,Marte,Borno,3332.7,3404.8,639.0,452.4,691.2,65
BNSDKP09,Onyagede Ehaje,Ohimini,Benue,13198.6,14290.3,2789.3,16199.2,2596.9,2424
52108,Senchi,Zuru,Kebbi,42724.3,52845.2,10605.3,42615.5,8414.2,8252
12508,Shehuri,Ngala,Borno,5610.8,14958.6,2898.3,3446.0,1625.8,501
70402,Fika Anze,Fika,Yobe,26221.1,28203.5,5260.8,23712.8,5407.8,4618
70708,Gujba,Gujba,Yobe,46590.3,50425.0,9229.5,55406.7,8391.7,9120
JI1009,Matara Babba,Guri,Jigawa,10107.8,10675.2,2098.5,9937.7,2073.5,2532
50808,Kyangakwai,Dandi,Kebbi,18921.1,19666.6,3965.7,12514.7,3770.6,2396
70605,Kusur,Geidam,Yobe,30234.6,13190.6,2413.9,22374.3,5446.0,3730
12004,Furram,Magumeri,Borno,7153.5,6952.2,1312.9,6987.0,1333.0,1003
71601,Bultuwa,Yunusari,Yobe,25455.1,11833.2,2194.5,23373.4,4664.5,3917
50106,Jiga Birni,Aleiro,Kebbi,4658.2,5159.0,1055.0,4122.7,932.9,798
70610,Ma'anna,Geidam,Yobe,26528.4,17867.6,3269.8,25069.1,4778.4,4455
10213,Wamdeo Giwi,Askira Uba,Borno,10274.6,12945.4,2415.3,16833.2,1869.2,2475
51809,Giro,Suru,Kebbi,13921.8,12326.7,2444.9,5952.2,2793.1,1142
BA2018,Mainako South,Zaki,Bauchi,18576.2,21256.7,4241.8,18901.6,3658.6,4237
12210,Zari,Mobbar,Borno,15178.5,11988.4,2192.2,23757.0,2732.6,3542
80106,Matseri,Anka,Zamfara,20192.1,13585.0,3031.5,8546.4,4635.3,1488
TRSGAS11,Wuryo,Gassol,Taraba,40161.8,23152.6,4475.6,45069.2,7990.4,7248
BA1305,Dewu,Kirfi,Bauchi,13774.1,13234.1,2732.8,18063.0,2818.4,4014
GMSKWM01,Bojude,Kwami,Gombe,23669.0,37474.5,7557.5,25692.9,5703.7,5334
OGSOBE14,Ibafo,Obafemi Owode,Ogun,49289.5,47283.1,6668.6,192898.9,6723.5,25278
50710,Zogirma,Bunza,Kebbi,17620.0,16365.4,3324.0,13729.4,3527.5,2681
KN0604,Chirin,Bunkure,Kano,19321.4,23388.9,4821.1,24737.8,3983.3,4864
51403,Gubunkure,Maiyama,Kebbi,14011.0,13230.1,2697.9,11808.2,2868.0,2361
OGSOBE15,Magboro,Obafemi Owode,Ogun,48124.3,44019.3,6241.0,141016.4,6614.0,17766
11609,Konduga,Konduga,Borno,6491.6,6388.5,1166.7,23090.5,1169.7,4966
51005,Gwandu Marafa,Gwandu,Kebbi,12336.9,12692.0,2596.1,12601.9,2494.4,2451
51401,Andarai,Maiyama,Kebbi,24344.5,37574.4,7658.0,18523.9,5846.9,3716
KN2107,Sharada,Kano Municipal,Kano,22313.4,52819.1,8900.7,29441.9,12034.3,9973
BA1217,Nasarawa A,Katagum,Bauchi,14988.8,19854.3,3856.3,18286.6,2864.0,4175
KGSLAM02,Efabo,Olamaboro,Kogi,15231.6,17223.6,3218.7,31248.0,2785.3,5207
BA0715,Kore,Gamawa,Bauchi,10729.3,18620.9,3699.0,16710.1,2212.5,3865
OSSILA01,Ajaba,Ila,Osun,7967.7,7068.4,885.6,12164.0,970.5,1631
10306,Bogomari,Bama,Borno,59371.0,76120.0,14726.8,18546.7,13426.8,2665
BNSBGT08,Ai-Oono 3,Ogbadibo,Benue,37274.2,33307.7,6191.1,53171.9,6781.5,7520
50708,Tilli Hilema,Bunza,Kebbi,20292.9,16949.8,3464.4,17667.9,4150.1,3430
50509,Matsinkai Geza,Bagudu,Kebbi,15185.9,12484.3,2507.1,13811.3,3048.5,2656
12108,Kulli,Marte,Borno,6044.3,12384.4,2355.2,1423.9,1232.5,204
10710,Gumsuri,Damboa,Borno,33795.0,48027.7,9085.7,18560.9,7020.2,2772
51807,Dandiya Shema,Suru,Kebbi,11143.9,10388.2,2077.9,7014.0,2547.2,1405
10803,Dikwa,Dikwa,Borno,45282.8,111971.8,21337.5,46888.6,21338.4,10405
50602,Dangaladima,Birnin Kebbi,Kebbi,9852.2,10010.9,1945.5,11813.8,1939.3,2608
51111,Kimba,Jega,Kebbi,26488.6,31246.0,6123.7,15610.6,6150.6,3191
70803,Bularafa,Gulani,Yobe,18885.4,20896.6,4055.9,37905.2,3579.7,7242
51308,Takware,Koko-Besse,Kebbi,9099.5,11332.5,2288.9,5947.7,1891.4,1139
OSSOIE05,Ijebu Jesa,Oriade,Osun,42759.0,45692.2,5458.8,50441.0,5235.9,7420
12312,Zulum,Monguno,Borno,1590.8,795.7,144.4,288.6,368.6,41
BA0717,Taranka,Gamawa,Bauchi,29877.2,25145.2,4949.0,26756.0,5781.9,5071
80909,Maradun South,Maradun,Zamfara,30934.4,39219.5,7919.7,10735.6,7896.9,1872
12106,Kabulawa,Marte,Borno,3704.1,4661.4,852.6,1317.7,943.0,189
51805,Dakin Gari,Suru,Kebbi,35984.9,41550.1,8293.9,24831.5,7392.8,4833
11408,Guwo,Kaga,Borno,2274.3,2950.7,552.2,2836.1,419.5,407
11413,Tobolo,Kaga,Borno,1963.1,1557.3,291.4,1028.5,362.1,148
BA1215,Madachi,Katagum,Bauchi,20634.4,11002.6,2163.0,24056.9,4021.4,4719
70804,Bumsa,Gulani,Yobe,10427.4,16623.8,3257.3,25606.5,2015.4,5204
81401,Dole,Zurmi,Zamfara,22325.2,15537.2,3154.7,9474.7,4939.8,1814
OSSIDO03,Aworo,Ifedayo,Osun,3060.4,4361.4,512.7,2300.6,576.8,328
BNSPKG12,Ugbokolo,Okpokwu,Benue,17960.0,19024.6,3597.6,27591.5,3401.5,4118
80403,Gwashi,Bukkuyum,Zamfara,54225.2,41157.7,9296.1,28205.5,12063.6,4916
80102,Bagega,Anka,Zamfara,35179.7,33923.7,6855.4,21344.5,7261.7,3845
OSSOIE08,Ikeji Ira,Oriade,Osun,2736.1,2430.9,290.7,3241.6,339.0,491
OSSOIE02,Erin Jesa,Oriade,Osun,12458.8,13338.8,1594.9,14580.2,1542.3,2248
70801,Bara,Gulani,Yobe,15121.6,13906.1,2724.8,24270.2,2928.7,4172
70103,Katuzu,Bade,Yobe,9213.0,10842.2,2094.6,8569.6,2503.9,1801
12009,Kupti,Magumeri,Borno,12556.6,4541.0,857.6,5562.2,2340.3,799
OSSOIE12,Iwoye Jesa,Oriade,Osun,6263.4,5686.3,675.2,6196.4,739.8,863
OSSOBN02,Esa Oke,Obokun,Osun,33436.7,31627.1,3752.5,45953.8,3869.6,7335
50510,Sharabi Kwanguwai,Bagudu,Kebbi,13851.6,15087.8,3005.0,13055.4,2785.2,2571
51001,Cheberu,Gwandu,Kebbi,19434.0,24684.6,4941.6,23425.3,3802.6,4507
12305,Mintar,Monguno,Borno,31884.7,42179.2,7665.7,25094.8,8809.4,4102
10302,Amchaka,Bama,Borno,15587.6,1590.0,307.9,1141.3,3137.5,164
BA0513,Gabarin West,Darazo,Bauchi,21193.9,22026.9,4504.0,24007.1,4408.2,5171
12104,Borsori,Marte,Borno,7421.0,1998.6,374.4,82.2,1782.0,12
51803,Barbarejo,Suru,Kebbi,14003.4,15069.7,3018.2,14709.9,2774.7,2826
OSSEGO10,Popo,Ejigbo,Osun,20162.3,21682.7,2573.0,25624.3,2356.1,3456
BNSBGT04,Ai-Oodo 1,Ogbadibo,Benue,12406.4,10365.0,1919.0,17846.2,2239.7,2589
11404,Dongo,Kaga,Borno,1820.8,2322.3,434.6,2541.9,335.9,365
BA2003,Gadai,Zaki,Bauchi,20008.9,16795.6,3351.9,22118.3,3941.4,4417
81204,Jangebe,Talata Mafara,Zamfara,38072.3,38433.0,7706.9,19265.4,9264.6,3428
51405,Karaye,Maiyama,Kebbi,19445.3,27654.2,5969.3,18143.1,5200.3,3831
51304,Dada Alelu,Koko-Besse,Kebbi,10301.2,12957.0,2617.0,8498.4,2104.9,1636
50615,Zauro,Birnin Kebbi,Kebbi,18972.3,16911.3,3353.1,14591.5,4059.0,3014
OYSIRO09,Ikolaba,Irepo,Oyo,4873.8,3679.7,487.3,5677.0,630.9,800
71609,Kafiya,Yunusari,Yobe,15569.9,19536.3,3638.1,27008.1,2867.4,4823
BA1211,Gangai,Katagum,Bauchi,21151.2,15778.4,3064.6,31367.0,4052.1,5968
51801,Aljannare,Suru,Kebbi,22716.0,23894.6,4800.8,20468.0,4524.4,3919
80407,Ruwan Jema,Bukkuyum,Zamfara,23414.2,21127.7,4756.8,9232.6,5200.0,1605
OYSIBE09,Oke Otun,Ibarapa East,Oyo,2202.4,1640.6,196.9,1359.5,256.1,192
10107,Kudokurgo,Abadam,Borno,8889.6,11798.0,2198.8,4406.4,1819.0,636
OSSOIE06,Ikeji Arakeji,Oriade,Osun,23155.4,25270.1,2979.2,22894.5,3323.3,3271
51201,Hirishi-Magarza,Kalgo,Kebbi,10655.3,7971.1,1619.5,5914.7,2138.0,1156
51306,Lani Shiba,Koko-Besse,Kebbi,16999.8,20054.7,4158.8,13933.2,3948.5,2710
50910,Peni Peni,Fakai,Kebbi,11637.1,13372.4,2726.9,6717.3,2337.4,1286
OYSIDO06,Idiya / Batake,Ido,Oyo,1161.3,855.1,109.0,6243.1,143.0,898
51205,Kalgo,Kalgo,Kebbi,30290.5,25269.6,4913.0,20378.6,5875.4,4004
BNSBGT05,Ai-Oodo 2,Ogbadibo,Benue,13992.4,14392.4,2657.5,26334.9,2522.6,3722
ENSENZ15,Umuozzi 10,Igbo-Eze North,Enugu,10884.8,16428.4,2393.8,13937.8,1777.1,2169
OSSOIE04,Erinmo Jesa,Oriade,Osun,17032.9,16585.2,1983.0,17278.0,2085.8,2368
OSSIDO02,Asa-Oni,Ifedayo,Osun,3354.7,4223.5,624.7,4387.6,609.0,650
11505,Kala,Kala Balge,Borno,18780.4,14662.3,2882.0,1551.1,4685.0,223
BA1208,Chinade,Katagum,Bauchi,18611.2,18189.4,3539.0,29636.9,3558.5,7026
80203,Yarkofoji,Bakura,Zamfara,14029.6,12718.7,2615.7,9925.4,3630.7,1949
CRSBJE03,Buentsebe,Boki,Cross River,18895.1,30466.7,3880.8,10999.8,2971.2,1333
11414,Wassaram,Kaga,Borno,3468.8,4923.4,903.5,3890.3,615.2,572
BA0414,Minchika,Dambam,Bauchi,12578.8,6157.9,1271.3,7498.9,2576.7,1417
BNSBGT01,Agboriko,Ogbadibo,Benue,22212.7,18415.6,3478.9,31253.9,4085.3,4448
50908,Fakai Kuka,Fakai,Kebbi,20339.1,21033.3,4289.1,14192.7,4085.3,2718
80910,Tsibiri,Maradun,Zamfara,9488.6,10935.3,2216.1,6405.7,2121.3,1131
50303,Felande,Argungu,Kebbi,18991.6,20949.8,4168.1,17589.8,3755.7,3437
NISKUT13,Pina / Kolu,Shiroro,Niger,18871.7,27046.6,5347.1,27027.4,3683.1,4419
NISWSE06,New Bwari,Tafa,Niger,7821.0,10012.5,1688.3,5501.5,1325.2,890
NISPAK05,Jere,Paikoro,Niger,16336.0,15861.4,3156.1,18392.9,3208.0,2997
NISPAK11,Tutungu Jedina,Paikoro,Niger,37788.0,40730.0,8104.1,45848.7,7432.1,7516
NISSUL07,Kurmi Sarki,Suleja,Niger,255.2,20.1,3.9,713.0,48.3,115
51409,Mungadi,Maiyama,Kebbi,28594.1,20443.5,4186.5,13608.0,6392.5,2671
51207,Mutubari,Kalgo,Kebbi,5661.6,5175.7,1051.7,4182.4,1201.9,814
70105,Zango,Bade,Yobe,6857.5,5473.6,1019.7,12178.2,1297.1,4300
OSSOIE09,Iloko Ijeda,Oriade,Osun,22354.5,25795.3,3077.4,23094.3,2687.8,3153
50611,Maurida,Birnin Kebbi,Kebbi,18543.5,22337.8,4521.8,24501.7,3688.3,4785
11503,Jarawa,Kala Balge,Borno,8451.3,11447.2,2259.1,2779.7,2951.5,418
80611,Uban Dawaki,Gummi,Zamfara,12867.0,13834.5,2823.8,14576.8,2762.0,2741
BA0412,Fagarau,Dambam,Bauchi,8862.1,9556.9,1973.1,6796.6,1831.1,1280
50301,Alwasa,Argungu,Kebbi,30447.3,27755.1,5522.1,20912.0,6008.5,4059
12012,Titiwa,Magumeri,Borno,18626.1,5034.1,956.0,17784.3,3476.0,2554
51602,Dankolo,Sakaba,Kebbi,10145.3,10471.7,2153.7,11366.8,2053.9,2200
50205,Falde,Arewa Dandi,Kebbi,7631.2,6596.9,1359.2,6032.9,1549.4,1176
80110,Yarsabaya,Anka,Zamfara,15646.2,17377.2,3505.4,7989.7,3254.7,1470
70707,Wagir,Gujba,Yobe,26685.1,25284.7,4421.0,33100.6,4636.3,5604
JI1002,Adiyani,Guri,Jigawa,7201.7,12401.0,2431.4,11259.7,1433.9,3356
OSSBOE09,Oke-Baale,Boripe,Osun,17940.9,31438.1,3748.3,12999.0,3583.6,1833
12110,Musune,Marte,Borno,9802.1,19618.9,3731.0,1865.8,2365.6,268
OSSINH10,Yakoyo,Ife North,Osun,18328.1,6060.0,697.0,22282.1,2223.3,3040
50707,Salwai,Bunza,Kebbi,12545.5,14883.7,2985.1,8487.3,2695.7,1648
11111,Ngoshe,Gwoza,Borno,13669.3,15423.7,2948.9,3685.3,2798.5,565
NISSUL06,Iku 2 / Iku South 2,Suleja,Niger,6632.5,12160.4,2291.5,8854.7,2483.6,1480
51203,Diggi,Kalgo,Kebbi,8355.0,11683.1,2374.1,9027.7,1669.5,1799
12604,Gajiram,Nganzai,Borno,19950.6,34270.7,6917.8,31372.9,4050.2,5638
DTSKPE02,Adeje,Okpe,Delta,23097.6,18577.2,2331.4,31892.8,2822.3,4971
KGSDAV10,Okunchi / Anyoke,Adavi,Kogi,13310.4,16156.7,3193.5,11024.0,3613.3,1822
TRSARD01,Alin Gora,Ardo-Kola,Taraba,3374.9,3291.5,597.7,9234.7,601.7,1483
ENSENZ06,Umuozzi 9,Igbo-Eze North,Enugu,9478.8,18837.8,2459.3,12758.9,1200.8,1994
FCTABC06,Jiwa,Municipal Area Council,Fct,110578.0,126589.3,18252.5,95715.5,16992.8,15657
TRSKLD06,Karim A,Karim Lamido,Taraba,11549.1,23118.5,4564.0,20700.5,2233.8,3357
FCTABC04,Gwagwa,Municipal Area Council,Fct,94636.0,89947.5,12969.2,109205.9,15841.2,18563
FCTBWR06,Kubwa,Bwari,Fct,113734.0,104195.0,15741.9,114382.0,20726.5,18512
TRSKLD03,Darofai,Karim Lamido,Taraba,17802.3,16249.3,3207.9,31946.3,3443.3,5139
OSSIDO08,Isinmi,Ifedayo,Osun,498.0,437.8,51.4,395.7,74.0,52
OSSIDO07,Co-Op,Ifedayo,Osun,5832.6,9633.6,1212.0,5881.2,1079.0,920
BA0404,Yanda,Dambam,Bauchi,17572.2,20555.6,4204.9,15773.5,3533.2,3024
OSSIDO01,Akesin,Ifedayo,Osun,2462.6,2444.1,287.2,1103.7,417.7,144
KN1003,Dawaki West,Dawakin Tofa,Kano,12040.6,14410.1,2937.7,15268.7,2970.9,4107
41004,Mazoji A,Daura,Katsina,16138.0,23490.4,4796.7,15082.3,3931.5,4023
FCTBWR02,Byazhin,Bwari,Fct,59430.4,59569.5,9927.1,58191.7,10764.2,8850
FCTGWA05,Ikwa,Gwagwalada,Fct,59028.8,74825.5,12680.0,57098.8,11689.4,8937
TRSARD09,Tau,Ardo-Kola,Taraba,6764.2,4240.5,774.7,16291.6,1224.6,2625
KD1102,Iddah,Kagarko,Kaduna,63257.2,71724.3,14242.6,66607.8,12568.1,11480
NISKNT08,Masuga,Kontagora,Niger,28735.0,28918.2,5507.2,42094.0,5371.8,6833
NISNAS03,Ibelu,Magama,Niger,23145.0,24550.8,5053.2,37138.0,4707.2,6246
NISKNT11,Tunga Wawa,Kontagora,Niger,9919.8,14869.5,2818.1,23375.6,1846.4,4061
NISKNT10,Rafin Gora,Kontagora,Niger,4921.8,7318.7,1387.0,10775.9,916.1,1827
NISBDA02,Chenian,Bida,Niger,32159.7,23773.0,4619.1,24245.5,8307.7,4208
TRSKLD09,Muri A,Karim Lamido,Taraba,18083.6,11215.4,2206.0,28368.1,3492.1,4793
TRSGAS05,Namnai,Gassol,Taraba,37253.0,46083.8,8923.9,41323.0,7097.8,6642
TRSKLD10,Muri B,Karim Lamido,Taraba,49896.4,35473.1,7002.5,74884.5,9649.2,12076
NISKNT09,Ngwamatse,Kontagora,Niger,15667.9,13961.9,2646.8,15910.4,2957.3,2592
OSSIDO04,Ayegunle,Ifedayo,Osun,5103.0,8015.8,953.4,5863.7,879.3,919
KGSJMU11,Iyamoye / Igbopin,Ijumu,Kogi,26296.2,14762.2,2659.7,16381.3,5318.0,3007
ODSANW09,Oke-Irun,Akoko North West,Ondo,14783.9,11477.2,1328.1,9611.6,2197.8,1373
ODSANW10,Oyin / Oge,Akoko North West,Ondo,23535.6,19830.4,2294.8,10238.5,3518.2,1441
ODSANW07,Odo-Irun,Akoko North West,Ondo,15739.1,5976.3,691.6,8834.3,2205.3,1247
KGSDAV02,Egge / Irivochinomi,Adavi,Kogi,3608.6,2700.6,533.9,1530.7,805.8,256
BNSTKP02,Adoka Icho,Oturkpo,Benue,49415.4,45949.7,8161.7,41807.6,8963.4,6230
NISKUT05,Erena,Shiroro,Niger,29838.3,22698.6,4487.5,30518.4,5823.4,5192
NISLMU04,Edozigi,Gbako,Niger,7887.2,10376.9,2113.3,9424.5,1588.8,1703
NISMKW04,Jebba,Mokwa,Niger,63365.4,70164.7,13987.4,46197.3,14681.5,7975
ODSANW02,Ajowa / Igasi,Akoko North West,Ondo,36435.5,59579.3,6908.2,17891.2,4607.7,2390
NISMKW11,Raba Ndayako,Mokwa,Niger,48266.4,66812.2,13318.8,41435.1,10269.2,7260
KGSKKH02,Ikuehi,Okehi,Kogi,8142.8,10596.2,2093.4,9338.5,1996.3,1650
OYSSET09,Oke Sebe,Saki East,Oyo,1346.8,1389.2,177.8,3413.6,167.0,488
10108,Yau,Abadam,Borno,6624.6,8616.1,1618.7,4505.2,1329.6,647
DTSBMA01,Akugbene 1,Bomadi,Delta,5213.0,7024.8,914.4,5052.3,1388.5,1140
DTSBMA08,Ogbeinma / Okoloba,Bomadi,Delta,21224.8,22599.2,2934.8,19797.7,4989.3,4301
DTSBUR05,Ngbilebiri,Burutu,Delta,3380.3,8165.7,1049.9,5195.1,1160.5,817
DTSBUR11,Tuomo,Burutu,Delta,17377.4,37761.6,4894.8,19342.1,4988.0,3818
EDSABD12,Ugboko,Orhionmwon,Edo,21894.8,24476.8,3015.1,21843.8,2605.0,3248
GMSGME05,Dawaki,Gombe,Gombe,3589.8,170863.3,31155.5,3064.3,8679.2,639
GMSGME03,Bolari East,Gombe,Gombe,2303.5,63265.7,11532.2,1012.7,7907.2,192
GMSGME09,Nasarawo,Gombe,Gombe,1216.0,0.0,0.0,582.2,4442.7,116
OSSORU07,Olufon,Orolu,Osun,1306.6,762.0,92.6,652.1,160.2,85
OSSADE09,Otun Olufi,Ayedade,Osun,28890.7,2893.7,332.7,44246.2,3447.6,6345
NISKNT12,Usalle,Kontagora,Niger,13418.6,14990.9,2842.4,19188.5,2499.8,3219
ODSANW05,Ese / Afin,Akoko North West,Ondo,16899.6,11635.7,1346.5,8935.0,2327.3,1238
NISKNT05,Kudu,Kontagora,Niger,26860.8,23246.8,4405.7,35059.0,5322.4,6890
NISKNT06,Madara,Kontagora,Niger,18984.1,20921.7,3965.1,24001.5,3579.7,3937
50810,Maigwaza,Dandi,Kebbi,5030.6,4685.0,941.6,5739.0,998.6,1150
OSSADE05,Obalufon / Anlugbua,Ayedade,Osun,21330.6,2168.9,252.3,28470.5,2432.6,4230
OSSIAE03,Ifosan,Ilesha East,Osun,2922.5,3498.1,412.0,2354.8,358.4,307
ODSOWO11,Uso / Emure-Ile,Owo,Ondo,36116.1,32456.9,4098.2,42497.8,5014.9,6137
OYSOLA06,Lagbedu,Ogo Oluwa,Oyo,8268.3,7849.9,947.0,7549.8,985.0,1072
OYSOET09,Oke Apo,Oyo East,Oyo,3240.3,3891.2,488.4,2038.1,472.8,287
OYSSET10,Oke Taasi,Saki East,Oyo,647.2,634.5,81.2,1455.7,80.2,210
OSSIAE05,Ijoka,Ilesha East,Osun,26154.4,33062.5,3893.9,26763.0,3488.6,3537
NISKNT03,Gabas,Kontagora,Niger,29591.8,25335.1,4801.5,39784.4,5744.2,7202
NISKNT13,Yamma,Kontagora,Niger,31115.3,27911.7,5289.8,44495.5,6039.3,8482
NISBDA04,Kyari,Bida,Niger,32453.3,18248.7,3666.3,36229.3,6766.2,6572
NISWSH08,Maito,Wushishi,Niger,6680.6,5861.4,1224.5,6684.4,1375.6,1103
PLSMGU04,Chanso,Mangu,Plateau,8600.2,9971.6,1718.4,10362.6,1450.9,1570
OYSEGA01,Ajiwogbo,Egbeda,Oyo,16614.7,5304.2,644.6,54225.2,1947.0,7688
RVSAFM06,Oyward 6,Oyigbo,Rivers,19577.7,14276.3,1840.7,27851.4,2462.3,3710
OSSOIE03,Erin Oke,Oriade,Osun,5873.5,5301.0,633.8,5275.9,724.0,697
ABSBND17,Umuhu / Ezechi,Bende,Abia,0.0,17.0,1.9,4.8,0.0,1
OSSENH11,Sagba / Abogunde,Ede North,Osun,5825.0,6256.7,753.9,25112.3,678.0,3488
NISLAP09,Muye,Lapai,Niger,18460.7,12838.2,2594.4,18638.2,4116.5,3111
NISLAP06,Gupa,Lapai,Niger,8617.1,7063.4,1381.8,9925.8,1788.3,1682
NISLAP04,Ebbo,Lapai,Niger,16395.8,11526.5,2361.2,18501.0,3492.6,3075
NISAGA03,Ekobadeggi,Agaie,Niger,7527.0,7124.1,1475.4,8611.4,1826.0,2107
NISMKW10,Muwo / Gbajibo,Mokwa,Niger,62270.3,60949.8,12229.7,51483.9,13266.0,8460
NISRJA09,Tunga Bunu,Rijau,Niger,14009.2,13987.6,2798.9,22203.4,2750.8,3615
NISKAG01,Cikin Gari,Rafi,Niger,32812.3,27546.7,5618.6,33798.9,6679.2,5616
NISKAG02,Gunna Central,Rafi,Niger,23724.5,23768.9,4841.6,21649.9,4767.2,3524
NISLAP02,Birnin Maza,Lapai,Niger,39798.7,53175.3,10238.5,36268.9,7751.4,5898
NISAGR06,Kokoli,Agwara,Niger,4061.4,3559.6,771.2,7925.1,864.4,1328
NISLAP07,Kpada,Lapai,Niger,23086.4,18771.8,3773.0,26554.3,4597.6,4422
RVSNCH04,Eleward 4,Eleme,Rivers,14427.0,16450.9,1959.4,19173.9,1787.5,2699
CRSBRA06,Apiapum,Obubra,Cross River,4750.5,3730.0,496.1,1982.3,658.9,233
OSSAMW07,Muroko,Atakunmosa West,Osun,337.6,266.0,30.1,404.6,37.0,53
BNSBGT06,Ai-Oono 1,Ogbadibo,Benue,9548.0,14694.9,2777.8,12546.3,1758.3,1764
70307,Murfakalam,Damaturu,Yobe,4816.0,4673.9,809.7,13851.5,818.9,2359
BNSGMU03,Ekile,Ado,Benue,14543.5,12059.0,2394.6,7815.8,2833.5,1098
NISBDA11,Nasarafu,Bida,Niger,16784.3,37367.0,7338.5,21761.5,4293.7,3928
CRSBKS04,Ambai Ekpa,Bakassi,Cross River,8101.4,20863.9,2359.9,5848.2,3043.8,725
CRSCKK09,Ijiraga,Yala,Cross River,10274.5,6854.9,968.8,5856.2,1458.7,690
NISLMU10,Sojmajiko,Gbako,Niger,18120.0,25930.3,5275.8,19196.9,3633.2,3872
KGSDAV03,Idanuhua,Adavi,Kogi,4561.2,4681.7,925.5,2876.3,1123.6,473
NISMSG09,Mazakuka,Mashegu,Niger,27755.5,37101.3,7873.6,47179.1,5817.2,7657
NISWSH07,Lokogwoma,Wushishi,Niger,2180.4,2902.1,605.8,4186.7,448.6,788
NISWSH01,Akari,Wushishi,Niger,11021.6,11763.8,2457.6,13482.3,2269.5,2190
NISWSH10,Tukunji,Wushishi,Niger,10044.6,14649.8,3060.7,16169.7,2068.8,2641
DTSKPE06,Oha,Okpe,Delta,29114.0,30352.0,3811.4,45618.4,3750.9,7206
DTSKWC02,Abbi 9,Ndokwa West,Delta,28819.8,26693.8,3347.6,38531.9,3568.7,6416
DTSSLK09,Onicha-Ugbo,Aniocha North,Delta,25506.6,21788.0,2402.2,31307.4,2858.0,4781
ODSIDE02,Igbaraoke-1,Ifedore,Ondo,23909.1,36647.9,4200.2,18726.7,4152.5,3066
JI1808,Saleri,Kiri Kasama,Jigawa,8015.0,16119.3,3191.3,7985.1,2647.9,2041
AKSNTE03,Nto-Edino 4,Obot Akara,Akwa Ibom,24298.7,21173.8,2703.6,11832.3,3136.4,1466
AKSNYA05,Urban 1,Ika,Akwa Ibom,15402.3,6327.6,789.3,9431.6,1863.9,1171
AKSNYA08,Achan 3,Ika,Akwa Ibom,13859.4,8021.1,997.4,7887.6,1661.7,979
OSSIDO10,Temidire,Ifedayo,Osun,6482.3,8973.9,1054.6,4520.7,1089.1,640
AKSNYA03,Achan 1,Ika,Akwa Ibom,7394.5,5987.6,736.3,6710.0,883.6,831
AKSNYA09,Odoro 1,Ika,Akwa Ibom,12036.4,10503.2,1310.2,5077.1,1455.6,632
AKSNYA07,Ito 2,Ika,Akwa Ibom,7989.1,7740.9,965.6,5776.7,966.0,715
AKSNYA06,Odoro 2,Ika,Akwa Ibom,11590.1,22442.6,2799.7,8101.7,1411.9,1003
AKSNYA02,Achan 2,Ika,Akwa Ibom,8596.2,6231.3,777.3,3108.3,1039.5,385
50811,Shiko,Dandi,Kebbi,8744.0,8869.3,1782.5,7946.0,1729.1,1533
GMSAKK04,Kashere,Akko,Gombe,38089.7,35268.1,6953.8,59445.6,7397.8,12112
DTSWRC02,Akpakpa,Warri South-West,Delta,1615.9,3776.9,466.8,1381.5,274.5,201
AKSNYA04,Ito 1,Ika,Akwa Ibom,4251.5,2216.3,276.5,3081.4,514.1,382
AKSNYA10,Urban 2,Ika,Akwa Ibom,6867.9,4239.8,528.9,5203.3,830.4,649
DTSWRC08,Oporozo,Warri South-West,Delta,2195.4,6143.3,761.8,3407.5,407.6,499
DTSWRC09,Orere,Warri South-West,Delta,2481.6,6372.9,788.9,3484.6,464.0,522
AKSPNG01,Ndito Eka Iba,Ibeno,Akwa Ibom,19359.4,23967.8,2830.9,13207.3,2852.4,1726
AKSPNG07,Okposo,Ibeno,Akwa Ibom,17793.5,19631.9,2356.6,14900.5,2462.2,2168
AKSPNG04,Okoroutip,Ibeno,Akwa Ibom,3409.0,4544.4,533.4,4300.9,760.1,763
AKSPNG03,Ntafre,Ibeno,Akwa Ibom,17594.8,28259.4,3309.3,13026.1,3403.5,1834
NISMKW05,K / Takuma,Mokwa,Niger,13312.1,14995.2,2989.2,15312.0,2617.3,2741
EDSGAR05,Okpe,Akoko-Edo,Edo,18706.8,20609.6,2638.6,14198.6,2534.4,2162
ODSIRL10,Omi / Iyansan,Irele,Ondo,8074.9,9464.0,1306.0,12331.2,1112.1,1712
DTSBUR03,Eseinbiri,Burutu,Delta,5923.7,15131.7,1951.8,8222.5,1550.0,1637
AKSPNG02,Upenekang,Ibeno,Akwa Ibom,5441.2,7267.9,853.5,4034.1,977.7,553
OSSODN02,Baale Okuku,Odo Otin,Osun,11196.2,11140.0,1400.0,10939.5,1472.6,1547
RVSBRR17,Uegwere,Khana,Rivers,10143.9,11328.4,1292.7,9251.8,1233.3,1742
70910,Jakusko,Jakusko,Yobe,25230.2,30123.7,5736.5,25603.0,4736.3,4558
OSSBOLUW08,Oke Omi,Boluwaduro,Osun,10362.9,12303.2,1555.5,6907.2,1490.1,1020
OYSIBE02,Anko,Ibarapa East,Oyo,55711.5,63008.1,7560.0,35366.5,7200.0,5112
ANSACA05,Amanuke,Awka North,Anambra,5306.2,1163.4,138.3,5781.2,628.7,910
OSSILA04,Iperin / Eyindi,Ila,Osun,5780.6,5850.4,734.7,10036.5,704.8,1366
OYSAKE10,Olanla,Akinyele,Oyo,2301.5,2266.1,287.6,3012.0,283.4,428
AKSRNN09,Esin Ufot,Oron,Akwa Ibom,24582.0,30619.6,3863.6,27127.5,3595.6,3482
OSSOBN08,Imesi Ile,Obokun,Osun,12886.5,9286.0,1095.4,13430.3,1489.3,2107
CRSTGD09,Usumutong,Abi,Cross River,2789.8,5899.4,740.1,2689.0,340.7,369
OSSEDE07,Ikotun,Egbedore,Osun,3063.2,2780.0,331.6,3253.1,356.9,445
BA0111,Gwana,Alkaleri,Bauchi,60028.2,39656.3,7843.7,55999.3,11896.6,11024
AKSRNN07,Idua,Oron,Akwa Ibom,9216.4,11105.6,1401.3,12469.3,1968.7,1699
AKSRNN02,Eyo Bassey,Oron,Akwa Ibom,3456.0,47115.7,5416.4,5916.9,3023.6,894
AKSRNN01,Iquita,Oron,Akwa Ibom,1992.3,1875.8,236.7,1797.3,497.8,249
AKSRNN10,Ukpata,Oron,Akwa Ibom,16509.2,18910.7,2386.2,14500.1,2122.3,1797
TRSKLD07,Karim B,Karim Lamido,Taraba,11050.6,12099.4,2388.7,14844.7,2140.5,2401
DTSSLK05,Issele-Uku 2,Aniocha North,Delta,20181.8,26548.5,2927.0,37422.0,2235.5,5727
AKSTTU07,East Itam 3,Itu,Akwa Ibom,13400.5,6482.3,768.9,5872.8,1545.0,727
AKSAEE05,Ward 5,Etim Ekpo,Akwa Ibom,13438.0,11936.8,1453.4,5865.3,1594.7,726
NISKUT04,Egwa / Gwada,Shiroro,Niger,46676.2,37605.3,7472.9,57364.8,9174.8,9881
DTSASB11,West End,Oshimili South,Delta,18826.5,21510.1,2809.8,23815.7,2408.0,3478
KGSKAB12,Okedayo,Kabba/Bunu,Kogi,6149.6,3579.9,669.1,7982.0,1163.0,1358
EDSUBJ05,Emu,Esan South-East,Edo,25241.7,26245.3,3310.4,28917.5,3222.8,4311
AKSAFH10,Ekpenyong 2,Essien Udim,Akwa Ibom,15274.9,23663.6,2856.8,9290.7,1783.5,1150
DTSSLK01,Ezi,Aniocha North,Delta,6054.7,4310.8,478.0,6735.9,648.4,992
EDSUBJ03,Oria,Esan South-East,Edo,7138.8,25470.3,3280.5,17187.7,997.8,2553
KGSDAV08,Nagazi,Adavi,Kogi,165836.2,190861.5,36278.2,173611.7,34103.6,29046
AKSTTU05,East Itam 1,Itu,Akwa Ibom,6367.8,8141.3,965.6,9644.9,737.6,1204
51604,Gelwasa,Sakaba,Kebbi,13844.2,14539.2,2938.9,10641.0,2753.6,2038
10504,Garubula,Biu,Borno,37805.6,28506.6,5438.1,61465.7,7095.9,9375
10805,Muliye,Dikwa,Borno,7802.7,2752.3,543.7,1590.8,1934.0,228
10308,Goniri,Bama,Borno,7074.5,7718.6,1494.4,655.1,1548.8,94
BA0505,Lago,Darazo,Bauchi,31905.3,40210.9,8137.3,34556.6,6530.8,7654
50305,Gulma,Argungu,Kebbi,23198.5,17703.7,3522.3,16131.0,4922.8,3547
50705,Raha-Makeri,Bunza,Kebbi,19802.4,23967.7,4815.0,13981.4,4136.3,2713
AKSTTU04,West Itam 3,Itu,Akwa Ibom,10636.8,8847.7,1012.7,20424.5,1195.9,2680
51311,Herini Madachi,Koko-Besse,Kebbi,13081.1,16775.6,3378.6,10976.9,2631.2,2102
51908,Waje,Wasagu-Danko,Kebbi,83325.0,95672.9,20278.3,59154.8,17436.5,11390
10611,Whuntaku,Chibok,Borno,18910.4,17586.7,3526.2,17549.6,3852.9,2667
51010,Masama,Gwandu,Kebbi,24268.9,19523.4,3993.4,15334.2,4871.3,2944
BA1304,Baba,Kirfi,Bauchi,11501.8,11103.5,2252.5,10093.5,2327.2,2045
50703,Gwade,Bunza,Kebbi,16047.5,19198.9,3875.0,13695.5,3184.3,2632
70703,Dadingel,Gujba,Yobe,3854.8,2637.5,461.2,3555.6,660.3,580
50504,Illo Sabon Gari,Bagudu,Kebbi,32792.1,32612.6,6546.4,29707.7,6774.3,5781
BNSBKB13,Shorov,Buruku,Benue,9672.4,3012.2,581.0,32184.8,1829.3,4788
50801,Banizumbu,Dandi,Kebbi,16312.2,13894.2,2792.4,13981.9,3226.8,2677
BA2007,Murmur North,Zaki,Bauchi,12516.4,5131.1,1021.8,9328.7,2460.5,1868
DTSAYB05,Igbodo,Ika North East,Delta,27885.5,29002.6,3415.7,21570.3,3480.5,3163
ABSKWU19,Usaka,Ikwuano,Abia,2587.4,3069.3,334.6,2148.7,276.8,347
50402,Augie South,Augie,Kebbi,4479.7,5006.4,1020.6,4542.7,898.6,870
BA2017,Madufa,Zaki,Bauchi,10683.4,7926.1,1581.4,9401.5,2120.5,1987
80905,Gorar Namaye,Maradun,Zamfara,16478.9,24409.9,5016.6,12463.1,3874.8,2333
CRSTGD05,Adadama,Abi,Cross River,6269.5,5684.1,730.6,2137.3,792.6,251
DTSAYB07,Otolokpo,Ika North East,Delta,10185.9,11835.7,1393.9,8848.0,1196.1,1293
ODSIDE04,Ijare-1,Ifedore,Ondo,20102.5,25470.7,2922.4,12694.2,3068.8,1837
BA0908,Giade B,Giade,Bauchi,15827.0,16861.3,3405.7,15849.8,3175.5,3137
JI1801,Baturiya,Kiri Kasama,Jigawa,32467.5,33722.5,6672.0,21222.8,7728.9,5535
80606,Gayari,Gummi,Zamfara,25032.2,26134.4,5467.6,18629.8,5773.1,3340
OSSIAE06,Imo,Ilesha East,Osun,14866.6,15344.7,1809.6,10385.0,1903.1,1366
BA0115,Kungibar,Alkaleri,Bauchi,15358.6,18852.9,3700.0,16498.5,3109.7,3336
BA0501,Darazo East,Darazo,Bauchi,40824.8,50567.1,10346.0,41860.7,10109.1,9818
DTSAYB13,Ute-Ogbeje,Ika North East,Delta,5757.3,6309.1,753.4,5569.6,680.5,815
NISKHA08,Katcha,Katcha,Niger,31466.9,22981.4,4730.5,29183.0,9188.6,5429
DTSBKW08,Umuebu,Ukwuani,Delta,7989.0,8513.1,1059.8,10669.9,966.7,1679
DTSBKW05,Ezionum,Ukwuani,Delta,2640.9,2411.3,302.3,3492.0,319.0,566
AKSUFG10,Oruko 10,Urue Offong/Oruko,Akwa Ibom,2828.1,3033.1,377.6,1394.7,373.8,173
AKSUFG07,Urue Offong 4,Urue Offong/Oruko,Akwa Ibom,11080.4,12386.6,1547.5,4884.9,1416.9,605
AKSUFG09,Oruko 6,Urue Offong/Oruko,Akwa Ibom,3907.1,5404.2,674.2,2399.8,536.5,297
AKSUFG04,Urue Offong 1,Urue Offong/Oruko,Akwa Ibom,13451.3,17846.5,2198.7,8695.6,2120.3,1078
AKSUFG06,Oruko 8,Urue Offong/Oruko,Akwa Ibom,8921.5,10749.9,1341.1,4524.9,1139.9,560
AKSUFG08,Urue Offong 2,Urue Offong/Oruko,Akwa Ibom,6265.1,7135.4,890.2,3394.4,870.3,426
AKSUFG02,Urue Offong 3,Urue Offong/Oruko,Akwa Ibom,7485.5,8258.4,1030.3,4433.3,1008.1,549
AKSUFG01,Oruko 9,Urue Offong/Oruko,Akwa Ibom,7142.7,7310.9,912.0,3334.7,894.9,413
AKSKTM02,Abak Midim 4,Oruk Anam,Akwa Ibom,22870.5,20599.1,2562.2,13726.4,2817.4,1710
AKSKTS01,Ikpa Ibekwe 1,Ikot Abasi,Akwa Ibom,50161.2,44700.4,5362.0,30329.4,8632.7,3886
AKSKTS04,Edemaya 1,Ikot Abasi,Akwa Ibom,11672.5,16041.3,1924.3,11123.9,1407.2,1399
PLSKWK13,Langshi,Kanke,Plateau,5795.6,4713.2,843.5,7233.6,1010.2,1100
ODSIDE10,Isarun / Owena,Ifedore,Ondo,32001.7,48358.0,5545.2,29616.3,5686.9,5212
ODSIDE01,Ero / Ibuji,Ifedore,Ondo,18492.8,22918.9,2631.1,11333.5,3193.6,1706
ODSIDE03,Igbaraoke-2,Ifedore,Ondo,13055.0,20416.9,2340.0,11417.3,2289.3,1845
DTSBKW04,Eziokpor,Ukwuani,Delta,2899.3,3631.4,448.9,3518.4,345.5,525
BA2013,Amarmari,Zaki,Bauchi,17131.4,12193.1,2431.2,22561.7,3392.1,4478
PLSBLD16,Sho,Barkin Ladi,Plateau,3756.7,3357.8,564.0,4124.3,616.6,714
51810,Kwaifa,Suru,Kebbi,17377.4,16900.9,3369.6,9877.0,3471.7,1916
50401,Augie North,Augie,Kebbi,4066.9,4394.2,895.8,5344.8,817.3,1056
50701,Bunza Marafa,Bunza,Kebbi,33754.9,38409.4,7703.5,22055.6,8219.7,4342
50506,Kende Kurgu,Bagudu,Kebbi,22232.8,21009.3,4229.4,20053.9,4486.4,3879
51209,Wurogauri,Kalgo,Kebbi,3354.0,3277.6,666.0,2521.4,673.6,485
DTSBMA07,Kpakiama,Bomadi,Delta,14907.6,25947.1,3370.3,18414.9,2934.8,3411
DTSBMA04,Bomadi,Bomadi,Delta,15862.2,32184.6,4202.6,20123.7,3603.4,4132
OSSOIE07,Ikeji Ile,Oriade,Osun,6652.7,5395.1,645.1,6035.4,857.6,871
BNSKAL10,Township,Katsina-Ala,Benue,51955.6,34273.9,6336.2,92487.3,9431.0,13202
51407,Liba,Maiyama,Kebbi,25527.4,27147.2,5859.9,16215.7,6132.3,3150
50803,Dolekaina,Dandi,Kebbi,9170.4,9530.2,1915.7,7863.1,1816.2,1506
JI1807,Marma,Kiri Kasama,Jigawa,16008.7,25604.1,5059.7,16884.5,4043.8,4562
ANSNZM07,Oroma,Anambra West,Anambra,15969.6,24510.4,3033.7,8661.6,2650.4,1326
50904,Mahuta,Fakai,Kebbi,26930.6,21393.0,4362.5,17431.9,5886.9,3617
10609,Pemi,Chibok,Borno,5159.6,5917.4,1186.5,7332.1,1015.2,1090
80604,Falale,Gummi,Zamfara,16613.4,16657.2,3399.2,18440.8,3498.6,3557
10111,Busuna,Abadam,Borno,7583.6,7745.1,1449.4,4506.4,1677.7,657
80205,Dakko,Bakura,Zamfara,14829.8,20288.4,4411.9,9547.9,3197.9,1666
ODSAKN08,Ogbese,Akure North,Ondo,8564.9,6153.7,805.3,21280.6,1085.5,3295
71606,Mairari,Yunusari,Yobe,25983.3,29205.5,5602.9,45270.3,4785.8,8097
BA1312,Kwagal,Kirfi,Bauchi,13798.2,14437.5,2976.8,15731.7,2800.2,3008
ANSNZM02,Ezi Anam,Anambra West,Anambra,30858.6,33977.4,4172.6,11825.2,4549.6,1814
10801,Afuye,Dikwa,Borno,5825.9,7029.0,1388.5,243.3,1752.5,35
50805,Maihausawa,Dandi,Kebbi,12614.6,12139.2,2441.1,9758.9,2604.7,1869
DTSBMA06,Esanma,Bomadi,Delta,15072.5,26439.1,3436.1,19594.9,3036.2,3699
DTSBMA10,Ogriagbene,Bomadi,Delta,5524.3,8484.5,1101.4,6734.6,1356.8,1625
PLSBLD01,Gafat,Barkin Ladi,Plateau,15186.6,11690.1,1963.5,9340.0,2652.6,1511
DTSBUR09,Tamigbe,Burutu,Delta,5391.9,39753.1,5107.0,17420.4,1219.7,2804
50807,Geza,Dandi,Kebbi,16291.8,15030.5,3017.2,12486.6,3213.1,2398
BA0802,Gungura A,Ganjuwa,Bauchi,14529.8,24247.0,5013.1,30405.3,2955.1,6108
50105,Danwarai,Aleiro,Kebbi,3373.7,3368.9,672.1,5146.3,661.2,1132
BA1310,Wanka,Kirfi,Bauchi,19573.5,17353.1,3583.3,20768.1,3985.3,4460
JI1008,Margadu,Guri,Jigawa,4309.2,4432.0,794.8,5453.4,770.9,1385
DTSBUR06,Obetebe,Burutu,Delta,14611.2,24469.1,3143.2,13939.4,3926.4,2183
DTSBUR10,Torugbene,Burutu,Delta,27716.4,46772.7,6055.8,31720.9,6856.5,7471
BA2006,Gumai,Zaki,Bauchi,23473.3,18129.7,3616.9,33743.0,4620.0,6594
80201,Bakura,Bakura,Zamfara,18486.5,16489.2,3391.1,12706.5,4958.0,2536
BA0905,Giade A,Giade,Bauchi,25350.6,40550.2,8218.4,27672.2,5995.7,6325
DTSBUR01,Bolou-Ndoro,Burutu,Delta,5605.8,14152.1,1823.4,6533.1,1084.0,1126
AKSABK09,Abak 3,Abak,Akwa Ibom,31648.4,46519.5,5624.7,48052.1,3742.9,6185
50609,Makera,Birnin Kebbi,Kebbi,8136.2,10085.7,2028.1,10204.9,1613.5,2020
70604,Balle,Geidam,Yobe,14671.1,15810.3,2926.7,19399.9,2681.0,3732
71710,Mayori,Yusufari,Yobe,11506.2,16702.8,3181.0,14152.2,2115.7,2278
10105,Jabullam,Abadam,Borno,12524.9,16185.6,3017.5,7558.0,2458.3,1085
61805,Faga Alasan,Tambuwal,Sokoto,17177.0,17595.0,3579.6,14518.4,3433.2,2622
BA0402,Gurbana,Dambam,Bauchi,24306.7,22206.5,4435.4,12372.8,4773.1,2343
52001,Chulu Gumbi,Yauri,Kebbi,5206.7,4951.8,1030.1,10421.1,1071.5,2489
80906,Janbako,Maradun,Zamfara,27407.3,37484.3,7698.1,12133.4,6592.7,2124
BA0709,Raga,Gamawa,Bauchi,38354.8,39743.9,7855.3,38153.3,7467.3,7247
80608,Kurfa,Gummi,Zamfara,28730.6,30531.7,6324.4,24789.9,5979.2,4450
71101,Machina,Machina,Yobe,11535.0,17404.7,3256.1,18675.2,2105.9,3376
GMSNFD10,Nafada West,Nafada,Gombe,5257.9,3425.9,619.7,4175.3,934.0,786
10301,Abbaram,Bama,Borno,16610.2,14147.7,2723.9,12434.3,3624.6,1790
51006,Gwandu D Galadima,Gwandu,Kebbi,19131.9,19801.5,4050.2,14059.6,3855.0,2720
CRSCKK04,Ugaga,Yala,Cross River,19834.0,16541.1,2411.9,13966.0,2810.5,1643
AKSABK04,Abak 1,Abak,Akwa Ibom,42225.8,32689.2,3827.5,40584.0,4734.2,5028
50709,Tunga,Bunza,Kebbi,16537.5,13109.8,2655.3,10500.7,3362.4,2052
12109,Marte,Marte,Borno,15465.1,19833.5,3771.8,1399.8,3752.6,201
AKSABK07,Afaha Obong 2,Abak,Akwa Ibom,23613.2,11700.0,1414.7,15278.7,2762.5,1892
50607,Kola Tarasa,Birnin Kebbi,Kebbi,18694.3,18998.6,3692.2,20288.6,3560.5,4041
51408,Maiyama,Maiyama,Kebbi,14865.6,21622.5,4508.9,9353.2,4079.6,1958
50109,Sabiyal,Aleiro,Kebbi,6739.0,5623.2,1092.8,7794.7,1282.4,1546
AKSABK06,Midim 2,Abak,Akwa Ibom,12029.2,12463.7,1509.2,11438.1,1409.0,1416
AKSABK05,Otoro 1,Abak,Akwa Ibom,3985.3,1781.2,215.4,3174.0,468.2,393
AKSABK01,Otoro 3,Abak,Akwa Ibom,2225.4,1117.7,124.8,1149.0,240.0,142
51808,Ginga,Suru,Kebbi,13725.3,12638.2,2648.2,7888.2,2957.0,1547
80908,Maradun North,Maradun,Zamfara,36445.6,40253.2,8213.0,10723.6,8704.6,1879
12301,Damakulli,Monguno,Borno,2454.3,8921.9,1633.8,2045.2,599.1,294
BA0902,Sabon Sara A,Giade,Bauchi,18792.5,15228.9,3096.6,18736.7,3797.4,3676
80107,Sabon Birni,Anka,Zamfara,38458.8,36057.9,7293.0,16963.3,7795.9,3037
12003,Borno Yesu,Magumeri,Borno,22591.7,16154.8,3050.8,11479.5,4209.8,1649
12107,Kirenowa,Marte,Borno,27029.5,32274.0,6127.1,4993.2,7606.6,902
51402,Giwatazo,Maiyama,Kebbi,18243.0,31488.2,6393.6,15699.6,4543.3,3447
51004,Gulmare,Gwandu,Kebbi,21247.2,19587.4,3911.8,18431.8,4152.6,3548
BA2005,Sakwa,Zaki,Bauchi,17260.9,17633.9,3519.3,12902.0,3935.2,3310
BA0714,Jadori,Gamawa,Bauchi,17520.8,25929.0,5108.0,19953.4,3397.0,3895
AKSABT08,Awa 2,Onna,Akwa Ibom,12392.1,19626.2,2406.5,4010.4,1488.7,497
AKSAED05,Ward 5,Nsit Atai,Akwa Ibom,14645.7,16068.1,2062.8,9284.9,1831.3,1150
AKSAED02,Ward 2,Nsit Atai,Akwa Ibom,11976.7,15098.1,1925.5,6722.7,1479.2,832
BA1201,Tsakuwa,Katagum,Bauchi,14188.7,17786.8,3454.7,23324.4,2725.7,5399
AKSBMT01,Ikot Ada Iden,Ibiono Ibom,Akwa Ibom,17594.1,15347.1,1929.7,6605.7,2380.9,818
BA1216,Matsango,Katagum,Bauchi,32277.2,42983.7,8348.7,44932.9,6172.8,10111
51806,Dandane,Suru,Kebbi,14743.6,16198.2,3212.8,11455.1,2910.5,2222
10305,Banki,Bama,Borno,18376.7,80958.7,16238.8,23879.6,5766.1,4566
10410,Zara,Bayo,Borno,5184.3,4306.9,841.8,8406.9,994.1,1304
12610,Miye,Nganzai,Borno,2876.0,14974.4,3013.5,3803.2,569.5,571
11611,Yale,Konduga,Borno,1936.3,1896.5,346.3,6238.9,348.9,1653
12001,Ardoram,Magumeri,Borno,9640.6,8800.8,1662.0,6358.9,1797.2,913
51110,Katanga Fagada,Jega,Kebbi,18120.6,31124.7,6069.4,11225.0,4923.0,2243
AKSBYF09,Eyokpu,Udung Uko,Akwa Ibom,4299.7,6443.3,776.1,1824.9,905.2,226
50310,Sauwa,Argungu,Kebbi,22634.7,22458.5,4469.5,21550.3,4548.4,4328
BA2002,Katagum,Zaki,Bauchi,13265.1,22559.8,4502.4,14047.3,3176.0,3620
OSSOBN01,Esa Odo,Obokun,Osun,7734.8,6493.3,765.9,8492.4,891.9,1278
51309,Dutsin Mari Dul Meru,Koko-Besse,Kebbi,32434.5,28484.3,5710.4,25843.5,7032.4,5032
51002,Dalijan,Gwandu,Kebbi,20805.4,31250.3,6217.5,25452.3,4074.4,4916
51610,Fada,Sakaba,Kebbi,14790.8,11895.6,2404.6,14241.7,3053.6,3250
80402,Bukkuyum,Bukkuyum,Zamfara,25305.7,18171.5,3708.2,17314.9,5369.0,3126
51905,Kanya,Wasagu-Danko,Kebbi,54414.9,60591.6,12570.1,42556.1,11130.7,8157
BA0813,Gungura B,Ganjuwa,Bauchi,12487.5,21853.1,4503.3,20936.7,2530.1,4118
10206,Mussa,Askira Uba,Borno,9216.1,12384.7,2330.7,10990.0,1704.2,1578
BA1214,Kafin Kuka,Katagum,Bauchi,13820.6,19257.0,3740.3,18451.9,2653.7,4662
50601,Ambursa,Birnin Kebbi,Kebbi,23624.0,22975.5,4565.1,19210.0,4931.1,3940
81101,Galadi,Shinkafi,Zamfara,21714.7,22818.2,4590.4,15777.9,5029.3,2792
51804,Bakuwai,Suru,Kebbi,31001.8,32526.6,6479.9,19370.2,6501.0,3782
51210,Zuguru,Kalgo,Kebbi,4889.3,4194.9,819.8,5115.0,947.9,1058
11407,Galangi,Kaga,Borno,841.5,765.0,143.2,105.5,155.2,15
BA0906,Isawa,Giade,Bauchi,30708.5,34693.1,7001.9,30699.7,6110.0,6320
12502,Gamboru A,Ngala,Borno,19386.4,79750.1,16656.0,16194.8,15556.0,2746
12101,Ala,Marte,Borno,7085.7,11123.4,2094.7,668.3,1872.5,96
80103,Dangaladima,Anka,Zamfara,14493.7,18521.0,3838.8,6033.9,4250.0,1052
51406,Gidiga,Maiyama,Kebbi,14944.7,19332.6,4173.1,13524.0,3352.8,2957
12507,Ngala,Ngala,Borno,35878.4,103264.3,21570.8,29832.8,20713.9,7162
11506,Mada,Kala Balge,Borno,24505.1,35940.5,6978.0,4183.1,5812.2,601
CRSKMM11,Akparabong,Ikom,Cross River,9728.6,15146.6,2031.8,12752.3,1277.2,1586
AKSAED10,Ward 10,Nsit Atai,Akwa Ibom,11106.8,8422.2,1076.9,6410.6,1372.5,794
51802,Bandan,Suru,Kebbi,24739.1,28013.1,5556.2,17354.8,4925.1,3324
50614,Ujariyo,Birnin Kebbi,Kebbi,11847.3,13026.9,2591.8,12885.2,2339.4,2482
JI1101,Basirka,Gwaram,Jigawa,20129.7,26745.6,5507.2,34636.8,4073.9,8637
51404,Kawara,Maiyama,Kebbi,28572.8,27444.9,5924.0,17189.9,6436.6,3406
50511,Zagga Kwasara,Bagudu,Kebbi,34826.6,38866.6,7730.0,26235.8,7142.4,5107
AKSBYF10,Eyofin,Udung Uko,Akwa Ibom,3228.6,5277.1,633.3,1225.4,658.4,152
51305,Jadadi,Koko-Besse,Kebbi,9600.6,11988.9,2411.9,9453.3,2000.2,1955
81205,Kagara,Talata Mafara,Zamfara,18936.4,20728.6,4154.8,11044.5,3950.1,1964
CRSBRA10,Ababene,Obubra,Cross River,7945.1,7025.2,934.4,7724.9,1104.4,948
12501,Fuye,Ngala,Borno,6491.9,1460.2,302.1,435.4,1977.5,63
BYSSAG04,Angalabiri,Sagbama,Bayelsa,18645.4,35941.3,4574.9,21563.6,5178.6,4730
AKSAED09,Ward 9,Nsit Atai,Akwa Ibom,10362.2,8846.1,1134.3,6420.9,1282.3,795
AKSAED03,Ward 3,Nsit Atai,Akwa Ibom,10056.1,7132.6,915.3,5684.3,1245.3,704
BA0510,Wahu,Darazo,Bauchi,28387.5,31911.8,6417.3,25692.7,5629.3,5012
71608,Yunusari,Yunusari,Yobe,17246.5,27114.1,5073.8,33900.4,3176.6,5832
BYSGBB13,Otuokpoti-Ward 2,Ogbia,Bayelsa,25600.6,31307.2,3913.0,26784.8,4236.5,4540
AKSAED01,Ward 1,Nsit Atai,Akwa Ibom,11724.4,14394.5,1846.9,8726.3,1451.8,1081
BA2004,Makawa,Zaki,Bauchi,35699.1,17792.6,3542.4,27901.0,7079.0,5673
AKSAED06,Ward 6,Nsit Atai,Akwa Ibom,5227.9,2241.4,287.6,4154.3,659.2,514
BA1210,Yayu,Katagum,Bauchi,16922.5,12667.4,2460.4,26330.4,3227.9,5213
ODSAKN05,Moferere,Akure North,Ondo,3175.0,2674.3,350.4,7653.0,403.0,1130
50203,Bui,Arewa Dandi,Kebbi,25676.8,25838.9,5323.9,19882.9,5212.2,3823
11403,Dogoma Jalori,Kaga,Borno,1562.9,1748.6,327.2,474.4,292.4,68
80406,Nasarawa,Bukkuyum,Zamfara,43511.9,48033.6,10865.2,25953.8,10760.8,4537
11910,Mujigine,Mafa,Borno,9920.6,9001.0,1657.9,754.4,2500.4,108
DTSBKW02,Amai,Ukwuani,Delta,2577.3,3582.4,442.9,3641.1,307.7,566
RVSNDN03,Ekede,Andoni,Rivers,9909.8,31756.9,4066.2,6650.2,4107.1,1001
70106,Sabon Gari,Bade,Yobe,29134.4,37230.1,7191.3,38928.0,5922.7,8231
51307,Besse,Koko-Besse,Kebbi,20246.5,19851.3,4009.4,12421.3,4314.2,2421
AKSAED08,Ward 8,Nsit Atai,Akwa Ibom,12607.5,14329.2,1838.7,7230.8,1561.3,895
RVSNDN05,Ngo,Andoni,Rivers,14197.2,52105.1,6671.5,9138.2,6804.9,1523
51907,Ribah Machika,Wasagu-Danko,Kebbi,48296.3,39667.3,8242.9,34383.7,11551.1,7276
AKSAEE07,Ward 7,Etim Ekpo,Akwa Ibom,15171.2,23349.5,2826.2,13349.7,1783.2,1682
AKSAEE10,Ward 10,Etim Ekpo,Akwa Ibom,13252.9,12684.3,1569.9,5906.2,1670.3,731
51204,Etene,Kalgo,Kebbi,9422.7,11065.1,2248.5,8632.1,1881.5,1690
51301,Koko Magaji,Koko-Besse,Kebbi,9959.6,11738.7,2370.9,10432.7,3160.2,2238
BA0516,Sade West,Darazo,Bauchi,30188.4,25609.8,5154.6,35056.2,6143.0,7622
ABSMBL15,Ovim,Isuikwuato,Abia,21333.6,28567.3,2941.6,17493.7,2234.6,2887
51704,Kawara,Shanga,Kebbi,31436.4,30973.4,6061.7,32215.8,6825.2,6344
12002,Ayi Yasku,Magumeri,Borno,6137.2,2009.3,379.4,3139.9,1143.6,454
80610,Rafi,Gummi,Zamfara,11739.7,12078.1,2465.7,12357.9,2554.1,2324
AKSBYF08,Eyokponung,Udung Uko,Akwa Ibom,3515.0,5731.3,688.3,1541.7,731.0,191
11502,Jilbe,Kala Balge,Borno,2486.1,5837.8,1136.3,1379.2,1575.2,211
AKSAEE03,Ward 3,Etim Ekpo,Akwa Ibom,14472.6,13045.6,1583.9,10062.5,1705.2,1246
AKSAEE02,Ward 2,Etim Ekpo,Akwa Ibom,23156.3,32052.5,3887.9,16805.2,2724.4,2082
70808,Garin Tuwo,Gulani,Yobe,5818.6,9053.1,1773.9,14765.2,1123.8,3030
71004,Garin Gawo,Karasuwa,Yobe,9827.1,5691.0,1099.3,14174.1,1871.1,2406
BA0415,Muzuwa,Dambam,Bauchi,19314.4,19235.8,3971.3,10863.3,3963.7,2106
50201,Bachaka,Arewa Dandi,Kebbi,27354.8,25123.9,5170.3,27904.8,5628.1,5424
BA0706,Tumbi,Gamawa,Bauchi,21424.0,23100.0,4551.5,24299.3,4164.4,4865
AKSBYF02,Eyibia,Udung Uko,Akwa Ibom,7532.6,14548.1,1744.4,3778.2,1549.1,468
71706,Sumbar,Yusufari,Yobe,14187.8,12585.3,2346.1,24980.3,2607.9,4495
BNSBRT09,Ogore,Obi,Benue,10100.7,9242.1,1783.9,5694.8,2145.0,823
50610,Marafa,Birnin Kebbi,Kebbi,19900.0,18931.0,3679.0,20097.7,3954.2,4137
51206,Kuka,Kalgo,Kebbi,13521.0,10377.1,2138.1,13804.9,2790.9,2701
50110,Kashin Zama,Aleiro,Kebbi,3173.2,3715.8,723.2,3967.5,607.2,808
BA0913,Sabon Sara B,Giade,Bauchi,12343.1,9456.8,1918.6,11620.3,2464.4,2279
51603,Doka Bere,Sakaba,Kebbi,11910.3,14553.6,2932.7,12979.2,2363.4,2500
12510,Wulgo,Ngala,Borno,25988.3,23363.0,4446.0,7041.2,6005.0,1042
AKSAEE09,Ward 9,Etim Ekpo,Akwa Ibom,14389.6,12613.3,1529.9,6237.9,1726.7,773
10503,Galdimari,Biu,Borno,23799.1,33931.1,6547.2,39507.2,5382.1,7055
BA0704,Kubdiya,Gamawa,Bauchi,17562.4,12844.0,2541.0,19075.4,3462.2,3938
51303,Koko Firchin,Koko-Besse,Kebbi,19757.5,23876.8,4822.4,17583.8,5967.6,3588
AKSAEE08,Ward 8,Etim Ekpo,Akwa Ibom,18828.3,13322.2,1615.9,11441.9,2214.8,1417
81203,Gwaram,Talata Mafara,Zamfara,31711.8,29214.4,5860.0,16765.0,6521.0,2979
10309,Gulumba,Bama,Borno,24452.9,24800.4,4807.1,7140.6,5836.4,1025
BYSGBB04,Kolo / Ward 9,Ogbia,Bayelsa,9045.2,11786.8,1471.6,8966.8,1237.8,1804
BA1303,Beni,Kirfi,Bauchi,20044.4,18097.3,3737.0,25869.3,4079.1,5404
BA0411,Fagam,Dambam,Bauchi,7041.2,9609.9,1884.1,10515.4,1355.1,2240
BA0409,Jalam,Dambam,Bauchi,10713.6,16842.8,3477.3,10985.7,2428.1,2546
70208,Guji Metalari,Bursari,Yobe,15197.9,18398.8,3423.2,13425.8,2780.4,2400
AKSAFG05,Asang 4,Nsit Ibom,Akwa Ibom,27582.7,16247.5,2003.6,13663.2,3288.5,1692
AKSAFG04,Mbiaso 2,Nsit Ibom,Akwa Ibom,16505.7,18248.5,2256.8,5393.3,1978.1,668
BA0702,Kafin Romi,Gamawa,Bauchi,30397.1,16960.8,3343.9,26653.7,5895.8,5181
50404,Bayawa North,Augie,Kebbi,8487.7,8019.7,1635.0,9437.5,1702.6,1816
80109,Wuya,Anka,Zamfara,18579.0,20644.5,4164.5,6914.7,3786.3,1291
11803,Guwal,Kwaya Kusar,Borno,5186.9,5316.5,995.3,9587.1,955.1,1468
70706,Ngurbuwa,Gujba,Yobe,6676.2,8204.1,1434.2,6327.0,1145.9,1032
AKSAFG10,Mbiaso 4,Nsit Ibom,Akwa Ibom,17014.4,16674.5,2056.3,5529.6,2028.5,685
50706,Sabon Birni,Bunza,Kebbi,11697.7,9984.5,2028.9,7631.3,2344.3,1472
12601,Gadai,Nganzai,Borno,18043.6,9088.3,1783.6,9880.6,3499.7,1419
51202,Dangoma Gayi,Kalgo,Kebbi,14590.9,14536.1,2953.8,12244.5,2925.7,2375
AKSAFG06,Mbiaso 3,Nsit Ibom,Akwa Ibom,13475.9,9904.1,1222.8,5810.4,1609.1,719
52110,Zodi,Zuru,Kebbi,22374.1,25057.3,5171.3,11650.4,4547.0,2231
11112,Pulka Bokko,Gwoza,Borno,47602.4,81455.7,15573.8,41206.2,13286.4,8155
BA2014,Tarbuwa,Zaki,Bauchi,19157.4,13729.4,2723.7,14966.0,3812.5,3019
50406,Birnin Tudu Gudale,Augie,Kebbi,12329.1,14345.2,2924.6,19857.6,2473.2,3985
OYSICL02,Idofin,Ibarapa Central,Oyo,43505.0,58826.4,6977.0,38848.4,5938.2,5753
50901,Bajida,Fakai,Kebbi,26137.0,29794.8,6075.8,17354.9,5250.2,3323
71108,Konkomma,Machina,Yobe,10385.2,8562.8,1584.3,9624.4,1896.0,1627
11801,Bila Gusi,Kwaya Kusar,Borno,10329.9,11534.9,2159.5,12005.3,1902.2,1728
50704,Maidahini,Bunza,Kebbi,18544.0,18082.2,3628.4,10597.1,3855.4,2069
AKSAFH01,Ekpenyong 1,Essien Udim,Akwa Ibom,20322.5,24952.9,3012.6,14714.5,2374.3,1826
AKSAFH06,Adiasin,Essien Udim,Akwa Ibom,37030.7,23599.5,2849.1,33019.4,4323.9,4108
60904,Isa South,Isa,Sokoto,28104.0,41969.6,8533.8,17777.8,9044.4,3317
51107,Jega Kokani,Jega,Kebbi,8727.1,13507.5,2634.0,7266.9,3540.2,1849
BNSGKP04,Igah,Apa,Benue,21543.8,17925.9,3647.2,14992.8,4776.1,2233
BA1307,Kirfi,Kirfi,Bauchi,8381.1,8311.8,1716.3,9328.6,1708.1,1913
12607,Kuda,Nganzai,Borno,9064.3,3265.6,659.2,3549.4,1847.9,510
50903,Birnin Tudu,Fakai,Kebbi,14768.6,15969.2,3256.4,10750.1,2968.6,2058
BA0405,Yame,Dambam,Bauchi,9435.7,8189.0,1618.7,10744.2,1834.7,2193
51312,Damba Bakoshi,Koko-Besse,Kebbi,17304.1,17434.9,3506.3,15501.2,3502.5,2983
80607,Gyalganye,Gummi,Zamfara,29342.4,29873.5,6249.4,21266.3,6890.8,3801
BA0602,Bundot,Dass,Bauchi,15679.5,18042.2,3689.5,10400.6,3402.3,2102
AKSAFH05,Okon,Essien Udim,Akwa Ibom,20624.8,26357.5,3182.5,11683.3,2409.1,1447
AKSAFH03,Ukana West 1,Essien Udim,Akwa Ibom,12935.2,5009.7,564.1,13629.9,1394.1,1690
11807,Peta,Kwaya Kusar,Borno,6883.7,9225.1,1758.3,7773.6,1286.9,1135
70408,Shoye,Fika,Yobe,8590.4,13492.0,2440.7,12716.4,1523.2,2120
70702,Buni Yadi,Gujba,Yobe,45732.7,65163.4,11393.8,54141.3,8858.3,10276
50702,Bunza Dangaladima,Bunza,Kebbi,21604.0,23465.8,4706.4,14982.7,5547.3,2941
51105,Jandutsi Birnin Malam,Jega,Kebbi,45757.8,43678.4,8507.0,14461.6,10995.8,2941
BA1308,Shongo,Kirfi,Bauchi,14045.6,10456.1,2159.1,18350.6,2854.6,3885
JI1007,Lafiya,Guri,Jigawa,8351.3,12635.4,2456.8,8226.5,1842.9,2065
80206,Damri,Bakura,Zamfara,16107.0,19013.7,3910.3,10707.5,3275.4,1865
BA0909,Zabi,Giade,Bauchi,22897.8,22093.1,4479.9,23010.5,4564.6,4510
51411,Sarandosa,Maiyama,Kebbi,17289.6,21625.2,4667.9,14013.7,4005.1,2820
51310,Zaria Amiru,Koko-Besse,Kebbi,19237.7,20684.4,4160.2,17297.9,4007.1,3349
BYSSAG03,Agoro,Sagbama,Bayelsa,8836.3,17506.8,2228.4,11112.5,2802.4,2401
51811,Suru,Suru,Kebbi,55715.9,42473.3,8429.0,23408.6,11755.6,4564
80605,Gamo,Gummi,Zamfara,27785.5,24999.2,5085.3,22749.0,5574.6,4008
BA0911,Jugudu,Giade,Bauchi,11534.1,10493.5,2133.7,9420.7,2362.4,2020
50804,Fana,Dandi,Kebbi,16553.8,19277.6,3874.3,15498.5,3273.7,2969
51208,Nayelwa,Kalgo,Kebbi,13205.7,13267.8,2733.7,11934.8,2687.5,2311
BA2012,Tashena,Zaki,Bauchi,35546.1,18052.9,3619.8,34069.3,7076.1,6900
11212,Shaffa,Hawul,Borno,8600.5,8338.0,1669.6,12375.0,1693.2,1903
80108,Waramu,Anka,Zamfara,16744.8,18979.5,4158.3,8377.3,3829.0,1458
BA0401,Garuza,Dambam,Bauchi,36283.6,33419.0,6892.6,20411.1,7427.3,4012
12111,Muwalli,Marte,Borno,7301.9,7479.7,1422.4,1362.2,1653.8,196
10314,Zangeri,Bama,Borno,11647.1,11367.7,2202.4,1406.6,2473.2,202
12609,Maiwa,Nganzai,Borno,1995.4,8481.6,1699.4,1573.6,401.3,226
51101,Alelu,Jega,Kebbi,15278.6,13169.8,2620.9,14608.0,3056.0,3062
GMSAKK07,Kumo North,Akko,Gombe,7082.3,10003.7,1963.1,27361.9,1360.0,5884
50806,Kamba-Kamba,Dandi,Kebbi,35914.7,33004.9,6633.2,24275.0,7457.8,4677
BA1205,Buskuri,Katagum,Bauchi,14096.5,13120.2,2548.3,26437.1,2688.8,5015
BA0907,Uzum,Giade,Bauchi,18052.7,14589.0,2935.2,11497.1,3587.5,2188
BA0708,Tarmasuwa,Gamawa,Bauchi,18676.9,27420.9,5401.9,12035.5,3620.3,2310
80609,Magaji,Gummi,Zamfara,43873.3,44111.9,9001.8,34821.9,9616.0,6419
BA1209,Dagaro,Katagum,Bauchi,15444.1,17859.0,3468.7,29523.2,2945.9,5667
11705,Dogoshi,Kukawa,Borno,4100.8,814.6,157.0,202.9,825.4,29
11703,Barwati,Kukawa,Borno,747.6,112.4,21.7,90.0,141.9,13
11704,Bundur,Kukawa,Borno,3163.9,1910.0,368.2,526.5,621.3,76
BA1206,Magwanshi,Katagum,Bauchi,14355.9,13172.9,2585.8,18103.9,2758.7,3387
BA1203,Madangala,Katagum,Bauchi,28025.4,31911.3,6198.1,34154.5,5369.4,6769
KGSNDG03,Ayah,Ibaji,Kogi,12008.3,21213.6,4185.9,12812.3,3336.7,2299
52010,Zamare,Yauri,Kebbi,5418.9,5386.0,1157.9,15864.6,1142.5,3385
70606,Fukurti,Geidam,Yobe,23697.7,24132.8,4416.0,14833.0,4268.4,2372
JI1805,Kiri Kasama,Kiri Kasama,Jigawa,19573.5,31023.7,6146.8,17126.4,6107.9,4524
BA0504,Konkiyel,Darazo,Bauchi,27723.5,31382.4,6419.3,25897.6,6303.2,5677
70608,Gumsa,Geidam,Yobe,25011.2,16015.0,2930.8,16198.4,4505.2,2676
OSSOUA01,Ajagba / Iwo-Oke,Ola Oluwa,Osun,3971.0,3131.0,376.6,4535.0,491.1,667
AKSAFH09,Ukana West 2,Essien Udim,Akwa Ibom,43118.6,41274.6,4881.1,28808.5,4949.2,3570
12201,Asaga,Mobbar,Borno,12266.1,9256.8,1706.9,14615.3,2208.3,2154
BA0408,Zaura,Dambam,Bauchi,16463.3,7796.9,1557.6,17752.7,3261.1,3382
CRSGEP05,Idomi,Yakurr,Cross River,15540.8,32815.2,4130.5,6643.5,2905.5,805
BA0901,Chinkani,Giade,Bauchi,22581.3,20831.6,4232.9,22286.4,4511.9,4576
BA0903,Doguwa,Giade,Bauchi,33617.1,33726.8,6799.9,25385.1,7011.7,5623
BA1010,Kashuri,Itas/Gadau,Bauchi,36693.5,26898.7,5449.7,38689.3,7352.1,7260
BA0912,Kurba,Giade,Bauchi,27859.2,30729.3,6229.6,28992.1,5562.0,5762
BA2009,Alangawari,Zaki,Bauchi,9778.3,8443.6,1684.6,14355.3,1927.9,2688
BA0406,Dagauda,Dambam,Bauchi,15055.9,18382.3,3795.1,16870.6,3064.1,4052
BA0503,Gabarin East,Darazo,Bauchi,16418.0,21820.9,4464.6,18963.0,3340.2,4391
BA0904,Faguji,Giade,Bauchi,19439.9,19055.0,3874.6,15722.9,3893.3,3133
BA0710,Gadiya,Gamawa,Bauchi,27145.9,16801.7,3310.1,33147.4,5265.9,6340
BA1302,Bara,Kirfi,Bauchi,23904.5,26961.8,5567.5,34795.5,4859.3,7271
AKSAFH11,Odoroikot 1,Essien Udim,Akwa Ibom,26990.8,5793.8,711.6,13802.5,3202.9,1709
BA2008,Murmur South,Zaki,Bauchi,31419.3,23658.2,4736.1,26466.4,6248.5,5539
BA0506,Sade East,Darazo,Bauchi,40244.6,39450.8,8060.5,28455.3,8888.2,5785
42510,Ruwan Sanyi,Malumfashi,Katsina,21501.0,18764.6,3964.8,20986.8,4478.1,4783
BA1204,Madara,Katagum,Bauchi,25079.1,22007.5,4359.0,40632.6,4933.1,8191
ODSIDNE08,Isalu-Jigbokin,Idanre,Ondo,11566.9,7659.9,1151.3,22113.0,1694.7,3203
BA0407,Gargawa,Dambam,Bauchi,14835.9,18376.9,3730.8,14615.3,2995.7,2763
BNSGMU09,Ukwonyo,Ado,Benue,23830.6,36740.8,7312.1,19905.8,4670.7,2823
DTSUGH02,Agbarha-Otor,Ughelli North,Delta,49869.1,52802.5,6850.8,71234.3,6424.6,11348
EDSEKP02,Ihumudumu,Esan West,Edo,36254.5,35740.9,4018.8,66174.2,3954.5,10570
EDSEKP04,Urohi,Esan West,Edo,6080.3,5384.0,605.4,8013.5,663.2,1208
11806,Kwaya Kusar,Kwaya Kusar,Borno,37033.9,38726.5,7632.0,49134.8,7389.8,8203
AKSAFH07,Odoroikot 2,Essien Udim,Akwa Ibom,20726.5,7267.5,877.4,14875.1,2420.0,1842
AKSAUQ03,Edo 2,Esit Eket,Akwa Ibom,9003.0,8317.4,1070.4,4557.9,1245.0,564
ODSIOU03,Ileoluji 3,Ile Oluji/Okeigbo,Ondo,21111.4,54180.0,6683.1,24028.4,5960.9,3862
10409,Wuyo,Bayo,Borno,25646.6,24359.0,4825.4,37508.8,5005.3,5605
10401,Balbaya,Bayo,Borno,10490.7,8750.8,1723.6,16004.5,2041.6,2555
71010,Waro,Karasuwa,Yobe,4489.7,2689.5,504.1,6288.3,833.0,1010
AKSAUQ05,Etebi 1,Esit Eket,Akwa Ibom,10009.6,9825.2,1260.4,4783.5,1315.0,592
AKSAUQ04,Etebi 2,Esit Eket,Akwa Ibom,15401.8,14591.3,1858.1,7677.0,2014.9,951
EDSABD04,Evboesi,Orhionmwon,Edo,7669.2,9742.6,1200.1,11812.7,912.1,1791
ODSIOU01,Ileoluji 1,Ile Oluji/Okeigbo,Ondo,80320.1,96438.0,12148.7,223264.5,10516.5,33900
EDSABD02,Igbanke West,Orhionmwon,Edo,21389.4,25011.4,3081.0,21789.4,2559.7,3238
EDSEKP06,Eguaree,Esan West,Edo,55553.0,52955.2,5954.4,103160.0,6069.3,17466
BYSGBB06,Okodi-Ward 5,Ogbia,Bayelsa,6109.0,7327.8,915.9,5008.8,1660.0,945
AKSBMT09,Ikpa,Ibiono Ibom,Akwa Ibom,16514.1,13555.2,1704.3,10097.9,2219.4,1250
ODSIOU05,Ileoluji 5,Ile Oluji/Okeigbo,Ondo,58342.8,96214.2,11845.6,39498.9,15247.3,5930
AKSAUQ08,Ekpene Obo,Esit Eket,Akwa Ibom,4008.2,4625.5,595.3,2186.9,519.2,271
AKSBMT06,Ibiaku,Ibiono Ibom,Akwa Ibom,14504.1,18893.1,2383.8,5399.8,1936.3,669
50108,Rafin Bauna,Aleiro,Kebbi,3398.5,4225.3,842.8,4600.6,665.9,913
BYSSAG12,Sagbama,Sagbama,Bayelsa,17666.0,36049.2,4588.6,21494.6,4256.4,4993
EDSEHR01,Isi North,Uhunmwonde,Edo,7249.3,5560.2,706.9,10181.5,891.3,1508
50208,Kangiwa,Arewa Dandi,Kebbi,30375.8,27202.8,5604.9,22712.9,6637.1,4438
BYSGBB02,Emeyal-Ward 7,Ogbia,Bayelsa,6750.4,10284.7,1285.3,8187.4,878.9,1569
BNSGBG01,Mbadyul,Logo,Benue,9362.2,16392.8,3030.5,36024.1,1698.4,5139
AKSBMT08,Ono,Ibiono Ibom,Akwa Ibom,23596.2,21076.1,2597.4,17510.5,2893.9,2168
EDSEHR03,Umagbae South,Uhunmwonde,Edo,79035.5,79412.6,10501.1,350318.2,10088.1,52484
BYSSAG06,Ebedebiri,Sagbama,Bayelsa,9454.9,18076.2,2301.3,11258.0,2520.9,2158
ODSIOU10,Oke-Igbo 4,Ile Oluji/Okeigbo,Ondo,13854.4,8215.5,998.2,21342.2,1879.4,3410
70204,Masaba,Bursari,Yobe,13788.6,12478.6,2324.8,22360.4,2528.0,4452
BYSSAG08,Ofoni 1,Sagbama,Bayelsa,5385.8,13756.8,1751.1,6118.6,1016.7,1113
BNSTKP06,Okete,Oturkpo,Benue,4534.7,5278.9,973.5,6134.8,808.9,892
AKSBMT03,Odoro Aka Ididep,Ibiono Ibom,Akwa Ibom,18204.3,9109.1,1130.4,6541.0,2956.6,811
52102,Dabai,Zuru,Kebbi,40145.9,39132.6,7911.8,27091.1,8055.0,5242
71204,Chukuriwa,Nangere,Yobe,20159.0,10913.1,2079.3,26189.4,3792.5,4597
ODSIOU07,Oke-Igbo 1,Ile Oluji/Okeigbo,Ondo,10749.5,8575.2,1048.9,30644.7,1271.2,4679
DTSUGH04,Agbarho 2,Ughelli North,Delta,11503.3,20082.8,2606.0,32400.9,1497.4,5102
50206,Feske-Jaffeji,Arewa Dandi,Kebbi,17894.0,5329.4,1098.1,16887.7,3634.8,3263
AKSBYF07,Ekim,Udung Uko,Akwa Ibom,3179.9,5706.4,684.2,1507.5,582.5,187
TRSBAL07,Kaigama,Bali,Taraba,63680.2,75007.7,14269.1,66397.4,11939.7,10665
TRSBAL01,Bali A,Bali,Taraba,29903.4,29277.3,5565.2,39953.4,5681.9,6437
AKSBYF06,Eyosiosung,Udung Uko,Akwa Ibom,1514.5,1595.8,201.4,1124.6,190.5,139
AKSBYF03,Eyotai,Udung Uko,Akwa Ibom,7025.9,11684.5,1401.0,2846.9,1409.8,353
AKSDRK06,Mbiabong Ikot,Ini,Akwa Ibom,8261.4,14055.7,1694.4,6041.1,961.1,748
AKSDRK04,Itu Mbonuso,Ini,Akwa Ibom,29026.9,27808.6,3457.7,15059.5,3541.4,1865
AKSDUU11,North Uruan 2,Uruan,Akwa Ibom,9121.4,5459.8,675.4,5948.1,1097.7,737
AKSDUU08,Central Uruan 2,Uruan,Akwa Ibom,16565.6,14025.3,1807.3,8978.7,2196.2,1112
BNSTSE09,Mbavaa,Konshisha,Benue,24588.2,29687.6,5465.1,32322.6,4426.3,4543
71405,Bare Bari,Potiskum,Yobe,13609.1,14822.4,2925.2,28485.5,2649.2,4657
BNSKAL11,Utange,Katsina-Ala,Benue,17492.5,15611.3,2847.2,28989.5,3126.0,4074
AKSDUU02,Southern Uruan 6,Uruan,Akwa Ibom,13886.4,14441.5,1865.6,10485.4,1756.4,1298
AKSDUU04,Central Uruan 3,Uruan,Akwa Ibom,10066.2,11562.3,1493.6,6923.9,1259.6,857
PLSDNG16,Kunkyam South,Kanam,Plateau,2727.9,3734.0,733.8,2804.1,526.5,430
BA0711,Zindiwa,Gamawa,Bauchi,13502.0,15162.7,2987.1,13256.3,2617.4,2902
BYSGBB12,Otueke-Ward 13,Ogbia,Bayelsa,24556.4,36249.7,4531.1,26979.8,3191.4,4341
GMSKLT03,Bule / Kaltin,Kaltungo,Gombe,5942.1,4612.7,902.7,4782.5,1160.2,872
71001,Bilal Jawa,Karasuwa,Yobe,15594.7,10666.8,2059.9,20827.0,2966.9,3511
DTSUGH06,Orogun 1,Ughelli North,Delta,25747.0,24811.5,3219.4,28154.8,3322.2,4250
AKSDUU07,Southern Uruan 4,Uruan,Akwa Ibom,15429.3,15897.3,2053.6,14152.8,1974.9,1779
AKSDUU03,Southern Uruan 3,Uruan,Akwa Ibom,9195.3,9575.4,1236.7,5319.3,1149.8,659
JI1010,Musari,Guri,Jigawa,25966.2,22988.1,4520.7,26222.6,5289.4,6123
EDSEHR05,Ohuan,Uhunmwonde,Edo,1316.4,1263.3,167.0,4936.2,167.8,731
KGSKNA11,Ogikpadala,Dekina,Kogi,14791.1,15385.0,2887.8,24048.4,2724.4,4072
ODSIDNE03,Idale-Lemikan,Idanre,Ondo,7741.3,10886.3,1636.2,17275.0,1135.4,2542
OYSIBE07,Oke Imale,Ibarapa East,Oyo,9296.9,6453.2,774.3,2272.5,1125.4,320
12506,Ndufu,Ngala,Borno,8296.9,14838.6,3099.6,1570.6,2762.9,227
BA0713,Gololo South,Gamawa,Bauchi,10853.5,2392.8,468.7,8455.6,2096.3,1587
BA0511,Papa North,Darazo,Bauchi,40000.4,29288.3,5992.2,25150.9,8128.6,4766
71208,Dazigau,Nangere,Yobe,7769.4,6629.5,1312.7,22007.6,1511.8,3531
11507,Moholo,Kala Balge,Borno,1468.7,442.9,87.3,40.9,381.4,6
BYSGBB10,Otakeme-Ward 12,Ogbia,Bayelsa,14619.1,17266.5,2157.0,11339.3,2529.0,1885
71003,Jajeri,Karasuwa,Yobe,20677.8,11744.4,2171.0,25078.4,3772.9,4604
OSSEDE04,Awo,Egbedore,Osun,9248.2,8212.3,986.1,15295.2,1095.8,2071
OSSAYE01,Amobi,Ayedire,Osun,13175.9,18744.6,2276.0,13773.3,1858.5,2025
OYSOET10,Oluajo,Oyo East,Oyo,2158.1,2363.8,296.7,934.0,265.5,132
BNSJUX02,Ainu,Oju,Benue,47750.9,40182.7,7163.9,35929.4,8304.1,5054
OYSEGA10,Owobale,Egbeda,Oyo,8695.1,1630.2,224.5,7256.9,1173.6,1026
DTSUGH08,Otor-Ogor,Ughelli North,Delta,31841.6,33858.6,4393.1,45344.9,4145.8,7121
GMSKWM08,Kwami,Kwami,Gombe,58620.7,64773.0,12955.6,92201.7,12057.8,19971
OSSIEW10,Oke Iyin,Ilesha West,Osun,51712.8,50564.7,5921.4,62598.1,5973.9,9149
BNSWDP01,Agba / Kyan,Kwande,Benue,29702.3,11992.6,2195.5,55924.0,5312.1,7860
BNSGBG05,Mbayam,Logo,Benue,35151.6,39946.5,7610.4,70807.5,6659.0,10186
CRSAKP06,Erei South,Biase,Cross River,12011.9,14551.7,1863.8,4191.8,2867.3,550
BNSDKP08,Oglewu Icho,Ohimini,Benue,9686.5,9188.2,1756.9,7506.0,1883.1,1072
OYSOLE08,Obaago,Orelope,Oyo,15994.2,14443.1,1745.7,12385.6,2396.6,1747
ABSHAF12,Ndi Elu,Ohafia,Abia,16108.4,12445.8,1461.6,11062.2,2202.7,2010
CRSTGD03,Ediba,Abi,Cross River,23478.6,28497.1,3576.6,12977.9,3868.5,1716
BNSDKP04,Ehatokpe,Ohimini,Benue,19611.0,23072.9,4253.3,20276.2,3536.9,2978
CRSKAM02,Oban,Akamkpa,Cross River,6932.9,14431.1,1913.2,13126.9,896.5,1601
OSSOIE01,Apoti,Oriade,Osun,5135.9,4963.8,593.5,6147.0,603.9,878
OYSOYE09,Onipe,Oluyole,Oyo,193252.7,292115.3,39385.5,243122.2,33355.0,34631
NASKRV09,Panda,Karu,Nasarawa,20212.3,19920.2,3914.8,32719.1,4050.4,5892
ANSACA10,Isuani Ocha,Awka North,Anambra,21948.5,8978.7,1060.1,24497.4,2527.3,3642
NASNEG12,Ubbe-Ogba,Nasarawa Egon,Nasarawa,3857.0,4609.1,899.6,2451.8,755.1,426
EDSEHR07,Umagbae North,Uhunmwonde,Edo,56576.9,56514.9,7469.9,242053.3,7213.7,36033
42603,Duwan Makau,Mani,Katsina,32043.6,32124.4,6848.4,41469.0,6740.8,8987
NASNEG06,Kagbu,Nasarawa Egon,Nasarawa,7500.7,5490.9,1072.5,3813.4,1442.6,663
NASNEG10,Nassarawa-Eggon,Nasarawa Egon,Nasarawa,54527.1,56772.7,11088.7,42280.7,12434.2,7527
NASAKW10,Ningo / Boher,Akwanga,Nasarawa,16172.2,16612.6,3103.5,15364.5,2957.1,2696
43202,Babban Duhu B,Safana,Katsina,14151.1,20499.1,4333.5,17767.2,2955.7,4072
KN0108,Kunkurawa,Ajingi,Kano,17750.9,18180.6,3625.5,26751.9,3513.8,6475
81403,Dauran Birnin Tsaba,Zurmi,Zamfara,37603.6,44651.0,8867.7,30205.6,8260.7,5580
41508,Kurfeji,Ingawa,Katsina,34448.8,28385.5,5871.8,35434.1,7098.2,7868
AKSKTM13,Ibesit,Oruk Anam,Akwa Ibom,37014.1,32616.2,4057.1,23635.0,4462.0,2927
40307,Madogara,Batsari,Katsina,14467.8,15692.9,3336.0,13718.0,3050.4,2740
KN0506,Kwamarawa,Bichi,Kano,16785.4,20993.6,4253.4,26073.9,3407.1,4803
40209,Tsanni,Batagarawa,Katsina,16206.5,16287.2,3429.8,16311.4,3481.3,3783
BA1809,Tama,Toro,Bauchi,39474.2,42376.0,8638.0,85724.3,7929.1,18271
KN3301,Butu-Butu,Rimin Gado,Kano,22362.4,24607.0,4774.5,20422.6,4370.8,3742
KN0106,Gafasa,Ajingi,Kano,19495.7,20281.3,4037.6,33223.7,3840.7,6183
KN3502,Dutsen Bakoshi,Shanono,Kano,21188.0,18954.4,4019.3,34233.0,4439.4,6463
40310,Wagini,Batsari,Katsina,17337.5,21773.3,4628.6,23521.3,3634.7,5311
43209,Zakka A,Safana,Katsina,24911.4,21224.9,4487.7,16133.6,5214.4,3394
KN4010,Zarogi,Tsanyawa,Kano,26743.6,23341.1,4893.4,20730.7,5572.8,3651
KN1406,Katumari,Garko,Kano,13847.9,13261.5,2604.4,17060.4,2761.6,3319
43201,Babban Duhu A,Safana,Katsina,10898.4,14250.1,3029.3,12960.5,2296.4,2719
41505,Dugul,Ingawa,Katsina,18056.4,17091.1,3514.3,19675.5,3672.1,4120
KN0105,Dundun,Ajingi,Kano,19018.9,19563.2,3902.4,25190.4,3754.4,4618
BA1808,Rishi,Toro,Bauchi,21292.4,22019.3,4484.9,35145.0,4270.3,7769
42008,Sukuntuni,Kankia,Katsina,14723.9,5522.9,1171.7,23156.7,3078.0,4705
42203,Kurfi B,Kurfi,Katsina,29844.0,23818.1,5027.9,24790.8,6225.9,5306
BA0220,Yamrat,Bauchi,Bauchi,21883.3,17714.6,3377.3,30682.8,4081.3,5798
KN3611,Sumaila,Sumaila,Kano,26248.4,28442.1,5628.1,31323.8,8752.5,8227
KN2414,Yalwa,Kiru,Kano,42488.3,43193.8,8617.7,45761.6,9352.4,11297
BA1804,Mara,Toro,Bauchi,15497.5,10408.9,2120.1,29009.0,3104.5,5652
BYSGBB08,Oloibiri-Ward 10,Ogbia,Bayelsa,4015.5,3931.7,491.4,2706.5,990.9,464
BNSUKM01,Aterayange,Ukum,Benue,17240.7,14348.2,2715.5,54722.8,3206.2,7811
AKSMKP08,Ikpa Ibom1,Mkpat Enin,Akwa Ibom,18168.6,20574.2,2565.7,7352.9,2266.4,910
NASNBB04,Duduguru,Obi,Nasarawa,21714.8,26928.2,5331.3,14298.5,4555.0,2558
BNSUKM07,Lumbur,Ukum,Benue,24511.8,26281.6,4974.0,73734.1,4558.4,10616
BNSUKM11,Tsaav,Ukum,Benue,20785.8,24550.0,4646.3,62230.5,3865.5,8901
KGSBAS10,Ozugbe,Bassa,Kogi,6195.0,4713.1,927.9,3848.1,1293.2,642
KGSBAS09,Ozongolo,Bassa,Kogi,5200.6,6959.0,1325.2,2580.0,968.7,422
BNSYGJ01,Abinsi,Guma,Benue,40776.8,25645.9,5229.6,22724.6,8516.4,3236
BNSMKD09,North Bank 1,Makurdi,Benue,71173.0,60776.8,9221.8,100185.6,10722.3,14422
JI0906,Garin Gambo,Gumel,Jigawa,3144.7,3981.7,788.0,3328.7,659.3,733
AKSTTU08,Oku Iboku,Itu,Akwa Ibom,19213.4,24065.5,2854.4,11876.8,2774.9,1471
BA0707,Udubo Central,Gamawa,Bauchi,36206.2,32407.8,6384.3,33673.8,7020.0,6434
BA0219,Miri,Bauchi,Bauchi,49312.9,58815.0,11234.2,68967.3,9220.4,13818
KN3903,Gajida,Tofa,Kano,7432.4,7826.2,1595.2,8413.4,1505.2,1577
43402,Garni,Zango,Katsina,20602.2,19521.2,3967.6,31673.0,4151.6,7133
BA0814,Kafin Madaki B,Ganjuwa,Bauchi,22862.5,17151.7,3546.3,38526.3,4650.3,7271
AKSTTU01,Ayadehe / Mbiabo,Itu,Akwa Ibom,11925.6,14974.4,1807.2,5168.8,1848.5,640
EDSEHR10,Igieduuma,Uhunmwonde,Edo,4321.1,2547.9,336.7,9559.2,550.7,1456
BA0208,Kundun Durum,Bauchi,Bauchi,26111.7,25244.5,4902.9,41923.5,4972.1,7965
BA0206,Dan Dango,Bauchi,Bauchi,17032.3,15881.3,3027.8,27563.6,3176.6,5443
43203,Baure A,Safana,Katsina,19285.7,27523.3,5822.7,23288.8,4043.2,5317
BA0214,Gwaskwaram,Bauchi,Bauchi,16263.6,10192.2,1943.2,23985.3,3033.2,4542
BA1615,Faggo B,Shira,Bauchi,25930.8,13472.6,2669.9,12604.8,5205.9,2744
BNSALD11,Mbasombo,Gwer East,Benue,19888.7,18630.7,3558.6,34826.4,3729.2,4904
BNSALD02,Gbemacha,Gwer East,Benue,11414.1,6420.7,1229.3,17974.6,2142.4,2526
AKSKKN03,Itak,Ikono,Akwa Ibom,16347.7,7873.2,948.7,14825.4,1898.5,1881
BNSALD10,Mbalom,Gwer East,Benue,20820.4,18598.4,3559.6,31039.5,3907.9,4379
BNSALD13,Shough,Gwer East,Benue,9796.9,6907.3,1321.7,21363.0,1842.8,3004
43204,Baure B,Safana,Katsina,23074.5,19114.5,4025.0,14489.8,4794.4,3250
JI0806,Kanya,Garki,Jigawa,16537.8,19436.3,4015.0,23250.5,3386.3,5140
71102,Maskandare,Machina,Yobe,14929.1,11245.4,2078.0,9381.4,2725.5,1518
AKSKTD07,Itreto,Nsit Ubium,Akwa Ibom,29505.3,17970.8,2270.2,8458.7,3614.2,1047
AKSETN08,Urban 1,Etinan,Akwa Ibom,17730.3,15071.3,1841.2,6836.3,2132.7,847
40505,Gaiwa,Bindawa,Katsina,11318.6,10413.1,2151.2,10560.2,2302.1,2332
JI0810,Rafin Marke,Garki,Jigawa,20420.8,15846.7,3270.7,21661.8,4197.2,4398
KN2201,Daura,Karaye,Kano,33059.1,22735.1,4676.9,20230.7,6795.1,3741
JI0311,Yalwan Damai,Birnin Kudu,Jigawa,32299.4,37972.5,7627.9,44337.0,6472.7,11153
AKSAFH04,Ukana East,Essien Udim,Akwa Ibom,42727.1,58413.1,7051.9,25005.9,5018.8,3096
80303,Danfani Sabon Birni,Birnin Magaji-Kiyaw,Zamfara,27278.8,42696.6,8574.4,20034.1,7252.6,3863
KN2210,Yola,Karaye,Kano,18448.6,15135.0,3113.5,11506.0,3779.5,2219
KGSMPA08,Odole 2,Mopa-Muro,Kogi,3796.6,4009.0,660.5,3888.4,607.9,647
JI0404,Diginsa,Biriniwa,Jigawa,31888.0,27573.3,5599.4,23611.4,6499.4,4813
JI0802,Doko,Garki,Jigawa,40183.1,33235.9,6865.7,43783.4,8314.0,9282
71109,Kukayasku,Machina,Yobe,8699.3,6814.7,1259.3,7795.0,1589.4,1315
KN0109,Toranke,Ajingi,Kano,29841.7,26741.5,5310.4,53452.4,5854.2,10682
JI2509,Takatsaba,Sule Tankarkar,Jigawa,17384.0,7595.1,1464.2,20461.3,3334.4,4119
42001,Fakuwa Kafin Dangi,Kankia,Katsina,32224.4,39252.1,8290.0,31738.1,6701.7,6561
JI2308,Sintilmawa,Ringim,Jigawa,23186.0,28330.2,5546.3,38861.9,4505.1,8887
BNSGKP06,Ikobi,Apa,Benue,1642.2,909.9,185.1,1649.9,327.9,244
EBSBZR16,Umuakuma,Ohaozara,Ebonyi,7562.3,7526.8,936.9,2772.7,952.7,474
KGSSAN07,Makutu 1,Yagba East,Kogi,19432.0,21536.7,3853.7,7643.5,3663.0,1260
KN3705,Farun Ruwa,Takai,Kano,15549.7,16994.7,3273.2,22203.8,3142.6,6352
BA1616,Gagidiba,Shira,Bauchi,8441.5,6941.4,1355.2,12892.8,1637.5,2552
BNSGTU08,Okokolo,Agatu,Benue,4760.4,7228.4,1485.4,3150.4,961.1,443
42507,Malumfashi A,Malumfashi,Katsina,42298.2,48484.1,10218.7,52568.0,9302.8,14749
BA1604,Disina A,Shira,Bauchi,11466.3,10235.2,2005.1,14976.9,2198.7,3213
BNSNAK02,Gbaange-Tongov,Gwer West,Benue,4982.6,4257.9,878.0,2992.4,1009.8,421
40606,Kuraye,Charanchi,Katsina,25765.4,32663.3,6892.2,25436.9,5553.1,5832
BA1611,Zubo,Shira,Bauchi,16216.7,23991.2,4750.2,23153.7,3148.5,4539
42209,Wurma A,Kurfi,Katsina,14536.4,16417.9,3430.9,18168.2,2969.4,3854
BA1606,Beli,Shira,Bauchi,10569.2,14416.8,2854.3,15710.6,2060.1,3211
BA1617,Kilbori B,Shira,Bauchi,25587.4,20037.6,4027.1,19389.4,5074.0,3723
BNSNAK12,Sengev / Yengev,Gwer West,Benue,3785.4,2738.9,564.7,2948.9,766.3,420
BNSNAK11,Sengev,Gwer West,Benue,2876.3,1841.3,379.7,1515.4,582.3,213
BNSNAK15,Tyoughatee / Ijaha,Gwer West,Benue,4141.3,4534.1,934.9,1719.9,838.4,242
BNSNAK06,Mbapa,Gwer West,Benue,2966.0,2738.9,564.7,4088.1,600.4,586
KN0307,Rimin Dako,Bagwai,Kano,23209.1,29931.7,6136.4,31899.0,4721.2,5471
41703,Gamzago,Kafur,Katsina,28893.1,29968.8,6396.5,38336.6,6078.8,8330
JI2402,Baragumi,Roni,Jigawa,19667.2,17789.2,3608.2,15394.5,4106.9,3042
42706,Karau,Mashi,Katsina,31206.4,32722.8,7096.8,43929.5,6676.1,9121
42701,Bamle,Mashi,Katsina,29633.0,33077.2,7232.4,40897.8,6330.4,8272
42702,Doguru A,Mashi,Katsina,20701.8,19427.1,4213.5,26874.6,4438.7,5381
BA0304,Boi,Bogoro,Bauchi,19482.3,22663.6,4127.4,13680.4,3478.3,2564
42010,Tsa Magam,Kankia,Katsina,22080.5,21493.7,4557.2,37385.6,4605.8,7636
BA1602,Sambuwal,Shira,Bauchi,8821.0,8045.5,1581.5,15242.5,1699.4,2969
40301,Abadau Kagara,Batsari,Katsina,38050.0,33531.7,7122.8,30957.6,8043.2,6247
40902,Dandire A,Dan Musa,Katsina,12633.8,13724.0,2837.4,15131.9,2570.0,3273
BA1705,Tapshin,Tafawa-Balewa,Bauchi,21572.0,16823.5,3096.0,28938.8,3867.5,5411
BA1102,Jama'are B,Jama'Are,Bauchi,3008.2,4599.3,916.6,4131.9,1031.3,1187
42506,Makaurachi,Malumfashi,Katsina,18665.8,18877.8,3998.7,22266.3,3893.4,4774
JI2704,Gurjiya,Yankwashi,Jigawa,16504.2,12132.4,2538.4,22182.7,3458.9,4592
KN1401,Dal,Garko,Kano,26461.7,35994.4,7166.4,35391.3,6148.5,7200
JI0606,Kachi,Dutse,Jigawa,74731.6,72707.8,14226.9,81196.7,15863.6,20114
BA1608,Shira,Shira,Bauchi,36210.3,39580.2,7954.8,26403.4,7503.6,5441
KN4008,Yankamaye,Tsanyawa,Kano,30364.2,34006.8,7140.0,28850.2,6365.3,5344
43210,Zakka B,Safana,Katsina,19139.7,21347.8,4495.9,18917.2,3987.9,4207
BA1815,Wonu South,Toro,Bauchi,15495.4,17744.0,3614.1,22841.5,3104.2,4403
BA0211,Dan Iya,Bauchi,Bauchi,98258.7,120026.4,22883.4,136815.4,18521.8,26756
BNSTKP04,Entekpa,Oturkpo,Benue,5027.8,3865.6,683.8,6007.6,867.1,909
BNSUKM09,Mbayenge,Ukum,Benue,7486.0,8381.5,1586.3,23247.9,1392.2,3283
JI2408,Sankau,Roni,Jigawa,8147.7,7017.8,1389.5,7519.7,1661.5,2223
42410,Natsalle,Mai'Adua,Katsina,28624.5,22686.1,4710.0,39090.0,5956.4,8389
40509,Shibdawa,Bindawa,Katsina,18911.4,19097.8,3971.8,20138.0,3873.5,4420
40504,Doro,Bindawa,Katsina,26643.5,29455.3,6100.6,26752.2,6050.3,6185
JI0408,Kazura,Biriniwa,Jigawa,20532.5,21710.7,4432.5,16878.9,4150.1,3397
EBSBZR24,Umuodigbo,Ohaozara,Ebonyi,12411.2,16820.4,2100.6,9792.8,1573.9,1691
KN1001,Danguguwa,Dawakin Tofa,Kano,28439.1,26946.2,5493.4,28066.2,5942.6,6021
BNSWNN10,Tongov,Tarka,Benue,7002.2,7666.2,1575.8,5000.5,1411.1,703
BNSWNN05,Mbakwakem,Tarka,Benue,5445.3,1788.1,367.5,4172.1,1092.5,586
42508,Malumfashi B,Malumfashi,Katsina,31998.1,34358.9,7241.7,44134.0,7841.6,11990
JI0508,Lelen Kudu,Buji,Jigawa,18872.3,22902.4,4706.0,19517.1,3829.9,3790
JI1605,Girbobo,Kaugama,Jigawa,12701.6,12251.4,2468.9,14560.7,2549.2,2936
71005,Gasma,Karasuwa,Yobe,12053.1,8842.4,1708.0,12823.7,2297.8,2186
OYSIJA01,Ajimati / Ojaoba,Iwajowa,Oyo,6599.6,4929.5,605.6,3807.6,1017.5,541
EBSCHR17,Ndiegu Igbudu / Igbudu 1 / Uduku,Ikwo,Ebonyi,7981.1,11883.0,1730.5,7652.9,1152.9,1321
EBSBKL18,Ndubia,Izzi,Ebonyi,18194.5,46999.0,8566.0,17736.9,3163.7,3032
70510,Damagum B,Fune,Yobe,60953.0,27577.8,5449.4,35584.4,12317.4,6135
BYSYEN13,Gbarain 3,Yenegoa,Bayelsa,8206.3,7588.6,930.2,9378.8,1510.5,2065
BA1803,Ribina East,Toro,Bauchi,29584.3,33804.4,6885.2,37680.6,5945.8,7432
40511,Yangora,Bindawa,Katsina,8090.4,11509.1,2471.7,14687.1,1714.0,3216
KGSSAN03,Ifeolukotun 1,Yagba East,Kogi,4986.7,5186.6,870.6,6298.1,833.6,1177
BA1801,Toro,Toro,Bauchi,40885.8,42327.1,8621.1,53238.6,8334.2,10927
81310,Yankuzo B,Tsafe,Zamfara,12550.5,16322.6,3327.1,14483.8,2804.2,3138
AKSDRK09,Ikpe Ikot Nkon / Ikpe 2,Ini,Akwa Ibom,16694.5,18868.3,2334.8,8170.4,2207.5,1012
OYSKAA09,Iwere / Ilaji,Kajola,Oyo,1518.2,212.7,26.5,2714.0,181.6,383
KN4109,Shuwaki,Tudun Wada,Kano,23199.2,21486.4,4348.2,21449.4,4957.1,4468
42403,Danyashe,Mai'Adua,Katsina,31168.3,31713.3,6519.4,35118.4,6946.9,8414
NASLFA09,Keffin Wambai,Lafia,Nasarawa,20649.9,24121.1,4548.7,29335.2,3832.2,5114
KN4111,Yaryasa,Tudun Wada,Kano,43603.3,40426.4,8164.6,32710.5,9230.2,6696
AKSKET04,Urban 1,Eket,Akwa Ibom,18430.6,21431.2,2652.1,17376.2,2238.2,2170
BA1515,Nasaru B,Ningi,Bauchi,23982.9,18239.8,3754.8,17790.6,4891.3,3678
40607,Majen Wayya,Charanchi,Katsina,25852.4,6048.4,1276.1,22398.6,5376.0,4701
JI2407,Roni,Roni,Jigawa,10438.2,12776.9,2529.8,13619.3,2251.6,3726
BA1612,Bangire,Shira,Bauchi,23069.2,26036.8,5232.9,19325.0,4566.7,3886
71707,Tulotulo,Yusufari,Yobe,15600.3,18750.3,3515.6,31362.0,2868.5,5309
AKSDUU09,Central Uruan 1,Uruan,Akwa Ibom,26560.0,26534.3,3427.7,22072.1,3362.4,2749
JI0805,Jirima,Garki,Jigawa,14160.6,17868.5,3691.2,19578.3,2899.2,4303
42609,Mani,Mani,Katsina,24557.6,26307.1,5665.6,32860.9,5292.6,8164
42407,Mai'adua C,Mai'Adua,Katsina,15764.5,21454.0,4535.3,18515.1,3560.1,5151
BA1610,Tumfafi,Shira,Bauchi,30445.5,34959.0,7028.5,29476.4,6029.3,5883
BA1603,Bukul,Shira,Bauchi,19068.7,13702.4,2752.1,13276.8,3819.8,3101
KN4405,Indabo,Wudil,Kano,8291.1,12030.5,2211.2,13227.1,1987.9,3553
BA0301,Badagari,Bogoro,Bauchi,5566.7,7687.5,1399.9,3183.0,994.9,595
AKSDRK02,Nkari,Ini,Akwa Ibom,9846.4,5358.1,678.7,8501.9,1208.3,1055
JI0307,Sundimina,Birnin Kudu,Jigawa,46095.9,48562.9,9853.8,63958.6,9273.4,14460
BA1605,Faggo A,Shira,Bauchi,24266.6,10193.9,2004.2,14841.2,4730.8,3807
KN4310,Madari,Warawa,Kano,8323.6,11255.1,2168.4,21034.3,1580.2,3703
BA1607,Kilbori A,Shira,Bauchi,23620.4,29925.4,5983.7,21369.3,4646.4,4075
BA1614,Disina B,Shira,Bauchi,13733.6,7257.5,1465.6,9423.4,2739.5,2113
JI0507,Kukuma,Buji,Jigawa,28690.9,30301.7,6197.8,27303.0,5785.5,5539
42511,Yaba,Malumfashi,Katsina,31004.9,36284.1,7603.9,37707.8,6409.8,8191
40903,Dandire B,Dan Musa,Katsina,9404.6,8970.5,1864.8,9554.5,1921.4,2172
BA1618,Yana,Shira,Bauchi,33416.0,33505.9,6734.0,18370.0,7951.5,3795
42707,Majigiri,Mashi,Katsina,25160.7,25306.9,5406.9,25380.3,5279.4,5072
JI0709,Yalawa,Gagarawa,Jigawa,4931.4,6256.9,1261.0,7460.1,985.7,1668
JI0305,Kwangwara,Birnin Kudu,Jigawa,21666.1,25570.3,5138.9,26964.5,4311.0,5453
JI0310,Wurno,Birnin Kudu,Jigawa,65396.3,53466.8,10756.7,51670.5,13120.0,11035
BA0305,Project,Bogoro,Bauchi,7825.9,8965.7,1749.0,6801.0,1494.9,1271
BA1601,Andubun,Shira,Bauchi,17966.0,11984.7,2353.8,23050.1,3475.7,4310
40507,Jibawa,Bindawa,Katsina,22959.7,26920.9,5573.3,24495.8,4675.3,4915
42409,Maikoni B,Mai'Adua,Katsina,12430.0,13603.4,2818.1,16271.6,2550.1,3779
40306,Karare,Batsari,Katsina,20824.7,19721.6,4192.4,19682.5,4366.0,4165
KN3308,Rimin Gado,Rimin Gado,Kano,21248.1,22640.9,4402.3,18185.5,5538.8,4481
43207,Safana,Safana,Katsina,32659.7,33283.1,7009.5,34307.5,7411.9,8001
BA1105,Dogon Jeji A,Jama'Are,Bauchi,4262.9,6370.2,1269.5,4673.6,834.3,1015
BA0312,Lusa,Bogoro,Bauchi,13194.9,14791.4,2693.4,6313.6,2354.5,1180
BA1103,Jama'are C,Jama'Are,Bauchi,6313.6,7287.6,1452.3,3924.8,1865.0,960
JI0610,Madobi,Dutse,Jigawa,43538.2,44802.9,9078.4,64483.2,8833.7,14818
JI0605,Jigawar Tsada,Dutse,Jigawa,50978.2,43107.2,8430.8,45808.7,10691.9,10170
FCTKUJ04,Gwargwada,Kuje,Fct,9593.1,16423.6,2851.0,3284.8,2768.8,536
81309,Yankuzo A,Tsafe,Zamfara,19490.6,22474.5,4552.9,22122.4,3925.4,4453
JI0607,Karnaya,Dutse,Jigawa,30291.8,35983.7,7037.5,29989.2,5866.1,5819
KN3304,Dugurawa,Rimin Gado,Kano,14644.1,10294.8,2022.6,8955.0,3030.9,1585
BA1609,Tsafi,Shira,Bauchi,56946.0,53249.6,10715.0,37357.1,11402.1,7507
JI2409,Tunas,Roni,Jigawa,9156.7,11277.0,2244.3,11185.6,1815.3,2401
42210,Wurma B,Kurfi,Katsina,20557.1,15246.1,3217.4,17245.5,4267.1,3452
41803,Dankaba,Kaita,Katsina,20364.7,20022.5,4198.0,22977.8,4213.9,4608
KN0907,Gurjiya,Dawakin Kudu,Kano,26344.8,29097.4,5556.3,22022.7,5614.7,4524
42710,Tamilo A,Mashi,Katsina,15037.0,15362.3,3331.9,16972.4,3214.4,3480
KN0306,Kwajale,Bagwai,Kano,21623.6,28421.0,5830.5,34438.4,4369.3,6030
KN3901,Dindere,Tofa,Kano,7119.6,7999.0,1630.7,8768.1,1438.4,1514
JI1403,Gauza,Jahun,Jigawa,31314.5,28434.9,5795.7,42160.9,6444.5,8935
JI0609,Limawa,Dutse,Jigawa,28720.4,31452.4,6298.0,35287.6,5728.2,8143
BA1503,Nasaru A,Ningi,Bauchi,31721.6,26110.4,5348.3,23914.1,6412.9,5280
KN4007,Tsanyawa,Tsanyawa,Kano,27227.3,33040.7,6927.0,23992.6,6287.5,5134
40501,Baure,Bindawa,Katsina,14902.1,16226.1,3359.2,14428.9,3115.0,2948
KN0909,Tanburawa,Dawakin Kudu,Kano,47477.0,55137.1,10609.3,38504.5,13639.3,9441
42708,Mashi,Mashi,Katsina,44136.6,47824.1,10354.1,55340.7,9939.2,12934
BA0202,Dan Amar B,Bauchi,Bauchi,23402.6,20493.3,3907.1,39923.4,4489.1,12641
41907,Kukasheka,Kankara,Katsina,24888.4,22170.0,4645.5,26136.4,5148.9,5646
AKSDUU05,Southern Uruan 5,Uruan,Akwa Ibom,11470.5,5312.0,686.2,9151.2,1474.9,1184
AKSDYY06,Ikono 1,Uyo,Akwa Ibom,20940.5,16647.9,1830.5,20968.0,2246.5,2630
JI1309,Sabon Garu,Hadejia,Jigawa,21350.3,30539.7,6077.2,24627.2,5532.8,6088
BA1802,Tilde,Toro,Bauchi,62474.8,59308.4,11749.3,62531.0,12729.3,12795
JI1110,Tsangarwa,Gwaram,Jigawa,38797.0,42480.7,8757.6,46275.8,7880.1,9750
KN2707,Sarkin Kura,Kura,Kano,9353.9,14071.7,2652.5,13762.7,2807.4,5831
JI0407,Karanga,Biriniwa,Jigawa,17509.4,15850.1,3232.7,16608.2,3544.5,3286
40807,Tandama,Danja,Katsina,21634.9,21260.4,4500.2,24675.4,4534.8,6064
42009,Tafashiya Nasarawa,Kankia,Katsina,17569.7,16002.6,3394.9,21044.9,3673.0,4598
JI1910,Shuwarin,Kiyawa,Jigawa,37428.8,37437.4,7874.1,38066.9,8020.5,7844
KN0609,Kumurya,Bunkure,Kano,27007.8,27472.2,5444.4,29677.5,5581.4,6944
JI0503,Chirbin,Buji,Jigawa,7507.1,10725.2,2182.9,13186.6,1510.6,3140
42501,Borindawa,Malumfashi,Katsina,18189.3,11022.8,2323.2,14806.7,3778.9,3171
40608,Radda,Charanchi,Katsina,33762.7,7010.4,1478.0,19404.5,7179.8,4001
BA1613,Dango,Shira,Bauchi,20124.6,18736.9,3753.9,15027.9,3972.1,3092
BA1912,Wando,Warji,Bauchi,6817.7,5228.5,1080.5,5536.5,1388.7,1213
NASLFA11,Shabu Kwandare,Lafia,Nasarawa,41443.2,44409.5,8352.0,43080.1,7694.7,7578
NASLFA07,Ciroma,Lafia,Nasarawa,67469.2,64103.9,12055.7,82785.1,13072.9,14663
KGSBAS03,Ayede / Akakana,Bassa,Kogi,16058.9,16928.8,3223.1,8084.3,3033.0,1323
KGSBAS06,Ikende,Bassa,Kogi,11699.2,14315.8,2727.8,6689.5,2193.0,1094
KN0401,Anadariya,Bebeji,Kano,8589.7,9204.0,1841.5,7171.1,1855.4,1410
EBSNKE03,Amana,Ezza South,Ebonyi,8034.5,7002.6,923.5,6988.1,1025.4,1194
NASAKW11,Nunku,Akwanga,Nasarawa,1709.0,1175.4,199.5,1770.3,283.5,308
NASAKW03,Akwanga West,Akwanga,Nasarawa,37418.0,38543.2,6540.8,40266.1,6376.4,7263
NASAKW02,Akwanga East,Akwanga,Nasarawa,36982.7,36906.6,6269.3,42653.8,6345.1,7683
NASAKW01,Agyaga,Akwanga,Nasarawa,13974.3,12568.1,2132.8,14420.3,2318.0,2523
BA0603,Bununu Central,Dass,Bauchi,11629.5,15245.2,3119.1,12310.5,3154.7,2756
NASAKW05,Andaha,Akwanga,Nasarawa,6732.6,7439.4,1262.5,10122.6,1117.3,1819
NASAWE03,Galadima,Awe,Nasarawa,2393.2,1832.6,346.2,3577.3,449.8,629
NASAWE04,Jangaru,Awe,Nasarawa,16532.5,19715.0,4083.8,12538.5,3380.4,2195
NASAWE02,Azara,Awe,Nasarawa,16347.9,14234.6,2941.0,21359.7,3318.7,3714
NASAWE01,Akiri,Awe,Nasarawa,4211.4,4952.6,1026.6,3025.0,857.8,547
NASDMA10,Sarkin-Dawaki,Doma,Nasarawa,7846.7,3697.3,735.7,9608.1,1643.2,1726
NASDMA08,Rukubi,Doma,Nasarawa,9508.4,6287.5,1214.6,30644.4,1830.5,5383
NASDMA06,Madaki,Doma,Nasarawa,19697.4,26165.5,5200.7,26431.6,4055.1,4637
NASDMA02,Akpanaja,Doma,Nasarawa,55752.5,70364.3,13994.8,37012.0,13228.7,6606
NASGRU11,Yelwa,Kokona,Nasarawa,1064.3,1062.2,206.1,1489.0,202.8,276
NASGRU09,Koya,Kokona,Nasarawa,2251.6,1902.6,366.4,4258.0,425.4,749
NASGRU03,Bassa,Kokona,Nasarawa,571.9,312.1,60.6,747.0,108.8,130
NASGRU01,Agwada,Kokona,Nasarawa,1695.9,921.2,178.8,3532.1,326.6,614
NASGRU04,Dari,Kokona,Nasarawa,20770.0,21097.4,4094.0,24187.0,3960.3,4648
NASKEF03,Goriya,Keffi,Nasarawa,23268.2,24225.6,4464.4,22790.7,4254.6,3968
NASKEF10,Yara,Keffi,Nasarawa,8866.3,7751.7,1329.1,11673.9,1662.7,2220
43004,Kadandani,Rimi,Katsina,16032.2,17368.9,3703.9,20049.1,3452.4,5262
NASKEN09,Obene,Keana,Nasarawa,6262.3,4834.2,925.2,2205.3,1315.8,383
KGSMPA05,Lieteju 1,Mopa-Muro,Kogi,3731.5,4249.0,700.1,4933.7,597.8,913
NASKEN05,Iwagu,Keana,Nasarawa,14529.0,15418.2,2950.9,11704.8,3306.4,2238
NASKEN02,Aloshi,Keana,Nasarawa,10666.9,10548.3,2033.1,9498.1,2068.3,1651
NASKEN10,Oki,Keana,Nasarawa,12181.2,9729.5,1862.1,6466.3,2501.9,1125
TRSWKR05,Hospital,Wukari,Taraba,25608.5,27343.1,4845.0,36627.3,4488.5,7574
NASKEN03,Amiri,Keana,Nasarawa,14489.6,9964.7,1920.4,5962.4,2931.4,1036
NASKEN01,Agaza,Keana,Nasarawa,5896.1,6895.7,1325.0,5822.9,1123.0,1018
ODSAKN10,Oke-Iju,Akure North,Ondo,4534.3,3577.8,465.6,11162.7,573.8,1689
NISKHA06,Essa,Katcha,Niger,15292.8,15707.1,3184.4,20247.8,3044.6,4392
40701,Dandume A,Dandume,Katsina,31851.3,55173.6,11456.3,56636.4,8615.3,16717
43302,Daneji B,Sandamu,Katsina,14567.3,14321.1,2940.2,15817.4,3095.6,3518
NASKEN08,Madaki,Keana,Nasarawa,10652.2,15647.0,2995.9,10141.6,2050.8,1822
NASNBB10,Tudun-Adabu,Obi,Nasarawa,16841.8,11765.2,2336.7,6340.5,3618.1,1102
NASNBB01,Adudu,Obi,Nasarawa,9367.4,8513.6,1691.0,4531.2,1833.1,787
ODSAKN07,Odo-Oja,Akure North,Ondo,379.4,151.1,19.8,872.8,48.2,116
KGSERE14,Okeri,Yagba West,Kogi,10208.6,23552.4,4159.0,4513.9,2406.3,753
NASNBB03,Daddare,Obi,Nasarawa,32630.7,37319.1,7408.7,20077.3,7793.4,3575
NASNBB02,Agwatashi,Obi,Nasarawa,25056.7,29528.0,5862.7,18767.2,5103.0,3370
NASNTT07,Shaffa-Abakpa,Toto,Nasarawa,14107.8,14146.0,2861.1,12703.1,2797.1,2242
NASWAM05,Kwarra,Wamba,Nasarawa,11543.6,12229.7,2430.1,9918.6,2245.2,1732
NASWAM06,Mangar,Wamba,Nasarawa,8091.9,7865.6,1511.6,6763.8,1516.8,1181
NASWAM02,Gitta,Wamba,Nasarawa,9889.4,11805.7,2345.8,9659.1,1923.2,1679
NASWAM07,Nakere,Wamba,Nasarawa,8379.3,8618.5,1712.5,7932.5,1628.7,1398
NASWAM08,Wamba East,Wamba,Nasarawa,14012.5,10906.6,2167.2,9858.6,2839.1,1804
NASWAM01,Arum,Wamba,Nasarawa,8788.8,10906.6,2167.2,9040.3,1708.2,1575
NASWAM04,Konvah,Wamba,Nasarawa,9116.9,6016.2,1195.4,7043.3,1773.8,1239
NISKHA04,Dzwafu,Katcha,Niger,8673.2,9093.0,1825.6,13150.1,1715.2,2970
NASNBB07,Gwadenye,Obi,Nasarawa,11101.8,10588.4,2073.5,7556.0,2342.8,1343
NASNSW04,Guto Aisa,Nasarawa,Nasarawa,5302.3,5696.6,1084.7,5942.8,989.9,1034
ODSAKN03,Iluabo,Akure North,Ondo,7796.3,4926.2,645.5,19160.0,989.5,2858
ODSAKN11,Oke-Ore,Akure North,Ondo,4486.4,3217.0,421.5,8096.2,561.1,1117
NASNTT05,Katakpa,Toto,Nasarawa,3626.5,4200.8,849.6,5973.8,718.2,1045
NASNTT03,Gwalgwada,Toto,Nasarawa,12905.4,15847.3,3205.2,11069.6,2565.0,1949
NASNSW09,Nasarawa Maintown,Nasarawa,Nasarawa,19822.7,17833.7,3395.9,22678.9,3725.5,4053
NASNSW10,Nasarawa North,Nasarawa,Nasarawa,19924.5,28206.4,5371.0,35849.2,3720.2,6398
PLSQAP07,Kurgwi East,Qua'An Pan,Plateau,12369.0,13121.7,2297.3,14370.6,2119.3,2264
NASNSW11,Odeni Gida,Nasarawa,Nasarawa,6941.8,9352.2,1780.8,13255.3,1296.9,2366
NASNTT02,Garagwa,Toto,Nasarawa,13853.2,16627.9,3363.1,13247.9,2765.2,2348
NASNTT09,Shege,Toto,Nasarawa,13300.1,11690.4,2364.5,7996.7,2642.9,1400
JI2211,Zareku,Miga,Jigawa,11353.2,13858.5,2796.5,14483.5,2395.6,3305
TRSDGA01,Akate,Donga,Taraba,67241.5,74323.3,14501.1,115409.1,12889.7,18621
TRSDGA06,Kadarko,Donga,Taraba,22781.9,14300.2,2770.9,34246.2,4324.2,5504
TRSWKR07,Kente,Wukari,Taraba,48227.3,55497.2,9920.3,82586.4,8470.2,13556
JI2703,Dawan Gawo,Yankwashi,Jigawa,7439.8,7222.0,1512.2,9360.7,1654.4,2094
40412,Yanmaulu,Baure,Katsina,28398.4,35987.8,7396.8,29720.7,6154.0,6231
EBSEBJ01,Achiagu Ogboji,Ezza North,Ebonyi,15567.9,22501.4,3355.6,7438.4,2286.4,1271
NISAGA07,Etsugaie,Agaie,Niger,12010.2,13824.7,2860.8,16946.3,2447.8,3620
TRSDGA02,Asibiti,Donga,Taraba,25030.1,21602.8,4186.0,23427.5,4755.3,3763
TRSWKR01,Akwana,Wukari,Taraba,29072.6,30001.1,5764.0,38558.6,5570.7,6253
KN1205,Fagge D2,Fagge,Kano,15004.5,21141.2,4117.5,19302.3,4594.6,3959
KN2603,Gwarmai,Kunchi,Kano,17721.2,25519.8,5211.1,30551.4,3925.5,5481
TRSWKR02,Avyi,Wukari,Taraba,20334.8,22992.1,4074.0,29533.2,3568.3,4978
TRSWKR04,Chonku,Wukari,Taraba,48972.1,54844.2,9790.2,119747.8,8562.9,19713
40202,Bakiyawa,Batagarawa,Katsina,28374.1,22530.6,4669.6,26151.7,5891.8,6059
TRSWKR03,Bantaje,Wukari,Taraba,83172.4,41427.5,7358.3,72072.6,14796.9,11737
TRSWKR09,Rafin Kada,Wukari,Taraba,60967.7,70659.4,12771.1,102338.9,10832.6,16605
JI1302,Dubantu,Hadejia,Jigawa,8212.8,19764.9,3991.0,11365.6,4293.1,3491
JI2007,Madana,Maigatari,Jigawa,10600.8,12471.5,2468.1,10582.1,2218.6,2223
JI2302,Dabi,Ringim,Jigawa,34035.7,28673.0,5620.4,37193.9,6830.0,9122
KN3910,Tofa,Tofa,Kano,13882.5,14377.4,2916.7,18419.7,3098.9,5233
71106,Dole,Machina,Yobe,11516.4,17040.3,3268.4,18118.3,2102.7,2956
JI2208,San Sani,Miga,Jigawa,10400.0,13843.8,2796.1,13042.6,2199.4,3079
KN1909,Sabon Birni,Gwarzo,Kano,25731.8,24558.0,5114.7,20613.0,5304.7,3632
42606,Kwatta,Mani,Katsina,17189.6,12828.5,2762.8,21211.8,3647.5,4853
JI2406,Kwaita,Roni,Jigawa,13640.2,16982.9,3433.7,15548.5,2868.9,3302
KN1503,Dorawar Sallau,Garun Malam,Kano,7061.5,8413.1,1540.9,9059.5,1848.3,2695
KN2308,Kibiya 1,Kibiya,Kano,10584.1,16263.8,3295.4,13917.4,2622.1,4323
KN1709,Tumbau,Gezawa,Kano,11442.7,15903.7,3207.9,20242.2,2311.1,3840
KN2811,Rikadawa,Madobi,Kano,12467.9,15977.7,3071.6,14911.3,2593.5,3574
41104,Kayawa,Dutsi,Katsina,48774.2,38718.1,8090.1,39181.9,10743.1,8753
KN2404,Dangora,Kiru,Kano,27233.1,25630.3,5068.8,24748.0,6016.6,5423
42803,Karaduwa,Matazu,Katsina,15077.9,2176.4,444.3,14484.1,3047.6,2917
43407,Rogogo,Zango,Katsina,16281.4,20653.5,4197.8,26413.5,3275.6,6286
KN4409,Utai,Wudil,Kano,15661.5,15477.2,2989.4,20525.3,3420.2,5519
JI1707,Maradawa,Kazaure,Jigawa,18144.1,12495.5,2518.2,13457.7,3851.1,3008
KN4402,Dagumawa,Wudil,Kano,21306.9,33996.2,6247.6,36345.9,6190.3,8710
JI2707,Kuda,Yankwashi,Jigawa,9447.4,8192.3,1710.3,9603.0,1948.8,2209
KN0911,Unguwar Duniya,Dawakin Kudu,Kano,11021.0,14594.0,2831.9,10674.1,2287.2,2237
42104,Gabas 2,Katsina,Katsina,36690.8,41597.8,8206.9,48734.0,9482.4,13782
KN3011,Wasai,Minjibir,Kano,34643.1,1457.8,299.5,38763.2,7820.6,8685
KN0110,Unguwar Bai,Ajingi,Kano,15599.9,17496.6,3451.3,22065.4,3061.9,4354
OGSABN07,Ikereku 1,Abeokuta North,Ogun,12040.9,7434.3,1083.6,11464.9,1699.3,1345
JI2304,Karshi,Ringim,Jigawa,19592.4,23803.7,4756.3,26339.7,3901.2,6004
JI2404,Fara Barije,Roni,Jigawa,7317.1,7319.7,1457.6,8173.2,1441.4,1711
KN0710,Kofar Ruwa,Dala,Kano,29054.2,131726.6,24342.3,44365.7,23129.8,17445
40503,Dallaje,Bindawa,Katsina,24862.1,32413.7,6690.5,27668.9,5054.7,5768
KN1311,Zugachi,Gabasawa,Kano,17925.7,29874.3,6069.5,23905.8,3803.1,5213
BA1108,Hanafari,Jama'Are,Bauchi,7412.2,11122.4,2216.5,7529.0,1455.4,1455
BA1009,Gadau,Itas/Gadau,Bauchi,40844.0,41964.7,8562.4,34457.8,8285.7,6865
42505,Karfi,Malumfashi,Katsina,31177.9,31873.5,6680.0,35266.2,6445.1,7958
80809,Sakajiki,Kaura Namoda,Zamfara,35754.8,36647.9,7408.6,17301.2,7367.1,3020
42406,Mai'adua B,Mai'Adua,Katsina,22009.0,52200.4,11417.7,25001.6,5310.3,7105
JI1603,Dabuwaran,Kaugama,Jigawa,11680.2,15749.1,3134.5,19491.4,2312.1,4231
KN4311,Tamburawan Gabas,Warawa,Kano,8068.4,8237.6,1562.4,16640.1,1515.0,3029
KN1710,Wangara,Gezawa,Kano,14995.5,12596.4,2538.0,29293.7,2987.9,6372
43401,Dargage,Zango,Katsina,19057.5,26091.4,5388.0,25853.3,3886.4,6193
JI2701,Achilafiya,Yankwashi,Jigawa,11360.0,11809.4,2464.2,13428.8,2463.4,3567
80811,Yankaba,Kaura Namoda,Zamfara,20788.1,23460.5,4731.3,12781.7,4392.0,2369
JI1108,Maruta,Gwaram,Jigawa,23623.1,15168.9,3128.5,17852.6,4807.4,4104
KN4210,Yada Kunya,Ungogo,Kano,30251.2,36485.8,7481.9,42379.7,6626.2,8648
42102,Arewa 2,Katsina,Katsina,28499.1,25981.2,5138.3,28592.8,6829.2,8049
KN1507,Jobawa,Garun Malam,Kano,12242.9,15638.4,2392.8,13982.1,1889.4,2586
42801,Dissi,Matazu,Katsina,13799.9,11426.6,2332.6,10741.3,2780.0,2328
KN0405,Durmawa,Bebeji,Kano,18146.3,22912.0,4528.0,25809.3,3583.3,5269
BA0306,Bugun,Bogoro,Bauchi,2657.3,3238.5,589.7,1261.6,473.5,236
JI2306,Ringim,Ringim,Jigawa,62505.7,63338.0,12465.2,73818.6,14519.7,21012
BA0809,Nassarawa A,Ganjuwa,Bauchi,30480.2,21492.3,4443.7,48142.3,6199.8,9088
43403,Gwamba,Zango,Katsina,12218.4,9568.1,1944.7,16062.8,2459.8,3600
JI1305,Kasuwar Kuda,Hadejia,Jigawa,3601.7,7526.0,1519.7,4356.6,1416.5,1535
43306,Karkarku,Sandamu,Katsina,6732.2,7575.3,1572.7,6308.1,1728.2,2045
KN0510,Waire,Bichi,Kano,17546.2,15562.5,3149.2,35679.0,3509.8,6092
43103,Gamji,Sabuwa,Katsina,19261.6,21125.5,4387.5,13065.2,4231.6,3139
43410,Zango,Zango,Katsina,32813.7,23895.9,5034.7,43754.1,7494.4,13058
BA1501,Ningi East,Ningi,Bauchi,24705.1,32665.1,6724.2,26317.1,5224.7,5653
JI2609,Sabongarin Yaya,Taura,Jigawa,13286.8,15844.3,3404.0,16578.3,3609.4,4340
JI1202,Dabi,Gwiwa,Jigawa,13487.2,14578.9,2886.6,14966.1,2631.9,2986
42404,Koza,Mai'Adua,Katsina,49250.4,68703.1,14639.7,54514.1,10279.2,12203
JI0504,Falgeri,Buji,Jigawa,10679.6,9122.0,1874.4,11969.9,2171.4,2333
40409,Taramnawa,Baure,Katsina,22002.6,28660.1,6021.2,21948.2,4939.4,4800
81106,Kurya,Shinkafi,Zamfara,14894.4,14570.9,2907.6,11088.4,3250.6,1980
KN2910,Tangaji,Makoda,Kano,26228.2,23328.6,4789.2,14580.3,6269.7,2555
KN0709,Kofar Mazugal,Dala,Kano,7664.3,19361.4,3647.4,11705.4,4268.4,4194
JI0904,Dantanoma,Gumel,Jigawa,22501.4,40516.4,8132.5,21507.5,6227.1,4645
KN3206,Rurum Tsohon Gari,Rano,Kano,29420.5,25467.2,5266.8,20358.8,7389.4,5189
KN1110,Zainabi,Doguwa,Kano,16320.8,16401.7,3319.2,20652.6,3250.9,3748
JI0901,Alhaji Barka,Gumel,Jigawa,11128.0,7601.5,1525.8,6769.4,2227.0,1358
KN2812,Yakun,Madobi,Kano,6283.4,7770.9,1598.1,6354.0,1301.0,1138
41507,Kandawa,Ingawa,Katsina,25081.4,22065.0,4547.7,23331.7,5160.6,4866
JI0902,Bekarya,Gumel,Jigawa,9926.3,13427.2,2659.1,8911.5,2074.2,1926
KN1505,Garun Babba,Garun Malam,Kano,16215.2,11578.6,1808.1,12711.9,3090.6,3337
KN2006,Gude,Kabo,Kano,14021.9,16318.2,3287.3,22348.5,3295.5,4510
KN4406,Kausani,Wudil,Kano,31160.6,32765.5,6352.3,34590.3,6639.7,7287
JI1405,Harbo Sabuwa,Jahun,Jigawa,21327.7,26535.2,5427.8,28208.9,4870.5,7477
41910,Yartsamiya,Kankara,Katsina,14368.5,16882.4,3500.0,17086.6,2953.6,3727
KN3204,Rano,Rano,Kano,27800.5,47462.8,9813.6,31680.5,7717.0,8704
43304,Fago B,Sandamu,Katsina,21513.6,22586.6,4630.8,22815.5,4913.5,5281
43105,Machika,Sabuwa,Katsina,13175.8,13645.0,2846.3,13908.1,2751.2,3334
BA0311,Gyara,Bogoro,Bauchi,6273.3,6477.0,1179.4,3934.0,1121.6,735
42512,Yarmama,Malumfashi,Katsina,15975.2,13580.0,2862.2,15093.9,3318.9,3134
43002,Fardami,Rimi,Katsina,17759.6,14363.3,3063.8,16478.4,3739.3,3714
42605,Jani,Mani,Katsina,19107.6,17262.2,3685.0,22130.5,4038.0,5273
KN2911,Wailare,Makoda,Kano,13170.4,17080.6,3496.7,10331.6,4244.0,2463
JI1204,Firji,Gwiwa,Jigawa,5575.1,5237.5,1093.1,7598.5,1204.2,2031
42909,Musawa,Musawa,Katsina,33771.0,26161.3,5399.1,27047.0,7021.2,5939
JI0808,Kore,Garki,Jigawa,14874.2,14563.8,2924.4,20612.1,3145.1,4597
JI1509,Ruba,Kafin Hausa,Jigawa,47935.8,42122.9,8369.9,51488.6,9492.1,10520
41108,Sirika B,Dutsi,Katsina,35262.7,31507.0,6633.8,26222.8,7706.9,5782
42704,Gallu,Mashi,Katsina,30993.7,26920.8,5704.7,36323.2,6486.0,7353
40810,Yakaji B,Danja,Katsina,14895.7,13642.4,2865.5,19353.0,3086.5,4414
80801,Banga,Kaura Namoda,Zamfara,31615.8,33277.3,6719.2,20511.8,6478.3,3702
43206,Runka B,Safana,Katsina,19514.8,31311.3,6579.7,25286.4,4101.5,6399
BA1714,Dull B,Tafawa-Balewa,Bauchi,11849.9,10681.1,2097.5,10043.7,2329.6,1909
KN1901,Jama'a,Gwarzo,Kano,15808.6,11451.3,2397.2,10131.0,3267.1,1869
KN0305,Kiyawa,Bagwai,Kano,32707.5,32974.8,6788.1,31745.3,6912.9,6808
JI2403,Dansure,Roni,Jigawa,15546.9,12900.8,2572.9,16432.5,3175.1,4791
EBSAFK35,Ugwuegu,Afikpo North,Ebonyi,30401.5,38251.7,4544.0,18391.2,4840.5,3659
41511,Yaya,Ingawa,Katsina,16813.2,17016.6,3520.7,22889.4,3429.5,4756
80807,Kurya,Kaura Namoda,Zamfara,30406.2,36293.2,7283.2,25816.2,6860.7,4850
KN3309,Sakara Tsa,Rimin Gado,Kano,8373.3,6678.5,1336.7,10887.9,1652.4,1937
41801,Abdallawa,Kaita,Katsina,10611.4,11367.9,2383.5,12907.3,2195.7,2577
KN0406,Gargai,Bebeji,Kano,19998.1,15103.9,2766.8,14618.0,4108.4,3655
KN2511,Panshekara,Kumbotso,Kano,59576.9,88165.9,16146.7,69224.7,14128.9,17928
KN3202,Lausu,Rano,Kano,22381.1,21546.9,4376.5,20555.3,4562.0,3957
KN1009,Marke,Dawakin Tofa,Kano,31805.3,35187.5,7149.2,39799.9,6444.7,8151
40407,Maibara,Baure,Katsina,19507.5,28578.4,5960.8,23544.9,4330.0,5113
JI1710,Unguwar Gabas,Kazaure,Jigawa,11327.7,19466.9,3914.4,16363.3,3270.1,6477
41304,Mairua,Faskari,Katsina,41629.0,21660.0,4520.5,24410.2,8667.2,6097
KGSERE01,Ejiba,Yagba West,Kogi,13752.1,51183.6,9045.0,8255.0,3339.1,1416
81407,Mayasa Kuturu,Zurmi,Zamfara,37075.4,38318.0,7607.4,26413.4,7528.9,4667
KN1501,Chiromawa,Garun Malam,Kano,19307.7,23000.7,3519.3,20666.5,3713.8,6591
KN0803,Dambatta West,Dambatta,Kano,43944.5,61366.7,12258.9,54176.2,9936.1,13681
PLSBKK20,Toff,Bokkos,Plateau,3047.7,2909.8,481.4,3659.1,491.4,601
KN2113,Zango,Kano Municipal,Kano,7104.0,41955.5,7733.7,10418.0,7570.7,4046
KN0403,Bebeji,Bebeji,Kano,31360.2,36521.7,7316.7,37785.3,6548.8,9822
JI1208,Rorau,Gwiwa,Jigawa,6618.9,6007.5,1190.3,7577.9,1301.9,1643
BA1712,Bula B,Tafawa-Balewa,Bauchi,14397.2,9751.5,1930.8,12068.9,2800.2,2280
43308,Kwasarawa,Sandamu,Katsina,16430.9,16839.2,3441.0,18485.2,3739.0,4567
KN3005,Kuru,Minjibir,Kano,20600.7,34749.1,7164.3,30750.6,4308.4,7149
KN1907,Madadi,Gwarzo,Kano,24055.1,36482.0,7456.6,31982.2,5105.4,6143
40204,Batagarawa,Batagarawa,Katsina,52802.2,68042.3,13934.1,50850.8,11138.2,11365
41210,Makera,Dutsin Ma,Katsina,35864.5,38194.7,7829.4,41239.1,7495.3,9124
KN3708,Kuka,Takai,Kano,29790.2,21324.4,4109.6,26464.3,5689.6,4687
43006,Maje Karare,Rimi,Katsina,19098.7,23716.8,5057.6,27875.5,4213.7,6733
KN4208,Tudun Fulani,Ungogo,Kano,69613.3,181928.2,33931.2,132581.4,24239.5,42908
KGSERE04,Odo Egbe 1,Yagba West,Kogi,8342.4,4581.9,809.1,6226.2,2053.0,1056
41605,Gurbi,Jibia,Katsina,17346.9,15896.2,3374.0,10938.5,3703.3,2162
80301,Nasarawa Mailayi,Birnin Magaji-Kiyaw,Zamfara,28025.4,38512.0,7736.4,19534.9,7110.3,3732
JI2608,Majia,Taura,Jigawa,14554.3,19741.8,4191.7,18884.1,3369.1,4598
BA1207,Bidir,Katagum,Bauchi,36181.8,30933.9,6047.5,43694.5,6959.1,8738
41506,Ingawa,Ingawa,Katsina,29052.5,29041.1,5976.7,33186.1,6297.2,8771
81405,Kwashabawa,Zurmi,Zamfara,36985.8,25191.3,5001.3,15262.8,7818.3,2667
81302,Chediya,Tsafe,Zamfara,34353.4,26052.5,5277.8,25646.4,7194.4,4864
KN0805,Goron Maje,Dambatta,Kano,19605.3,6762.9,1349.2,26007.7,3865.9,4583
KN4305,Imawa,Warawa,Kano,4018.0,6569.9,1245.8,17647.7,753.6,3082
JI1209,Shafe,Gwiwa,Jigawa,18365.1,18245.3,3612.6,27233.0,3585.7,5542
KN0413,Tariwa,Bebeji,Kano,19877.6,21908.8,3841.5,19284.5,3640.4,4645
80511,Tofa,Bungudu,Zamfara,26880.6,27705.7,5386.3,30102.4,5156.3,5613
KN2208,Magajin Hajji,Karaye,Kano,16181.0,11476.1,2360.8,10289.1,3581.0,2399
KGSNDG10,Unale,Ibaji,Kogi,11932.1,19776.2,3902.3,10660.7,2579.5,1855
80307,Gusami Hayi,Birnin Magaji-Kiyaw,Zamfara,13138.7,16319.6,3173.6,14841.2,2764.5,2953
NISKHA01,Badegi,Katcha,Niger,20018.2,16368.9,3286.6,18758.9,4631.5,4221
BA1710,Dull A,Tafawa-Balewa,Bauchi,26992.5,26062.7,5131.9,27576.9,5221.3,5219
81410,Yanbuki-Dutsi,Zurmi,Zamfara,23457.6,27976.0,5573.7,20226.5,4639.9,3612
KN0201,Albasu Central,Albasu,Kano,48435.4,28637.7,5626.1,26708.8,9534.7,5795
KN2808,Kubaraci,Madobi,Kano,30688.3,34021.9,6751.1,37257.6,6076.8,6940
KN4301,Amarawa,Warawa,Kano,2288.5,3186.7,604.3,7129.2,429.2,1215
42109,Shinkafi 1,Katsina,Katsina,17764.2,18457.4,3691.4,22994.3,3535.6,5910
40906,Maidabino A,Dan Musa,Katsina,17944.7,18807.3,3863.3,21747.8,3629.8,4595
KN2710,Tanawa,Kura,Kano,3875.0,5672.0,1069.2,5820.6,1224.4,2574
42808,Mazoji B,Matazu,Katsina,10450.3,21481.6,4382.1,13031.3,2103.3,2865
JI0909,Kofar Arewa,Gumel,Jigawa,4346.7,6258.0,1255.8,3079.6,1329.7,971
41010,Ubandawaki A,Daura,Katsina,11361.0,16550.9,3436.2,17524.5,3460.2,6635
EBSBKL21,Oferekpe / Enya,Izzi,Ebonyi,16035.5,3965.7,743.0,15302.9,2929.3,2614
EBSAKL04,Amachi Ndiechi,Abakaliki,Ebonyi,5011.4,4481.9,735.1,7574.4,798.7,1294
JI1503,Gafaya,Kafin Hausa,Jigawa,40991.0,40080.2,7922.1,25218.1,8024.4,4967
KN3007,Minjibir,Minjibir,Kano,29718.2,10259.0,2115.1,37487.3,6911.8,10553
KN3402,Falgore,Rogo,Kano,39855.6,26744.5,5629.6,34077.4,8326.6,6909
BA1012,Atafowa,Itas/Gadau,Bauchi,59246.0,40138.2,8136.3,36067.8,11864.3,7607
BA1703,Lere North,Tafawa-Balewa,Bauchi,26491.9,33321.2,6593.6,28096.5,5137.4,5362
KN2802,Cinkoso,Madobi,Kano,7226.4,8654.6,1728.9,6716.8,1579.6,1247
KN4206,Rangaza,Ungogo,Kano,33370.9,46801.7,9527.9,78473.1,6728.6,17908
JI1406,Harbo Tsohuwa,Jahun,Jigawa,16237.8,14057.7,2859.0,17716.2,3847.2,4553
41102,Dutsi A,Dutsi,Katsina,15382.8,18526.3,3920.0,15882.0,3410.5,3796
80305,Gora,Birnin Magaji-Kiyaw,Zamfara,30044.5,44250.4,8893.5,22944.0,7554.2,4377
KN0904,Dawakiji,Dawakin Kudu,Kano,31973.8,31293.0,6037.9,38710.8,6973.4,10509
KN0606,Gurjiya,Bunkure,Kano,22294.4,22209.8,4530.2,20883.4,4642.5,4516
41504,Daunaka,Ingawa,Katsina,25842.5,26164.1,5342.0,29852.0,5237.0,6309
JI1106,Kila,Gwaram,Jigawa,39607.9,35615.4,7345.5,40179.5,8076.2,9544
KN4303,Jemagu,Warawa,Kano,2472.0,3422.4,649.0,8873.6,466.6,1863
KN4105,Jita,Tudun Wada,Kano,22473.5,21367.8,4322.3,21714.7,4727.3,4552
KN3001,Azore,Minjibir,Kano,27887.0,33302.3,6866.1,29899.7,6014.5,6082
KN0102,Balare,Ajingi,Kano,18630.4,17112.2,3414.3,24154.7,3670.6,4667
42611,Tsagem Takusheyi,Mani,Katsina,30685.1,26445.1,5695.4,42566.1,6514.1,8973
KN0906,Gano,Dawakin Kudu,Kano,16922.2,17669.1,3397.2,25288.1,3316.4,7518
BA1903,Dagu,Warji,Bauchi,15606.8,13844.4,2861.1,12144.8,3181.4,2480
41704,Gozaki,Kafur,Katsina,34197.3,30858.2,6528.0,38121.5,7129.6,8399
KN3310,Tamawa,Rimin Gado,Kano,11179.1,11932.0,2350.6,12307.1,2196.5,2156
JI1104,Farin Dutse,Gwaram,Jigawa,30122.2,17430.7,3595.0,18374.6,6133.0,4100
JI2006,Kukayasku,Maigatari,Jigawa,29450.5,24186.2,4786.4,20217.4,5954.8,4099
40309,Rumah,Batsari,Katsina,19742.6,23934.4,5094.8,18380.4,4137.1,3643
40711,Tumburkai B,Dandume,Katsina,32386.4,25760.4,5340.8,18209.3,6619.9,4081
42802,Gwarjo,Matazu,Katsina,21726.3,28092.4,5739.6,15229.8,4456.4,3674
41307,Sheme,Faskari,Katsina,16851.2,16621.3,3471.1,18513.7,3491.1,4945
JI1705,Gada,Kazaure,Jigawa,16189.7,18647.9,3741.5,16185.8,3468.7,4128
KGSERE02,Ere,Yagba West,Kogi,32054.8,22869.1,4038.3,17574.4,7293.3,2946
KN2709,Rigar Duka,Kura,Kano,16549.4,16555.9,3151.2,18248.9,3403.6,4303
KN0409,Kuki,Bebeji,Kano,25056.4,17264.7,3454.2,19792.1,5013.1,4293
KN2507,Kumbotso,Kumbotso,Kano,33978.1,33174.5,6292.0,29172.3,7497.7,6718
KN0503,Danzabuwa,Bichi,Kano,32755.1,26095.8,5281.7,40596.8,7325.6,9512
41106,Ruwan Kaya B,Dutsi,Katsina,26506.9,16700.8,3458.7,22047.2,5511.4,4452
41710,Sabuwar Kasa,Kafur,Katsina,18894.6,21539.5,4602.8,26515.2,3981.2,6203
JI1502,Dumadumi Toka,Kafin Hausa,Jigawa,17165.9,24709.2,4883.9,19371.0,3357.5,3938
KN4202,Fanisau,Ungogo,Kano,23724.2,22744.2,4674.0,27754.9,5647.8,7994
41411,Tudun Iya,Funtua,Katsina,23200.6,28289.9,5726.6,29092.1,4829.3,7022
JI0506,Kawaya,Buji,Jigawa,15767.8,14088.3,2894.9,18418.0,3202.2,3821
41902,Dan Murabu,Kankara,Katsina,23214.1,21765.0,4530.5,23701.3,4868.6,5362
42904,Gingin,Musawa,Katsina,21047.1,20884.3,4311.1,31890.1,4286.6,6679
62306,Kilgori,Yabo,Sokoto,7114.0,7361.0,1575.9,8277.8,1495.6,1498
JI1907,Kiyawa,Kiyawa,Jigawa,28674.2,30540.7,6482.2,40027.2,6420.9,9907
KN0602,Bono,Bunkure,Kano,24028.0,23255.2,4644.8,20793.5,5143.0,4059
BA1104,Jama'are D,Jama'Are,Bauchi,20923.3,24487.2,4879.9,16306.1,4918.7,3508
KWSARP03,Koro,Ekiti,Kwara,24352.4,17312.8,3053.3,12640.3,5495.2,2208
BA1708,Bula A,Tafawa-Balewa,Bauchi,12376.0,10812.3,2133.6,11762.2,2403.1,2224
41408,Maska,Funtua,Katsina,18226.3,19116.7,3838.1,21797.0,4047.8,6360
KN4004,Gurun,Tsanyawa,Kano,24616.2,21138.9,4439.5,21337.8,5220.3,4578
KN1509,Makwaro,Garun Malam,Kano,15391.1,18186.8,3200.7,18361.1,3029.8,4211
KN2505,Garun Gawa,Kumbotso,Kano,67706.7,144948.0,24260.3,86952.8,21732.1,19452
81308,Yandoton Daji,Tsafe,Zamfara,22268.6,26332.0,5334.4,24277.9,4464.6,4754
KN2704,Gundutse,Kura,Kano,16421.4,20019.6,3849.6,17044.5,4666.8,4034
41302,Faskari,Faskari,Katsina,36397.4,45220.4,9406.5,42954.0,8062.9,10113
KN2702,Dan Hassan,Kura,Kano,24175.2,32304.7,6091.8,28910.5,5175.7,6483
42711,Tamilo B,Mashi,Katsina,17190.1,18842.9,4086.8,20257.3,3677.6,4040
KWSKEY02,Apado,Ilorin East,Kwara,4571.5,5415.8,966.5,5520.4,767.5,933
KN3702,Durbunde,Takai,Kano,32514.3,32141.8,6190.5,45846.1,6328.4,10613
KN1608,Maimakawa,Gaya,Kano,43421.7,36419.2,7215.6,41657.1,8496.3,8142
43311,Sandamu,Sandamu,Katsina,30015.1,41598.2,8546.0,26263.2,8401.3,6628
BNSGKP02,Edikwu 1,Apa,Benue,12411.5,9545.6,1942.2,9440.0,2543.9,1405
NISAGA01,Baro,Agaie,Niger,22004.6,20677.2,4281.5,17568.2,5400.8,3244
NASNEG03,Ende,Nasarawa Egon,Nasarawa,11589.2,13950.0,2724.7,7244.1,2280.7,1259
NASAKW07,Gwanje,Akwanga,Nasarawa,21175.9,21889.7,3717.3,22317.8,3517.9,3882
NASNEG04,Igga-Burum Burum,Nasarawa Egon,Nasarawa,10293.0,13982.9,2731.1,10119.5,2017.9,1811
NASNEG14,Wakama,Nasarawa Egon,Nasarawa,10350.7,9807.9,1915.5,5735.6,2003.6,997
NASNEG07,Lambaga-Arikpa,Nasarawa Egon,Nasarawa,26119.4,24132.1,4713.4,13865.7,5001.9,2410
NASNEG01,Alogani,Nasarawa Egon,Nasarawa,24174.1,21036.5,4109.1,15345.2,4815.7,2682
NASNEG09,Mada-Station,Nasarawa Egon,Nasarawa,4413.7,7560.4,1476.7,5145.4,856.3,894
NASNEG13,Umme,Nasarawa Egon,Nasarawa,17428.7,14072.2,2748.2,13096.7,3388.5,2278
NASKEF06,Jigwada,Keffi,Nasarawa,21160.5,20499.1,3691.1,25127.5,3848.5,4438
43208,Tsaskiya,Safana,Katsina,45313.9,34387.0,7242.0,28943.1,9459.7,6286
KD1602,Garu,Kudan,Kaduna,8493.8,9853.0,2051.9,10633.8,1762.9,2296
42402,Bumbum B,Mai'Adua,Katsina,17559.5,17525.3,3687.8,24258.4,3615.5,5280
NASKRV10,Tattara-Kondoro,Karu,Nasarawa,8546.7,6924.4,1306.7,33717.1,1626.5,5937
NASLFA10,Makama,Lafia,Nasarawa,21888.1,22290.9,4192.2,22877.4,4049.9,3983
KN2806,Kanwa,Madobi,Kano,17993.2,20317.8,4102.5,20750.7,3782.2,4725
NASLFA03,Akurba,Lafia,Nasarawa,68915.0,71824.2,13507.7,78635.3,12788.2,13874
NASLFA12,Wakwa,Lafia,Nasarawa,36496.8,37482.1,7054.3,43101.1,6823.2,7570
NASLFA01,Adogi,Lafia,Nasarawa,16713.1,19228.7,3616.3,20082.7,3086.4,3490
BA0613,Zumbul,Dass,Bauchi,2209.4,1538.8,314.8,1436.2,445.1,268
NASKRV07,Karu,Karu,Nasarawa,57695.7,56958.7,10550.4,206744.7,10507.6,37688
EBSNCA24,Umudomi-Onicha,Onicha,Ebonyi,32131.5,10936.6,1402.6,19212.5,4069.1,3304
NASKRV03,Gitata,Karu,Nasarawa,8418.4,10546.5,1953.5,53412.2,1533.2,9500
NASNTT01,Dausu,Toto,Nasarawa,10752.4,15022.2,3036.9,11933.2,2121.7,2145
JI1709,Unguwar Arewa,Kazaure,Jigawa,8514.4,12096.3,2448.3,11625.7,2548.7,4960
NASKEN06,Kadarko,Keana,Nasarawa,17485.8,21007.8,4030.6,12145.9,3502.0,2123
NASKEN07,Kwara,Keana,Nasarawa,1138.5,720.2,137.8,536.4,215.9,93
NASNBB08,Kyakale,Obi,Nasarawa,9073.2,9788.3,1944.0,7739.1,1837.3,1357
42309,Yashe A,Kusada,Katsina,14497.7,10155.5,2142.3,14380.9,3199.1,3379
JI2004,Galadi,Maigatari,Jigawa,19174.0,22076.4,4380.1,17712.0,3979.0,3656
NASKEN04,Galadima,Keana,Nasarawa,20672.8,22608.5,4327.1,13768.0,4211.1,2426
BNSYGJ07,Nyiev,Guma,Benue,30236.7,46171.6,9405.9,44116.8,6040.6,6348
EBSNKE19,Umunwagu,Ezza South,Ebonyi,22513.1,26987.0,3747.3,14412.7,3233.9,2462
KN3610,Sitti,Sumaila,Kano,43128.5,48196.6,9572.9,37325.4,9077.7,7428
NASNBB06,Gidan-Ausa 2,Obi,Nasarawa,18400.2,21014.4,4173.6,12277.1,3728.4,2145
NASNBB09,Obi,Obi,Nasarawa,36790.2,38045.0,7555.7,22743.1,8683.7,4195
JI2410,Yanzaki,Roni,Jigawa,24797.4,19363.4,3921.0,19103.1,5289.3,4139
FCTKUJ03,Gudunkarya,Kuje,Fct,17648.7,21709.9,3808.7,11889.0,3949.7,1856
40802,Danja A,Danja,Katsina,18030.9,18926.9,4016.2,22813.9,3861.8,5360
BA1907,Ranga A,Warji,Bauchi,9123.8,8935.0,1846.6,6384.7,1948.9,1315
KN3208,Yalwa,Rano,Kano,29900.9,30088.8,6195.2,26810.7,6486.9,6079
41906,Ketare,Kankara,Katsina,31160.7,28835.0,5992.8,29138.8,6414.0,6151
KN2706,Kosawa,Kura,Kano,16897.0,19499.4,3693.7,19909.6,3558.2,5173
JI2309,Tofa,Ringim,Jigawa,37459.7,30360.4,5954.2,47795.1,7324.5,10650
40106,Jargaba,Bakori,Katsina,13786.2,15377.1,3188.2,18472.6,2835.5,4229
KN4006,Tatsan,Tsanyawa,Kano,22170.3,20228.7,4118.9,21787.8,4487.8,4251
KN2608,Shamakawa,Kunchi,Kano,12580.5,7740.7,1566.4,18032.4,2515.0,3053
42906,Kira,Musawa,Katsina,16951.5,20376.9,4231.5,27251.1,3470.3,5716
JI0102,Auyo,Auyo,Jigawa,21020.9,22517.9,4610.5,16299.0,6280.5,4573
40610,Tsakatsa,Charanchi,Katsina,16574.8,24982.4,5259.3,18996.8,3439.2,4177
40401,Babban Mutum,Baure,Katsina,15501.3,23110.4,4642.2,21250.6,3230.4,4492
KN2804,Gora,Madobi,Kano,38368.7,28836.9,5932.4,29824.0,8419.7,6417
40804,Jiba,Danja,Katsina,17446.7,20833.5,4350.9,24321.6,3613.5,5817
BA1905,Gabanga A,Warji,Bauchi,9496.2,9249.5,1911.5,7141.9,1931.4,1484
KN3504,Goron Dutse,Shanono,Kano,9817.4,14626.6,3101.6,23434.4,2057.0,4310
KN1302,Garun Danga,Gabasawa,Kano,26145.8,31414.6,6382.4,33704.7,5477.3,6959
KN1005,Ganduje,Dawakin Tofa,Kano,17398.0,15093.9,3072.8,22449.6,3781.2,3979
AKSENW09,Enwang 1,Mbo,Akwa Ibom,13799.5,22931.9,2934.1,6464.7,2607.3,800
EBSCHR24,Ndufu Inyimagu / Inyimagu 1,Ikwo,Ebonyi,4806.3,13093.4,2316.0,8720.7,858.3,1490
42709,Sonkaya,Mashi,Katsina,27931.3,19599.9,4188.3,31699.8,5910.2,6596
40911,Yantumaki B,Dan Musa,Katsina,14890.8,10488.7,2149.4,16183.4,3027.1,3356
41707,Mahuta,Kafur,Katsina,34213.1,30115.4,6436.2,37290.3,7377.0,9051
JI1706,Kanti,Kazaure,Jigawa,41690.4,53725.4,10779.3,41633.7,11092.1,11890
80904,Gidan Goga,Maradun,Zamfara,42395.8,41814.4,8374.3,22653.1,8784.7,4154
41606,Jibia A,Jibia,Katsina,13629.1,16149.4,3451.5,18377.0,3410.9,4111
EBSNKE01,Amagu,Ezza South,Ebonyi,11388.7,5193.4,689.8,11250.9,1516.8,1922
KN3806,Hotoro,Tarauni,Kano,25387.8,26345.2,4617.1,37756.5,5463.0,12718
KN1304,Karmami,Gabasawa,Kano,19723.4,35297.3,7171.3,26367.0,4304.5,6009
KN2409,Kogo,Kiru,Kano,16687.4,17383.0,3437.8,17405.5,3478.0,3811
41306,Sabon Layi,Faskari,Katsina,18796.9,28889.1,6003.2,28811.6,3873.8,6621
KN2501,Chalawa,Kumbotso,Kano,38659.6,37766.0,6827.4,35537.7,7880.5,6634
42601,Bagiwa,Mani,Katsina,13764.8,13045.2,2809.5,16253.7,2922.1,3506
KN2202,Kafin Dabga,Karaye,Kano,17292.0,28123.1,5669.4,21762.6,3485.8,3869
BA1913,Zurgwai,Warji,Bauchi,20299.8,13341.1,2757.2,12818.8,4128.1,2444
80703,Madawaki,Gusau,Zamfara,30824.0,33756.7,6432.6,27106.3,6648.7,4948
EBSNKE07,Amuzu,Ezza South,Ebonyi,6244.5,1965.7,258.5,6016.0,795.1,1028
43010,Sabon Gari,Rimi,Katsina,27684.4,23032.9,4842.4,27686.0,5809.0,6472
KN2301,Durba,Kibiya,Kano,11975.5,17759.3,3606.3,13277.3,2412.0,2378
KN3706,Kachako,Takai,Kano,32612.2,36596.7,7059.8,52448.5,6351.2,13650
43408,Sara,Zango,Katsina,16269.0,15671.3,3185.1,23769.9,3308.3,6240
KN3506,Kokiya,Shanono,Kano,16307.1,13567.1,2876.0,25623.4,3421.9,4608
42305,Kaikai,Kusada,Katsina,16932.2,17452.9,3681.1,17679.0,3526.0,3628
EBSNKE05,Amezekwe,Ezza South,Ebonyi,5396.7,5167.0,679.5,6789.1,687.2,1160
40806,Kahuta B,Danja,Katsina,24531.7,19300.5,4102.7,28046.2,5146.6,6543
AKSAEE06,Ward 6,Etim Ekpo,Akwa Ibom,19801.1,25085.1,3063.6,15616.9,2339.3,1934
AKSKRT03,Ikonta,Eastern Obolo,Akwa Ibom,9969.5,7306.4,911.1,2991.9,2402.3,371
41904,Gurbi,Kankara,Katsina,30385.8,25392.7,5273.8,31091.3,6236.0,6631
61005,Kuchi,Kebbe,Sokoto,16762.0,15075.7,3237.7,9780.4,4561.5,1752
KN3111,Tudun Murtala,Nassarawa,Kano,20621.4,16453.6,3347.8,31439.2,4965.4,14627
JI1210,Yola,Gwiwa,Jigawa,12038.5,10391.1,2103.6,14951.8,2450.2,3160
BA1111,Lariye,Jama'Are,Bauchi,6502.0,7850.5,1562.6,6958.1,1270.9,1319
JI2606,Kwalam,Taura,Jigawa,26703.1,28997.7,6223.0,29480.3,6972.5,7852
JI0707,Maikilili,Gagarawa,Jigawa,9998.3,10655.3,2139.2,12869.8,2016.4,2809
42502,Dansarai,Malumfashi,Katsina,13402.8,18148.5,3751.4,21874.1,2736.5,5009
KN4309,Katarkawa,Warawa,Kano,6231.4,9553.0,1896.6,14130.8,1289.3,2985
EBSEBJ13,Umuezoka / Umuezekoha 2,Ezza North,Ebonyi,8871.2,3242.1,513.7,4550.6,1325.1,777
KN2906,Tabo,Makoda,Kano,20427.4,23059.9,4734.1,18552.3,5054.2,3848
BA0607,Durr,Dass,Bauchi,7404.4,7693.8,1574.0,6203.2,1491.6,1171
AKSMKP14,Ikpa Ikono 1,Mkpat Enin,Akwa Ibom,37079.8,32842.0,4075.8,10610.3,4662.9,1314
KN3704,Fajewa,Takai,Kano,25804.3,30303.1,5836.3,33467.3,4922.4,5944
JI2010,Matoya,Maigatari,Jigawa,24270.9,23774.8,4705.0,22449.2,5017.9,4805
KN1602,Gamarya,Gaya,Kano,9845.3,12221.0,2436.6,14979.8,1941.3,3130
KN2411,Bargoni,Kiru,Kano,43750.3,50372.1,9961.9,42437.4,9041.7,7745
JI1311,Yayari,Hadejia,Jigawa,3667.3,9277.0,1873.3,6211.3,1769.7,2410
42905,Jikamshi,Musawa,Katsina,15189.6,10830.5,2235.7,19509.7,3096.8,4786
KN2303,Fassi,Kibiya,Kano,31729.0,29504.8,5976.7,32297.5,6571.0,7715
BNSGTU01,Egba,Agatu,Benue,13590.6,14219.2,2922.0,8557.0,2919.0,1240
BA1909,Tudun Wada,Warji,Bauchi,17996.4,12367.1,2554.5,11434.5,3662.6,2508
KN1606,Kademi,Gaya,Kano,31974.8,33255.0,6598.8,41488.4,6819.3,9868
KN2606,Matan Fada,Kunchi,Kano,16370.8,14961.4,3050.0,23012.2,3295.8,3910
KN2602,Garun Sheme,Kunchi,Kano,5606.3,5755.7,1164.7,11440.7,1120.8,1992
42307,Kusada,Kusada,Katsina,20202.0,17132.3,3614.0,20987.6,4929.2,5907
40808,Tsangamawa,Danja,Katsina,26777.8,25415.3,5337.1,29450.3,5538.5,6322
KN2407,Galadimawa,Kiru,Kano,15772.3,16666.4,3301.3,12445.7,3206.4,2137
BA0106,Dan,Alkaleri,Bauchi,24121.0,19823.0,3921.4,21738.0,4757.2,4151
KN2904,Kadan Dani,Makoda,Kano,31112.0,28038.7,5676.3,28403.3,6688.5,5306
KN1106,Riruwai,Doguwa,Kano,18300.1,14899.2,2981.9,17431.7,3708.7,3504
KN0301,Bagwai,Bagwai,Kano,21420.5,23144.4,4745.3,24698.1,5710.2,6213
JI1607,Jae,Kaugama,Jigawa,18568.5,20753.5,4153.6,22996.6,3790.4,4798
42202,Birchi,Kurfi,Katsina,18315.7,15073.5,3183.1,17894.6,3805.9,4096
PLSMBD09,Magama,Langtang South,Plateau,6972.0,7861.9,1420.6,8480.5,1238.0,1293
BA1113,Yola,Jama'Are,Bauchi,6959.3,5988.0,1193.3,4765.8,1393.3,967
KN0914,Yargaya,Dawakin Kudu,Kano,12224.4,9506.2,1802.6,21745.2,2293.4,5558
42806,Matazu B,Matazu,Katsina,14135.9,7148.7,1458.3,12147.5,3005.2,2757
KN2415,Zuwo,Kiru,Kano,25241.9,29270.5,5724.9,21984.9,5064.2,4025
BA1807,Lame,Toro,Bauchi,31050.3,22096.1,4500.5,56247.5,6222.4,11137
41602,Farfaru,Jibia,Katsina,13194.6,6502.4,1389.7,5269.9,2783.8,1074
80707,Ruwan Bore,Gusau,Zamfara,20041.4,21282.7,4055.8,25560.5,3756.5,5200
BA0605,Baraza,Dass,Bauchi,9855.7,9920.2,2023.2,8181.6,1976.1,1529
KN2305,Kahu,Kibiya,Kano,44884.6,28340.8,5742.4,27767.8,9130.4,5525
43404,Kawarin Kudi,Zango,Katsina,11329.8,22914.8,4768.0,17775.0,2284.7,3922
81408,Moriki,Zurmi,Zamfara,40175.3,41382.0,8313.4,20345.9,9951.3,3712
KN2413,Yako,Kiru,Kano,15660.5,17601.8,3482.9,17914.6,3587.3,4627
JI2706,Karkarna,Yankwashi,Jigawa,14746.8,15504.8,3237.0,14769.2,3202.2,3314
42301,Bauranya,Kusada,Katsina,14817.5,11639.7,2455.3,15941.9,3084.3,3577
BA1911,Tiyin B,Warji,Bauchi,9687.5,12311.1,2544.0,9782.0,1970.8,1953
KN4401,Achika,Wudil,Kano,13636.5,14108.5,2756.9,17527.4,2753.8,3284
42910,Tabanni-Yarraddau,Musawa,Katsina,9850.4,13399.5,2812.4,21179.8,2046.8,5025
KWSKEY09,Marafa / Pepele,Ilorin East,Kwara,4616.6,3730.4,616.0,6470.6,733.8,1098
NISKHA10,Sidisaba,Katcha,Niger,14011.0,11599.2,2328.8,14095.6,2912.8,3026
41908,Mabai,Kankara,Katsina,21392.6,28581.1,5949.4,23824.1,4427.2,5051
KN1308,Yautar Kudu,Gabasawa,Kano,35963.5,9241.5,1877.6,40080.1,7406.0,7456
JI2301,Chaichai,Ringim,Jigawa,26751.3,30078.2,5958.1,45899.9,5311.5,10587
KN0205,Fanda,Albasu,Kano,40430.7,27010.2,5304.6,24761.6,8094.9,5461
41706,Kuringafa,Kafur,Katsina,28535.4,28035.5,5964.7,33610.5,6008.3,7964
41101,Dan Aunai,Dutsi,Katsina,26704.6,26002.7,5483.3,26656.9,5646.2,5548
43303,Fago A,Sandamu,Katsina,22070.6,32803.3,6739.7,22974.4,5922.3,6210
40909,Mara B,Dan Musa,Katsina,19398.5,17473.3,3599.9,20914.0,3981.3,4498
KN2810,Madobi,Madobi,Kano,31898.5,35281.6,7289.5,31280.9,7314.1,7166
43406,Kanda,Zango,Katsina,9428.2,8628.3,1753.7,13748.0,1892.5,3619
42401,Bumbum A,Mai'Adua,Katsina,13406.4,13051.6,2774.1,17276.6,2779.2,3724
NISBDA07,Masaba B,Bida,Niger,36989.8,41467.4,8308.9,29629.1,7705.2,4947
40111,Tsiga,Bakori,Katsina,32799.3,27638.1,5745.1,33942.0,6836.1,7894
KN0912,Yan Barau,Dawakin Kudu,Kano,21414.4,19857.9,3856.2,14681.8,4580.6,2714
KN2405,Dansoshiya,Kiru,Kano,16072.4,21882.7,4329.8,15010.7,3204.0,2939
KN2307,Kibiya 2,Kibiya,Kano,11007.4,10418.2,2111.0,9467.5,2353.8,2339
BA1517,Tiffi,Ningi,Bauchi,26663.9,16813.8,3463.8,17392.5,5446.8,3616
KN4306,Warawa,Warawa,Kano,3894.8,5199.9,986.0,9947.3,730.5,2134
42804,Kogari,Matazu,Katsina,20177.6,3052.0,627.4,18587.5,4084.3,3710
42303,Duddunni,Kusada,Katsina,10224.9,12800.2,2682.8,13468.2,2111.5,3017
43301,Daneji A,Sandamu,Katsina,13233.8,17685.2,3632.4,13212.9,3115.7,3632
KN2003,Gammo,Kabo,Kano,25847.9,27852.9,5289.7,22092.7,5132.5,3990
JI1604,Dakaiyyawa,Kaugama,Jigawa,18413.6,18658.8,3713.6,16747.3,5014.4,4200
BA0303,Bogoro,Bogoro,Bauchi,22059.8,23080.1,4202.7,10932.4,3941.6,2044
40506,Giremawa,Bindawa,Katsina,12769.7,15207.4,3195.5,16761.2,2667.1,3658
NISKHA05,Edotsu,Katcha,Niger,15155.3,13952.1,2830.7,14839.3,3037.0,3596
NISKHA03,Bisanti,Katcha,Niger,19329.7,24326.2,4874.3,20191.9,3816.3,3753
KN3911,Unguwar Rimi,Tofa,Kano,14107.9,14477.3,2936.9,17687.4,2832.3,3275
81305,Keta,Tsafe,Zamfara,15497.7,16445.9,3331.6,16841.7,3367.7,3370
40707,Mahuta A,Dandume,Katsina,13529.8,10081.2,2045.1,10984.0,2818.5,3285
KN2403,Bauda,Kiru,Kano,10190.7,14215.9,2824.7,15048.1,2020.6,3250
BA0601,Bagel Bajar,Dass,Bauchi,12735.5,10874.3,2204.7,7157.1,2536.5,1338
KN0610,Sanda,Bunkure,Kano,22887.9,35846.4,7221.7,32846.4,4677.9,5774
41807,Kaita,Kaita,Katsina,24391.4,24926.7,5226.3,25998.4,5209.3,5673
42902,Danjanku-Karachi,Musawa,Katsina,22461.8,10226.2,2110.9,19715.7,4587.0,4281
KN2309,Tarai,Kibiya,Kano,34990.0,26838.5,5434.8,25278.7,7368.7,5913
NISKHA09,Kateregi,Katcha,Niger,41961.3,52126.9,10436.2,34354.2,8457.1,5848
KN1310,Zakirai,Gabasawa,Kano,17897.7,29970.6,6089.1,20069.5,4940.8,5517
43110,Sayau,Sabuwa,Katsina,14318.8,19623.7,4091.7,15657.4,3016.7,3893
KN0910,Tsakuwa,Dawakin Kudu,Kano,45842.5,51744.4,10048.2,40221.8,10943.8,10156
42405,Mai'adua A,Mai'Adua,Katsina,16639.1,24377.3,5061.1,22257.3,4390.5,7041
JI0908,Hammado,Gumel,Jigawa,13927.8,12259.9,2451.0,9760.9,2852.7,1953
80810,Sarkin Mafara-Sarkin Baura,Kaura Namoda,Zamfara,77315.4,93067.4,18796.5,46670.1,21678.7,9061
KN2508,Kureken Sani,Kumbotso,Kano,47534.3,49689.2,9422.9,65716.8,9433.5,12612
JI1109,Sara,Gwaram,Jigawa,38917.2,41023.4,8455.9,43678.5,8019.5,11177
42105,Gabas 3,Katsina,Katsina,33213.8,40294.4,7951.2,38530.0,7003.0,9268
KN3010,Tsakuwa,Minjibir,Kano,23974.9,18385.7,3790.5,34326.3,4961.8,7911
KWSARP09,Osi 1,Ekiti,Kwara,13460.6,15580.9,2622.7,11617.2,2256.6,2214
80711,Wonaka,Gusau,Zamfara,30795.8,31347.9,6064.4,39575.4,5953.3,7996
JI2305,Kyarama,Ringim,Jigawa,30560.9,30278.9,5950.4,36857.9,6031.1,8220
JI0903,Dan Ama,Gumel,Jigawa,15406.2,10005.2,2008.3,8261.5,3083.9,1737
43307,Katsayal,Sandamu,Katsina,9497.7,12680.9,2578.2,13398.6,2123.9,4584
42208,Tsauri B,Kurfi,Katsina,19642.4,20071.0,4243.3,19428.1,4090.5,4055
KN0204,Duja,Albasu,Kano,12854.4,9914.9,1947.2,9739.7,2491.5,1723
80808,Kyambarawa,Kaura Namoda,Zamfara,32290.7,35951.7,7219.0,26994.3,7606.3,5042
KN3710,Zuga,Takai,Kano,24373.6,27781.6,5377.5,32501.0,4677.1,6484
KN1108,Tagwaye,Doguwa,Kano,15677.8,18040.0,3609.9,18628.0,3116.1,3539
JI1511,Zago Kura,Kafin Hausa,Jigawa,21483.5,21981.8,4344.8,16148.9,4266.7,3558
KN1506,Garun Malam,Garun Malam,Kano,10965.0,13380.1,2047.2,12492.4,1959.6,4568
JI2702,Belas,Yankwashi,Jigawa,6776.3,5751.1,1200.7,6825.7,1400.8,1821
KN2401,Baawa,Kiru,Kano,60369.5,46714.4,9260.8,40938.2,12229.5,7643
40302,Batsari,Batsari,Katsina,32251.5,40445.6,8597.9,35813.4,8433.8,7672
KN0209,Saya-Saya,Albasu,Kano,30322.8,30380.8,6028.4,34052.0,5960.9,6273
40508,Kamri,Bindawa,Katsina,24821.5,16458.6,3407.3,16227.4,5083.1,3401
KN3601,Gala,Sumaila,Kano,35273.3,34405.8,6725.7,40513.0,6806.3,7813
40403,Dankum,Baure,Katsina,27610.4,28380.8,5952.1,30192.9,5886.1,6270
KN1711,Zango,Gezawa,Kano,24941.6,17407.6,3487.6,41037.6,4997.5,10795
50802,Buma,Dandi,Kebbi,16593.0,14036.4,2821.0,15971.0,3284.1,3063
JI1404,Gunka,Jahun,Jigawa,26747.4,28519.3,5896.2,30371.9,5871.9,7442
81402,Boko,Zurmi,Zamfara,47820.6,50760.8,10163.7,25794.4,10021.6,4545
PLSKWK18,Tabulung,Kanke,Plateau,3247.0,3213.1,586.9,4758.1,577.9,722
KN0404,Damau,Bebeji,Kano,14827.1,18109.0,2894.7,17868.4,2439.1,3365
KN1808,Kabuga,Gwale,Kano,85275.0,348439.9,62791.0,99317.5,68397.9,27484
41701,Dantutture,Kafur,Katsina,26610.7,23617.1,5047.2,31509.3,5658.2,7402
43305,Kagare,Sandamu,Katsina,15673.3,17159.2,3507.9,16415.3,3446.4,3611
43102,Damari,Sabuwa,Katsina,13081.3,16872.0,3504.5,10249.6,2814.2,2561
KGSERE11,Oke Egbe 2,Yagba West,Kogi,7298.5,3054.6,539.4,6730.9,1921.2,1263
KN1010,Kwa,Dawakin Tofa,Kano,30690.3,23888.6,4870.1,24987.0,6980.6,4880
42908,Kurkujan B,Musawa,Katsina,17225.3,7687.8,1586.9,13825.7,3534.0,3212
40408,Mudiri,Baure,Katsina,14855.4,17965.3,3767.7,14705.5,3339.2,3195
KN0508,Muntsira,Bichi,Kano,45699.6,46869.3,9479.5,47358.6,9209.4,8475
41109,Yamel A,Dutsi,Katsina,25772.0,20662.0,4374.4,19344.1,5499.5,4001
KN3207,Saji,Rano,Kano,16473.8,16714.4,3415.9,20557.0,3380.8,4457
43001,Abukur,Rimi,Katsina,19623.2,20880.8,4438.7,21618.2,4363.8,5334
JI2401,Amaryawa,Roni,Jigawa,18458.1,19049.4,3842.4,22738.0,3838.3,4939
KN1504,Fankurun,Garun Malam,Kano,14927.0,14920.4,2282.9,11967.8,2372.0,2216
JI1205,Guntai,Gwiwa,Jigawa,14437.0,10750.6,2148.6,18337.6,2896.9,4112
80308,Madomawa East,Birnin Magaji-Kiyaw,Zamfara,16246.5,23186.7,4655.2,10793.7,5103.7,2089
KN1502,Dakasoye,Garun Malam,Kano,15963.6,16046.4,3031.6,16937.9,3547.7,4512
42703,Doguru B,Mashi,Katsina,9916.8,8820.8,1913.1,10378.3,2119.9,2055
KN2005,Godiya,Kabo,Kano,40544.9,46035.7,8783.5,40451.1,8894.9,7832
41802,Ba'awa,Kaita,Katsina,24957.1,25824.1,5509.0,25417.6,5261.5,5043
81307,Tsafe Central,Tsafe,Zamfara,47018.5,56055.7,11355.9,53193.9,11376.4,11192
BA1106,Dogon Jeji B,Jama'Are,Bauchi,16945.0,11353.9,2263.1,16856.5,3317.7,3164
KN1902,Getso,Gwarzo,Kano,28005.6,32994.3,6884.2,29053.0,6319.3,7754
41510,Yandoma,Ingawa,Katsina,21823.9,19083.9,3926.7,23009.2,4615.9,5631
EBSEDA10,Ogwu,Afikpo South,Ebonyi,17638.6,21716.4,2547.3,8085.8,3526.5,1547
JI1207,Korayel,Gwiwa,Jigawa,7055.0,8846.9,1751.7,8880.5,1376.7,1873
80804,Galadima Dan Galadima,Kaura Namoda,Zamfara,34483.2,32461.2,6556.1,24029.5,9320.9,5026
40901,Dan Ali,Dan Musa,Katsina,12074.9,14505.4,2981.8,16156.3,2453.1,3759
BA0811,Yali,Ganjuwa,Bauchi,33800.7,30628.8,6200.3,53960.5,6714.3,10230
42705,Gana Jigawa,Mashi,Katsina,28071.2,28371.3,6153.4,34488.5,6022.9,7062
KN1008,Tattarawa,Dawakin Tofa,Kano,18606.3,24619.2,5005.1,25441.2,3748.5,4674
KN3205,Rurum Sabon Gari,Rano,Kano,31673.1,28891.7,5939.3,23339.8,7912.5,5592
BA0310,Gobbiya,Bogoro,Bauchi,8429.2,7465.4,1362.9,4856.0,1508.3,908
40411,Yanduna,Baure,Katsina,17781.3,13862.5,2883.0,21416.3,3959.1,4745
41911,Zango,Kankara,Katsina,39088.8,34806.6,7245.2,28228.7,8218.8,6042
41103,Dutsi B,Dutsi,Katsina,15354.7,15176.4,3211.2,10702.3,3270.8,2260
41509,Manomawa,Ingawa,Katsina,16601.8,16771.1,3451.8,21917.5,3368.1,4464
41503,Dara,Ingawa,Katsina,10792.1,9268.6,1841.2,9186.2,2116.1,1835
JI1103,Fagam,Gwaram,Jigawa,47198.1,51283.0,10577.9,58659.8,9585.6,12319
81406,Mashema,Zurmi,Zamfara,11859.1,14791.9,2936.7,8254.1,2789.8,1478
KN2207,Turawa,Karaye,Kano,24160.4,25677.7,5275.0,24650.5,5404.7,5113
BA0611,Bununu East,Dass,Bauchi,17798.9,16901.9,3441.7,10533.6,3960.5,2040
KN0414,Wak,Bebeji,Kano,16610.5,19384.8,3079.1,15795.6,3798.8,3838
41001,Kusugu,Daura,Katsina,4175.2,7273.9,1503.2,6714.1,1486.7,3709
KN1510,Yada Kwari,Garun Malam,Kano,9645.9,12544.3,1996.7,11805.7,1881.4,3495
JI1410,Kale,Jahun,Jigawa,17857.5,16441.4,3372.9,20197.6,3671.9,4795
BA1715,Kardam C,Tafawa-Balewa,Bauchi,18619.5,17306.9,3424.7,21267.9,3610.8,4000
43309,Rade A,Sandamu,Katsina,18574.5,21875.4,4494.6,17404.8,5008.9,4533
40709,Maikwama,Dandume,Katsina,21455.8,20992.3,4349.2,20006.9,4607.5,4990
80806,Kungurki,Kaura Namoda,Zamfara,74571.6,76199.1,15389.7,34499.0,16841.1,6098
EBSBKL06,Iboko,Izzi,Ebonyi,24273.2,12626.2,2371.1,27290.4,4455.7,4692
KN3203,Madachi,Rano,Kano,28258.6,28293.9,5800.8,27726.1,5863.5,5674
JI1711,Unguwar Yamma,Kazaure,Jigawa,3220.3,5368.1,1077.0,4144.9,1410.3,2415
JI2204,Hantsu,Miga,Jigawa,13435.6,12886.3,2600.3,13827.3,3059.0,3968
KN0504,Fagolo,Bichi,Kano,26100.7,30361.8,6185.4,24342.1,5512.4,4252
JI1609,Marke,Kaugama,Jigawa,12743.5,14889.9,2963.5,17549.6,2530.9,4392
KN4410,Wudil,Wudil,Kano,11436.1,15754.6,2895.3,16898.2,4412.3,9404
41404,Dukke,Funtua,Katsina,40682.6,30060.5,6154.9,33390.4,8721.7,8649
KN2803,Galinja,Madobi,Kano,5629.9,6156.4,1272.0,5754.7,1463.7,1293
40101,Bakori A,Bakori,Katsina,14452.8,16178.1,3354.0,17909.2,3741.1,5344
KN1306,Tarauni,Gabasawa,Kano,14342.3,15964.0,3243.4,13638.3,3212.0,2938
81404,Kanwa,Zurmi,Zamfara,33798.1,42977.6,8532.5,26707.6,6717.4,4851
JI0907,Gusau,Gumel,Jigawa,18099.3,33470.7,6718.3,20971.8,6402.4,5111
BA0309,Gambar,Bogoro,Bauchi,18184.4,5958.7,1101.5,10344.8,3302.2,1934
KN0802,Dambatta East,Dambatta,Kano,33936.8,42696.4,8514.4,39791.4,7796.2,15438
KN4304,Gogel,Warawa,Kano,2563.0,3599.2,682.5,8910.2,480.7,1600
KN0402,Baguda,Bebeji,Kano,13490.1,17292.6,2824.5,14534.4,2221.8,2553
43205,Runka A,Safana,Katsina,54673.9,47859.1,10079.2,36232.9,11847.0,8466
KN2209,Yammedi,Karaye,Kano,11869.3,21985.3,4507.9,17870.4,2412.6,3444
KN0901,Dabar Kwari,Dawakin Kudu,Kano,39999.2,33440.5,6722.9,32899.5,8426.5,6467
JI1504,Jabbo,Kafin Hausa,Jigawa,28717.8,49679.3,9873.1,33868.7,5836.2,8205
81303,Danjibga,Tsafe,Zamfara,41762.3,39538.1,7873.1,45029.8,8855.4,9414
41501,Agayawa,Ingawa,Katsina,15020.5,13382.5,2685.7,14458.0,3003.1,3079
KN3201,Dawaki,Rano,Kano,16210.7,26708.3,5524.0,19203.8,3959.9,4262
KN0806,Gwanda,Dambatta,Kano,23587.2,26810.0,5368.5,29299.9,4690.1,5175
BA1713,Bununu B,Tafawa-Balewa,Bauchi,16729.3,12440.6,2461.6,11416.5,3248.2,2134
KN2512,Unguwar Rimi,Kumbotso,Kano,35272.5,36165.4,6868.2,31412.1,7207.4,6605
80306,Gusami Gari,Birnin Magaji-Kiyaw,Zamfara,15587.7,14137.4,2779.1,13549.8,3341.5,2657
BA1810,Rahama,Toro,Bauchi,27119.1,31613.4,6438.5,39794.5,5446.5,7951
OYSISN01,Ado Awaye,Iseyin,Oyo,44755.2,37999.8,4618.4,35063.3,5610.0,4987
JI2108,Shaiya,Malam Madori,Jigawa,14088.4,11352.8,2257.9,16815.0,2772.0,3552
KN4302,Danlasan,Warawa,Kano,1584.9,3108.2,589.4,6599.4,297.3,1127
JI1107,Kwondiko,Gwaram,Jigawa,27734.2,35286.5,7277.7,42143.0,5632.0,8992
JI2001,Balarabe,Maigatari,Jigawa,20410.1,25579.5,5064.4,19307.2,4238.8,4200
JI1407,Idanduna,Jahun,Jigawa,29155.5,28033.8,5751.1,35833.1,5961.9,7224
KN4009,Yanganau,Tsanyawa,Kano,20720.1,30128.1,6319.7,22911.6,4311.6,3987
KN0903,Dawaki,Dawakin Kudu,Kano,46180.4,70640.0,13717.5,46497.6,12089.4,12248
KN3602,Gani,Sumaila,Kano,51881.0,61620.8,12239.3,50219.4,10596.7,9710
JI2501,Albasu,Sule Tankarkar,Jigawa,10215.8,9803.7,1872.3,18254.2,1938.0,3784
KN4104,Jandutse,Tudun Wada,Kano,34127.5,33850.4,6850.2,33455.3,7151.8,7148
80510,Sankalawa,Bungudu,Zamfara,24291.6,22674.4,4394.1,20033.9,4670.0,3798
BA1711,Bununu A,Tafawa-Balewa,Bauchi,30103.3,26026.3,5150.1,24214.8,5895.6,4687
KN1904,Kara,Gwarzo,Kano,28699.6,32241.9,6727.2,27473.6,5949.2,5789
OYSKAA04,Iba Ogan,Kajola,Oyo,305.3,310.5,38.5,407.6,36.7,57
BA1812,Ribina West,Toro,Bauchi,10787.8,15885.8,3235.6,16434.5,2161.0,3320
80304,Nassarawa Godel West,Birnin Magaji-Kiyaw,Zamfara,27194.0,34530.3,6922.2,16743.2,7498.1,3085
40907,Maidabino B,Dan Musa,Katsina,14723.0,17416.9,3579.7,17545.4,2981.1,3971
NISMKW09,Moregi,Mokwa,Niger,2969.1,3368.4,671.5,2823.2,668.7,717
KN4205,Karo,Ungogo,Kano,14273.6,18557.3,3824.9,16100.5,2915.2,3468
42610,Muduru,Mani,Katsina,24193.0,17597.0,3795.0,24538.6,5243.5,5623
41709,Rugoji,Kafur,Katsina,32688.3,31478.2,6712.5,38788.6,6866.3,8158
BA0212,Dawaki,Bauchi,Bauchi,37168.9,39468.3,7524.8,57284.1,7027.7,14538
KN3905,Janguza,Tofa,Kano,17501.1,16008.9,3241.3,18224.5,3551.4,3311
42807,Mazoji A,Matazu,Katsina,18646.0,30181.3,6156.7,17297.8,3753.8,3843
KN0605,Gafan,Bunkure,Kano,24161.1,17695.9,3603.4,19838.6,5101.2,4172
EBSNCA02,Agbabor / Agbabor-Isu,Onicha,Ebonyi,38364.2,18404.2,2512.4,16227.4,4989.6,2781
JI1105,Gwaram,Gwaram,Jigawa,48061.9,35030.9,7225.0,34698.6,10209.3,9568
40308,Manawa,Batsari,Katsina,19721.8,21769.3,4628.2,17458.7,4162.3,3483
PLSMBD10,Nassarawa,Langtang South,Plateau,6343.9,6042.3,1091.8,9465.0,1125.7,1434
JI1902,Balago,Kiyawa,Jigawa,18497.4,16335.5,3463.3,30101.2,3890.1,6333
BA1507,Guda,Ningi,Bauchi,15886.6,18188.4,3744.6,18934.2,3222.8,3830
JI1608,Kaugama,Kaugama,Jigawa,16198.8,16559.5,3295.8,17937.5,3339.1,3926
KN0502,Bichi,Bichi,Kano,76168.0,81679.4,16518.8,80259.3,18043.8,20107
41107,Sirika A,Dutsi,Katsina,12361.7,8959.3,1914.2,11719.0,2621.1,2403
40801,Dabai,Danja,Katsina,24565.2,20416.7,4346.5,27594.1,5345.9,7605
KN4106,Karefa,Tudun Wada,Kano,28365.5,29837.9,6046.1,28434.3,5910.2,5727
KN2909,Satame,Makoda,Kano,15986.3,21807.2,4393.4,17423.5,4124.6,3425
BA1816,Zalau,Toro,Bauchi,18091.7,21816.7,4443.6,34158.6,3624.2,6665
KN2801,Burji,Madobi,Kano,10429.9,12058.2,2411.3,12991.0,2062.1,2418
KN0905,Dosan,Dawakin Kudu,Kano,18458.5,24756.8,4807.5,22082.1,4097.5,4913
80708,Sabon Gari,Gusau,Zamfara,17390.0,17322.6,3300.9,14373.2,4434.0,2732
JI2310,Yandutse,Ringim,Jigawa,29996.7,24206.5,5106.1,33889.7,6455.1,8992
80302,Birnin Magaji,Birnin Magaji-Kiyaw,Zamfara,28427.6,33013.9,6554.9,19502.6,7020.7,3578
BA1706,Wai A,Tafawa-Balewa,Bauchi,30361.0,35676.0,7059.6,30386.1,5893.5,5776
KN3002,Gandurwawa,Minjibir,Kano,18369.7,19492.1,4018.8,22259.1,3963.1,5344
50508,Lolo Giris,Bagudu,Kebbi,36647.3,34495.4,6879.9,27479.0,7528.6,5342
NISKUG07,Jima,Lavun,Niger,10116.8,7399.3,1486.1,10111.3,2159.4,2343
KN4203,Gayawa,Ungogo,Kano,52611.5,63162.5,12919.1,92173.5,11247.4,26351
KN3501,Alajawa,Shanono,Kano,10128.2,11102.8,2354.3,21419.3,2122.1,3785
BA1814,Wonu North,Toro,Bauchi,34720.7,37818.1,7702.3,45138.4,7034.1,9127
41011,Ubandawaki B,Daura,Katsina,25947.7,40268.8,8283.2,26494.6,7116.8,8023
KN3311,Yalwan Danziyal,Rimin Gado,Kano,11114.8,8372.7,1694.5,12786.1,2331.9,3261
BA1902,Dallaji,Warji,Bauchi,15011.5,10076.4,2082.4,9631.7,3053.7,2056
KN2705,Karfi,Kura,Kano,19640.1,22696.5,4303.5,20854.5,5821.0,6146
41903,Gundawa,Kankara,Katsina,29969.4,34329.3,7130.0,40730.2,6240.1,9309
BA1709,Dajin,Tafawa-Balewa,Bauchi,20507.0,19131.8,3764.3,18444.2,3974.2,3599
NISMKW06,Kudu,Mokwa,Niger,11513.7,5492.9,1096.5,14935.6,2329.1,2742
NISMKW07,Labozhi,Mokwa,Niger,13591.5,10157.7,2027.5,17995.2,2711.9,3566
KN3405,Jajaye,Rogo,Kano,33761.4,38084.6,7947.2,27724.7,6979.0,5202
KN4005,Kabagiwa,Tsanyawa,Kano,32001.6,33255.5,6967.1,29793.2,6766.6,5745
40710,Tumburkai A,Dandume,Katsina,26344.9,21039.1,4368.9,17717.7,5663.0,4683
KN1705,Ketawa,Gezawa,Kano,21970.0,8522.8,1706.9,44841.5,4345.2,10440
KN0308,Romo,Bagwai,Kano,23828.9,38051.5,7870.7,28534.5,4866.0,5215
11906,Loskuri,Mafa,Borno,2531.8,5278.1,978.4,3328.4,488.3,492
KN2504,Dan Maliki,Kumbotso,Kano,77535.5,201934.8,34185.5,126012.3,33849.6,44060
JI2207,Sabon Gari,Miga,Jigawa,15726.3,16327.6,3293.5,18913.5,3285.8,4361
KN3106,Hotoro North,Nassarawa,Kano,56482.2,68002.7,13378.5,97198.3,13701.6,30012
42810,Sayaya,Matazu,Katsina,36344.9,39285.6,8011.2,35662.3,7311.8,7677
KN3703,Falali,Takai,Kano,23477.8,19008.4,3661.0,24028.7,4478.6,5475
KN2807,Kauran Mata,Madobi,Kano,12392.3,14596.2,2969.6,15943.1,2583.8,3202
42308,Mawashi,Kusada,Katsina,9346.8,13077.8,2735.4,11764.8,1926.5,2374
40803,Danja B,Danja,Katsina,24026.6,26870.0,5714.8,31824.9,5399.0,8030
41901,Burdugau,Kankara,Katsina,24301.4,31027.1,6443.1,27373.1,5019.5,5983
11905,Limanti,Mafa,Borno,4610.5,5202.9,960.7,7109.0,942.0,1244
JI1906,Katuka,Kiyawa,Jigawa,16542.4,18690.2,3984.2,24819.6,3491.2,5047
KN1301,Gabasawa,Gabasawa,Kano,36435.6,52549.2,10667.9,38425.7,8754.5,8935
KN1006,Gargari,Dawakin Tofa,Kano,38038.5,31591.7,6414.9,34214.3,8299.6,7176
43310,Rade B,Sandamu,Katsina,18277.8,20999.0,4314.5,17649.9,4316.7,4032
KN1707,Sararin Gezawa,Gezawa,Kano,11468.3,834.7,167.9,18536.2,2486.0,4761
KN1508,Kadawa,Garun Malam,Kano,14918.3,15722.7,2857.5,13788.9,3135.3,3399
42509,Na'alma,Malumfashi,Katsina,20902.2,22549.2,4695.4,22521.0,4288.2,4857
PLSBKK12,Margif / Kopmur,Bokkos,Plateau,7896.2,6689.2,1106.8,9058.3,1273.2,1372
JI2510,Yandamo,Sule Tankarkar,Jigawa,14901.8,17722.8,3384.6,35004.6,2822.2,6932
JI0702,Gagarawa Tasha,Gagarawa,Jigawa,10730.0,9870.0,1989.2,10101.9,2390.2,2219
KN1609,Shagogo,Gaya,Kano,32525.5,38794.3,7710.2,45901.9,6422.0,8630
41705,Kafur,Kafur,Katsina,22208.7,25601.5,5471.5,30890.4,4687.1,7344
KN3913,Yalwa Karama,Tofa,Kano,5608.9,5424.7,1105.9,5278.2,1145.2,970
OYSKAA06,Imoba / Oke Ogun,Kajola,Oyo,3760.8,4008.5,497.7,2465.9,452.5,352
BA1906,Katanga,Warji,Bauchi,12217.1,18520.5,3827.5,11775.3,2783.3,2499
JI2206,Miga,Miga,Jigawa,21538.3,19453.4,3932.9,17927.7,4872.7,5253
41708,Masari,Kafur,Katsina,32502.3,32268.1,6896.3,39207.7,6849.1,8473
JI2411,Zugai,Roni,Jigawa,11122.9,12939.7,2616.4,12595.0,2310.8,2836
JI1408,Jabarna,Jahun,Jigawa,17894.0,19888.1,4080.0,23626.1,3666.9,5217
KN1303,Joda,Gabasawa,Kano,24008.0,29476.7,5988.0,24417.4,5138.8,4743
JI1401,Aujara,Jahun,Jigawa,46695.4,48178.8,9883.8,49049.7,9922.3,11549
KN2805,Kafin Agur,Madobi,Kano,15360.1,15397.1,3181.2,16169.1,3182.2,2954
KN3209,Zinyau,Rano,Kano,15805.0,20720.4,4274.7,16353.1,3347.2,3200
KN4408,Sabon Gari,Wudil,Kano,28441.3,38032.0,7003.1,34002.6,8890.4,7720
41303,Mai Gora,Faskari,Katsina,21537.3,27181.6,5676.4,30441.7,4432.0,7614
JI2009,Maigatari Kudu,Maigatari,Jigawa,20434.7,24846.1,4917.7,14003.3,4943.7,3198
JI2605,Kiri,Taura,Jigawa,6278.5,9284.2,1994.6,9063.5,1470.3,2588
KN2903,Jibga,Makoda,Kano,23257.2,33730.0,6844.4,26037.5,5387.6,6423
43003,Iyatawa,Rimi,Katsina,32716.9,20660.5,4413.2,32411.1,6931.7,7727
JI2710,Zungumba,Yankwashi,Jigawa,8166.0,6256.9,1306.3,7826.7,1735.5,2006
80702,Mada,Gusau,Zamfara,40065.3,37218.2,7530.5,35889.8,8679.4,7636
KN1404,Gurjiya,Garko,Kano,27173.1,26491.7,5019.1,29749.6,5412.0,5319
JI0510,Yayarin Tukur,Buji,Jigawa,18826.0,13287.6,2709.9,16545.8,3798.9,3218
40210,Yargamji,Batagarawa,Katsina,11561.8,11644.7,2404.5,14948.1,2364.0,3317
KN3707,Karfi,Takai,Kano,25368.4,19612.5,3777.3,24528.9,4842.1,4980
KN3110,Tudun Wada,Nassarawa,Kano,20265.6,33675.0,6183.1,25541.8,5386.7,5258
KN1305,Mekiya,Gabasawa,Kano,28766.5,43608.2,8859.8,36540.5,6139.3,7689
PLSRYM01,Attakar,Riyom,Plateau,8743.0,7422.9,1408.2,9965.2,1629.5,1509
KN2205,Magajin Gari,Karaye,Kano,21915.2,25557.9,5257.6,25008.6,5630.8,7136
KN3915,Yarimawa,Tofa,Kano,13060.3,13297.9,2710.8,10576.4,2678.5,1902
42304,Kafarda,Kusada,Katsina,9046.0,8915.5,1880.7,11217.3,1881.4,2613
BA1904,Gabanga B,Warji,Bauchi,6196.9,5543.3,1145.6,4692.9,1277.0,916
JI2106,Malam Madori,Malam Madori,Jigawa,17586.4,20578.4,4088.8,19349.1,4240.9,4879
OYSIJA03,Balogun / Joloko,Iwajowa,Oyo,9308.3,4918.9,604.1,7930.1,1255.5,1129
BA0604,Bununu South,Dass,Bauchi,13299.4,13082.2,2644.0,12097.3,2631.5,2269
KN0206,Faragai,Albasu,Kano,15342.6,20939.3,4127.8,22156.4,3395.6,5703
41905,Kankara,Kankara,Katsina,42454.2,45129.8,9393.8,45631.7,12228.2,11166
KN3507,Leni,Shanono,Kano,10836.7,9187.2,1913.8,11860.3,2238.7,2240
40910,Yantumaki A,Dan Musa,Katsina,17634.9,22063.7,4517.0,21482.8,3743.3,5358
EBSSKA14,Obinagu,Ivo,Ebonyi,12501.8,14336.9,1656.9,6407.8,1580.9,1120
KN1610,Wudilawa,Gaya,Kano,13797.9,13322.7,2643.6,16223.0,2878.0,3697
BA1707,Mball,Tafawa-Balewa,Bauchi,22212.0,21670.9,4269.7,19642.3,4293.4,3677
KN4003,Gozarki,Tsanyawa,Kano,35882.3,20733.2,4331.4,17405.5,7579.4,3128
JI1701,Baauzini,Kazaure,Jigawa,17919.9,14656.6,3009.0,22785.2,3718.5,4803
41105,Ruwan Kaya A,Dutsi,Katsina,17014.8,11668.3,2391.4,12168.9,3446.0,2413
KN2605,Kunchi,Kunchi,Kano,12637.1,8278.6,1675.3,16899.2,2527.3,3076
OYSKAA05,Ijo,Kajola,Oyo,7765.2,1098.9,136.8,2957.7,956.1,417
KN1101,Dadin Kowa,Doguwa,Kano,27375.0,29181.7,5839.4,27019.7,6005.1,5533
41607,Jibia B,Jibia,Katsina,12045.2,13153.3,2811.2,19501.5,3128.3,5550
KN0202,Bataiya,Albasu,Kano,37738.3,30741.0,6054.5,29715.3,7351.2,5563
JI0706,Mai Aduwa,Gagarawa,Jigawa,12121.0,9096.4,1833.3,12003.4,2488.6,2643
KN0302,Dangada,Bagwai,Kano,23634.8,32005.6,6617.2,31221.7,4827.9,5904
KN2901,Babbar Ruga,Makoda,Kano,29424.3,38377.3,7766.4,25409.6,7338.8,5583
BA0608,Polchi,Dass,Bauchi,10303.2,6853.7,1398.6,7881.2,2066.3,1479
80508,Nahuche,Bungudu,Zamfara,42030.3,40086.7,7841.9,35312.9,8445.2,6831
JI2202,Garbo,Miga,Jigawa,12942.7,14733.4,2973.0,17502.2,2739.8,4130
KN2701,Dalili,Kura,Kano,22624.3,24498.0,4617.8,21849.0,5669.7,5330
42809,Rinjin Idi,Matazu,Katsina,10171.9,5954.2,1214.6,7305.1,2053.2,1535
JI1409,Jahun,Jahun,Jigawa,42486.8,44196.3,9059.1,43519.1,10548.9,11134
43409,Yardaje,Zango,Katsina,20863.3,30185.8,6382.1,24647.3,4223.8,6432
JI2709,Yankwashi,Yankwashi,Jigawa,6679.7,6189.5,1293.9,8791.1,1444.9,2141
KN3101,Dakata,Nassarawa,Kano,22306.9,21269.4,4327.6,29845.9,5033.1,9434
JI0905,Galagamma,Gumel,Jigawa,7840.4,13565.5,2722.9,8549.4,2691.4,2174
40510,Tama,Bindawa,Katsina,24591.8,31638.7,6540.7,32811.8,5006.3,7236
KN2410,Maraku,Kiru,Kano,25181.3,19723.9,3900.7,21104.8,5315.4,4355
KN2809,Kwankwaso,Madobi,Kano,33834.5,29764.2,6120.2,31514.0,7279.8,6346
OYSIWU01,Babaode,Itesiwaju,Oyo,13024.7,10587.6,1289.2,8221.2,1670.7,1167
42306,Kofa,Kusada,Katsina,20412.4,25164.5,5320.1,28542.3,4252.4,6022
40809,Yakaji A,Danja,Katsina,16793.7,14228.9,3027.6,20942.4,3526.2,4528
JI1908,Kwanda,Kiyawa,Jigawa,22990.5,9631.1,2051.9,33331.0,4855.5,6623
KN1307,Yautar Arewa,Gabasawa,Kano,19051.7,2143.9,433.2,23068.6,3856.6,4182
JI1602,Askandu,Kaugama,Jigawa,13893.9,13492.3,2683.2,19278.9,2754.7,4261
JI1703,Dabaza,Kazaure,Jigawa,21396.2,21857.6,4451.1,22594.5,4344.9,4679
KN2607,Ridawa,Kunchi,Kano,9551.2,7664.8,1550.3,11765.2,1996.5,2246
BA1112,Yangamai,Jama'Are,Bauchi,15662.2,6943.6,1383.7,5961.2,3117.4,1145
KN3503,Faruruwa,Shanono,Kano,7231.6,10158.1,2153.7,15787.0,1514.9,3374
KN1107,Shere,Doguwa,Kano,10711.6,11577.3,2318.4,13248.7,2126.6,2436
JI0704,Kore Balatu,Gagarawa,Jigawa,7251.5,8655.8,1744.5,9322.2,1448.3,1956
42503,Dayi,Malumfashi,Katsina,42795.3,35716.6,7461.8,36151.2,8867.3,7838
KN1607,Kazurawa,Gaya,Kano,29773.7,30702.5,6092.3,29199.0,5839.1,5255
OGSYES05,Ilaro 3,Yewa South,Ogun,38192.0,35452.1,5473.6,57241.4,6037.3,6819
42003,Galadima A,Kankia,Katsina,13203.4,15770.6,3345.7,14520.7,2957.6,3738
40704,Dantankari,Dandume,Katsina,22862.3,21753.5,4516.9,17474.6,4780.5,4386
42903,Garu,Musawa,Katsina,12361.4,13424.9,2818.2,21338.2,2550.0,4669
KN4108,Sabon Gari,Tudun Wada,Kano,30540.7,37635.9,7616.3,29673.6,7367.4,6734
KN2304,Kadigawa,Kibiya,Kano,4195.1,13447.7,2678.9,10101.3,844.6,1713
40702,Dandume B,Dandume,Katsina,22679.2,18438.2,3824.0,17473.6,4741.4,3869
JI0107,Gatafa,Auyo,Jigawa,5423.0,6907.1,1374.5,7108.1,1206.0,1983
KN4110,Tsohon Gari,Tudun Wada,Kano,12751.4,19205.8,3886.6,18705.2,3427.9,5443
KN2703,Dukawa,Kura,Kano,17490.8,22022.2,4166.6,18800.7,3460.0,3823
KN2408,Kiru,Kiru,Kano,40543.1,47611.0,9415.9,42681.1,9732.9,11913
BA1910,Ranga B,Warji,Bauchi,7370.1,8480.9,1752.7,5456.8,1540.7,1111
BA0606,Dott,Dass,Bauchi,23082.5,21758.4,4440.8,10413.7,4963.1,1949
43008,Rimi,Rimi,Katsina,35260.0,37619.7,8022.4,37908.6,7787.9,10596
JI2505,Danzomo,Sule Tankarkar,Jigawa,13820.6,13416.0,2613.6,21881.9,2678.7,4871
KN2412,Tsaudawa,Kiru,Kano,11552.9,12449.0,2462.0,11020.8,2348.2,1915
KN0915,Zogarawa,Dawakin Kudu,Kano,7664.5,7085.7,1365.2,9531.4,1544.6,2321
KN4315,Yangizo,Warawa,Kano,4674.1,7023.2,1373.8,13220.2,938.3,2604
42108,Kudu 3,Katsina,Katsina,59104.1,69414.1,13694.9,90413.4,14926.3,26605
43405,K Malamai,Zango,Katsina,10364.1,9670.0,1965.4,14815.9,2081.5,3291
BA1908,Tiyin A,Warji,Bauchi,13192.6,15572.3,3218.1,11105.8,2689.4,2140
41909,Yargoje,Kankara,Katsina,34273.9,35242.3,7335.9,30300.5,7767.6,6863
KN1309,Yumbu,Gabasawa,Kano,16005.7,7924.6,1615.7,18869.8,3283.2,3611
JI0803,Garki,Garki,Jigawa,24104.1,27213.0,5548.9,34331.8,5164.8,8008
JI2011,Turbus,Maigatari,Jigawa,14205.4,11830.2,2349.4,13452.1,2910.8,2690
81311,Yanware,Tsafe,Zamfara,33674.2,28363.3,5745.9,29507.8,6979.3,6095
80310,Nassarawa Godel East,Birnin Magaji-Kiyaw,Zamfara,24860.0,41216.9,8277.3,18005.1,6612.0,3297
KN2406,Dashi,Kiru,Kano,12199.5,14113.1,2800.0,11219.6,2399.2,1942
KN2601,Bumai,Kunchi,Kano,11063.3,9295.3,1881.0,15855.4,2211.9,2710
KN1105,Maraku,Doguwa,Kano,17757.5,17590.9,3520.2,16338.6,3512.9,3195
42911,Tuge,Musawa,Katsina,14616.6,18586.1,3843.8,18515.9,2984.4,4006
42901,Dangani,Musawa,Katsina,30600.9,34631.7,7150.7,28461.2,6320.8,6705
40908,Mara A,Dan Musa,Katsina,21972.6,24223.3,4975.8,25772.1,4602.8,6461
42604,Hamcheta,Mani,Katsina,17926.4,20000.6,4310.6,28033.1,3809.8,6005
KN2306,Nariya,Kibiya,Kano,28582.9,27250.4,5521.5,22745.4,5762.4,3991
KN0913,Yankatsari,Dawakin Kudu,Kano,10493.1,13137.1,2533.5,14889.5,2139.2,3009
KN1601,Balan,Gaya,Kano,32712.0,31314.7,6213.7,30364.8,6488.1,5297
JI2705,Gwarta,Yankwashi,Jigawa,10474.9,10637.7,2213.8,15721.5,2162.1,3182
BA1516,Ningi West,Ningi,Bauchi,12076.1,18426.2,3793.1,18682.9,2611.6,4906
42805,Matazu A,Matazu,Katsina,19276.6,9234.4,1883.7,12921.4,4068.6,2920
JI1708,Sabaru,Kazaure,Jigawa,23003.2,20449.4,4185.7,24874.8,4686.9,5271
42302,Boko,Kusada,Katsina,15569.6,21650.0,4576.8,21850.4,3256.3,4815
BNSMKD10,North Bank 2,Makurdi,Benue,18126.9,14058.6,2122.1,16718.7,2699.6,2350
KN2502,Chiranchi,Kumbotso,Kano,65888.4,192700.8,31008.0,101900.1,31124.1,29029
JI2708,Ringim,Yankwashi,Jigawa,6408.6,7510.5,1568.0,11027.1,1320.8,2354
JI1702,Daba,Kazaure,Jigawa,21992.5,15187.4,3078.6,21789.9,4585.0,4738
KN0703,Dala,Dala,Kano,3968.0,23140.2,4270.3,5107.4,5178.8,2277
BA1716,Wai B,Tafawa-Balewa,Bauchi,50302.0,46552.6,9211.9,33104.5,10786.5,6316
JI0701,Gagarawa Gari,Gagarawa,Jigawa,7801.9,5943.5,1197.8,7605.0,1580.0,1587
BA1007,Bilkicheri,Itas/Gadau,Bauchi,23219.3,19798.0,4036.9,23154.8,4697.2,4789
BA1107,Dogon Jeji C,Jama'Are,Bauchi,12177.0,7733.5,1541.1,9224.5,2401.5,1794
BA0308,Dutsen Lawan,Bogoro,Bauchi,17013.2,18714.2,3620.1,11010.1,3231.1,2058
BA1003,Gwarai,Itas/Gadau,Bauchi,25008.6,16670.3,3381.9,23993.1,5011.9,4606
BA1701,Kardam A,Tafawa-Balewa,Bauchi,12252.4,10693.5,2145.8,15416.7,2418.4,2888
BA1014,Gijina,Itas/Gadau,Bauchi,26503.5,14125.2,2882.7,15485.1,5446.4,3005
BA0307,Dazara,Bogoro,Bauchi,7862.1,6058.3,1103.2,4157.7,1402.2,777
BA1901,Baima,Warji,Bauchi,16404.8,26432.0,5462.6,17316.2,3337.9,3333
BNSYGJ08,Nzorov,Guma,Benue,36958.8,20465.6,4173.2,20114.9,7726.5,2834
BA1002,Mashema,Itas/Gadau,Bauchi,15576.7,19675.3,4013.3,16787.6,3138.0,3574
BA1704,Lere South,Tafawa-Balewa,Bauchi,24798.4,28138.0,5566.3,18128.0,4809.1,3389
41208,Kuki B,Dutsin Ma,Katsina,8228.5,11066.0,2264.6,11257.6,1649.4,2369
41611,Yangayya,Jibia,Katsina,20620.4,16689.2,3569.9,14990.4,4336.9,3037
BA1004,Abdallawa,Itas/Gadau,Bauchi,11854.3,13681.1,2796.0,18510.6,2396.8,3761
41809,Yandaki,Kaita,Katsina,34417.5,26703.2,5585.3,34954.6,7122.0,7455
KN1603,Gamoji,Gaya,Kano,14233.7,18756.3,3718.0,20825.2,2783.7,3655
BA1011,Zubiki,Itas/Gadau,Bauchi,22072.3,25817.9,5265.5,22714.7,4731.0,4718
PLSMBD11,Sabon Gida,Langtang South,Plateau,11844.4,17551.3,3171.4,16429.5,2103.3,2489
BA1005,Magarya,Itas/Gadau,Bauchi,7330.4,8430.0,1736.7,9686.5,1504.2,2010
BA1006,Buzawa,Itas/Gadau,Bauchi,19613.1,22808.5,4654.8,21443.8,3950.7,4362
BA1015,Gyara,Itas/Gadau,Bauchi,13739.2,13740.5,2800.8,10000.5,2776.4,1949
EBSNKE09,Echara,Ezza South,Ebonyi,26947.0,15678.5,2131.5,16020.0,3502.5,2736
BA1008,Bambal,Itas/Gadau,Bauchi,14938.8,17993.9,3674.5,17094.3,3029.7,3509
BA1702,Kardam B,Tafawa-Balewa,Bauchi,17181.5,22089.6,4329.1,20916.1,3301.4,4004
43101,Dugu Muazu,Sabuwa,Katsina,11780.5,18686.7,3882.9,13221.4,2748.2,3918
KN2002,Durun,Kabo,Kano,15532.7,18448.8,3505.1,13241.5,3003.6,2506
FCTABC08,Karshi 1,Municipal Area Council,Fct,22337.5,18150.7,3246.1,33475.6,4450.6,5366
40110,Kurami Yankwani,Bakori,Katsina,48394.2,55902.4,11393.4,60716.3,10447.5,15006
BA1518,Yuwa,Ningi,Bauchi,16303.1,11037.4,2272.1,28291.7,3306.2,5394
FCTGWA06,Kutunku,Gwagwalada,Fct,86284.0,174571.0,29479.6,59275.9,27136.4,9145
71104,Bogo,Machina,Yobe,4978.2,5548.8,1149.6,7838.4,908.8,1255
80502,Bingi North,Bungudu,Zamfara,26488.0,25157.9,4940.7,26188.3,5123.3,4860
FCTABJ01,Alu Mamagi,Abaji,Fct,4282.9,3578.8,650.6,1806.5,1015.0,267
FCTBWR09,Ushafa,Bwari,Fct,54843.5,48221.3,8036.0,37870.8,9931.3,5894
JI0406,Kachallari,Biriniwa,Jigawa,9437.2,10490.7,2141.8,9501.1,1923.9,1912
FCTKWL04,Kinlakwa,Kwali,Fct,50999.0,66824.4,11604.8,22096.7,10976.9,3288
KN3410,Zoza,Rogo,Kano,48113.4,39158.9,8187.6,35138.8,10027.9,6400
KGSKNA09,Oganenigu,Dekina,Kogi,13253.5,14189.1,2641.3,18048.5,2428.5,3102
KN1407,Kwas,Garko,Kano,14938.4,17756.0,3536.8,17467.3,3240.6,3219
40602,Charanchi,Charanchi,Katsina,40409.6,51307.1,10825.6,44600.5,9563.2,11609
KN2908,Makoda,Makoda,Kano,23087.9,37867.9,7773.6,22266.6,6798.2,5008
NISMKW03,Jaagi,Mokwa,Niger,39622.5,30128.2,6060.2,26954.6,9358.1,5412
81008,Maru,Maru,Zamfara,40264.4,35988.8,7393.4,27668.9,8722.3,4995
OGSABN12,Sabo 2,Abeokuta North,Ogun,40492.9,38279.1,5516.9,49240.9,6067.7,5982
JI1507,Majawa,Kafin Hausa,Jigawa,33932.5,24889.8,4919.6,25500.7,6656.7,5076
FCTGWA08,Quarters,Gwagwalada,Fct,70226.0,141536.1,24319.4,33244.8,21517.1,4926
81304,Dauki,Tsafe,Zamfara,11596.8,13585.5,2774.3,11610.2,2358.3,2161
JI1601,Arbus,Kaugama,Jigawa,12966.0,15972.4,3180.9,16422.0,2569.4,3320
40410,Unguwar Rai,Baure,Katsina,23204.0,27296.1,5661.1,25363.5,5025.5,5304
JI1206,Gwiwa,Gwiwa,Jigawa,8998.1,10169.0,2013.4,13594.5,1818.1,3092
BA0610,Lukshi,Dass,Bauchi,7985.4,6149.3,1257.5,5134.2,1605.7,960
FCTKUJ07,Kujekwa,Kuje,Fct,7608.7,8012.1,1387.2,4286.7,1758.0,675
JI2110,Tashena,Malam Madori,Jigawa,16794.0,19275.2,3874.0,13936.7,4244.2,3345
40904,Dan Musa A,Dan Musa,Katsina,15405.0,18350.0,3769.4,22775.2,3803.9,6672
JI0211,Takwasa,Babura,Jigawa,28195.2,36120.2,7217.1,27266.5,5622.5,5467
NISKUG12,Manbe Tafyan,Lavun,Niger,12822.7,8772.1,1759.8,8880.7,2826.8,2117
BA1811,Palama,Toro,Bauchi,32582.5,31232.4,6362.7,39047.8,6527.7,7312
FCTKUJ05,Kabi,Kuje,Fct,14813.2,15100.4,2621.3,8228.4,3540.6,1253
FCTABJ07,Nuku,Abaji,Fct,23302.1,33435.9,6031.5,12281.3,5990.5,1868
41502,Bareruwa,Ingawa,Katsina,24310.7,23801.2,4874.9,30365.9,4924.7,6205
42111,Yamma 1,Katsina,Katsina,27381.0,32039.1,6321.1,33468.6,6245.8,8990
NISMKW02,Gbara,Mokwa,Niger,14083.4,18496.7,3794.3,12354.9,4860.7,2963
KN2310,Unguwar Gai,Kibiya,Kano,14819.7,23081.5,4669.4,20485.9,3029.6,3659
KN2010,Masanawa,Kabo,Kano,15025.8,18322.3,3481.2,14642.7,3046.5,2821
KN4207,Rijiyar Zaki,Ungogo,Kano,82898.0,252268.7,45215.4,94796.4,44321.8,21532
NISENG04,Gazhe 1,Edati,Niger,15447.0,22955.1,4743.0,12960.9,4508.0,2929
JI0205,Gasakoli,Babura,Jigawa,24481.4,4207.8,840.8,26776.3,4845.6,5218
KN1908,Mainika,Gwarzo,Kano,34896.4,31129.3,6494.8,22942.2,7792.3,4414
JI1501,Bulangu,Kafin Hausa,Jigawa,63927.8,43494.0,8596.8,37032.5,13063.4,8025
KGSKNA06,Iyale,Dekina,Kogi,39087.8,36488.1,6844.7,46294.0,7185.9,8703
BA0815,Kariya B,Ganjuwa,Bauchi,27867.2,18222.5,3766.3,29452.4,5671.3,5676
FCTKUJ01,Chibiri,Kuje,Fct,73211.4,83889.1,12124.7,58262.2,11570.9,8865
NISKHA02,Bakeko,Katcha,Niger,14122.8,17701.4,3601.3,20859.4,2824.0,4641
NISAGA09,Kutriko,Agaie,Niger,12023.3,14120.3,2881.0,11358.8,2524.7,2156
JI0804,Gwarzo,Garki,Jigawa,26207.1,13151.3,2701.1,35132.5,5295.0,7333
80709,Tudun Wada,Gusau,Zamfara,131807.7,142024.0,27211.9,128323.0,29616.1,23988
JI2008,Maigatari Arewa,Maigatari,Jigawa,23444.9,34706.6,6909.0,21831.1,6404.5,5170
KN3312,Zango,Rimin Gado,Kano,20431.6,19197.3,3844.2,20390.9,4055.5,3584
NISLMU01,Batagi,Gbako,Niger,12419.3,12522.0,2542.2,13836.8,2644.7,3046
KN3906,Jauben Kudu,Tofa,Kano,6086.6,6417.7,1305.4,7454.4,1224.2,1567
TRSGAS10,Wuro Jam,Gassol,Taraba,29977.9,31142.8,5984.2,31588.9,5677.4,5107
JI1402,Gangawa,Jahun,Jigawa,40331.3,30441.3,6261.1,46306.9,8257.6,9204
41804,Dankama,Kaita,Katsina,25365.7,27786.6,5885.7,29464.0,5376.2,7131
40104,Dawa Musa,Bakori,Katsina,22543.2,18946.8,3940.3,24242.3,4695.6,5929
KN3603,Garfa,Sumaila,Kano,40403.4,36907.0,7322.7,39494.7,9647.5,7275
FCTABC02,Garki 1,Municipal Area Council,Fct,223267.2,280566.8,40454.3,227057.8,35056.1,36630
42310,Yashe B,Kusada,Katsina,11828.2,14986.8,3177.5,17225.3,2471.1,3721
42206,Rawayau B,Kurfi,Katsina,9476.9,9819.5,2067.4,14282.6,1958.9,3068
FCTABC10,Nyanya 1,Municipal Area Council,Fct,30755.2,29931.9,5223.8,103315.5,5413.8,16256
JI1905,Katanga,Kiyawa,Jigawa,20161.7,17589.0,3749.4,34229.4,4255.1,7453
JI2604,Gujungu,Taura,Jigawa,18726.9,24305.0,4961.1,25450.9,4105.8,6491
BA0812,Ganjuwa B,Ganjuwa,Bauchi,24984.6,34222.5,7075.8,49533.4,5082.0,11252
JI2201,Dangyatin,Miga,Jigawa,17550.9,18816.4,3796.9,21665.2,3729.0,4923
KWSPTG01,Kpada 1,Pategi,Kwara,23999.5,25809.2,4716.0,20984.5,4474.3,3794
JI2103,Fateka,Malam Madori,Jigawa,28767.4,34688.0,6937.8,35128.3,6850.0,7520
JI0608,Kudai,Dutse,Jigawa,25148.2,30434.2,5952.2,43535.7,4863.8,10956
FCTBWR04,Igu,Bwari,Fct,4631.3,6854.3,1263.2,6341.6,843.1,1061
KN3902,Doka,Tofa,Kano,7244.3,10161.0,2061.3,12849.6,1450.0,2491
42204,Kurfi A,Kurfi,Katsina,28330.6,27007.1,5703.2,28107.8,5935.6,7209
NISKUG04,Doko,Lavun,Niger,24788.9,13079.8,2628.1,18064.9,5128.3,4537
JI2203,Gwari,Miga,Jigawa,10535.0,12087.0,2439.0,12841.3,2281.7,3055
JI0710,Zarada,Gagarawa,Jigawa,11057.1,11275.6,2263.4,13493.3,2221.4,2977
JI2101,Arki,Malam Madori,Jigawa,12190.7,13366.9,2657.2,15415.5,2523.7,3844
JI1111,Zandam Nagogo,Gwaram,Jigawa,32526.4,29317.8,6046.0,29137.9,6646.3,6726
FCTABJ10,Yaba,Abaji,Fct,14258.2,10118.0,1786.2,4916.3,3173.2,725
41201,Bugagadi,Dutsin Ma,Katsina,21338.3,20862.2,4245.6,20155.1,4270.4,4207
FCTGWA03,Gwako,Gwagwalada,Fct,35904.2,37181.9,5384.5,33594.4,5630.3,5514
JI1909,Maje,Kiyawa,Jigawa,16512.9,15972.1,3349.9,20355.9,3441.9,4042
JI2107,Makaddari,Malam Madori,Jigawa,14964.1,12060.5,2397.9,15206.4,2937.0,3103
KN2604,Kasuwar Kuka,Kunchi,Kano,13220.0,18183.5,3679.0,32178.1,2828.0,5892
KWSPTG08,Pategi 2,Pategi,Kwara,5282.0,5614.5,1023.0,4547.8,1092.7,1064
42608,Magami,Mani,Katsina,15036.2,17913.6,3858.0,26262.5,3190.7,5863
JI0106,Gamsarka,Auyo,Jigawa,18547.5,15203.7,3066.3,13880.2,4724.7,3547
KWSPTG10,Pategi 4,Pategi,Kwara,19176.4,20288.6,3698.7,14771.1,3921.4,3260
AKSKTS07,Ukpon Ete 2,Ikot Abasi,Akwa Ibom,16537.4,18618.1,2233.3,13620.6,1977.3,1781
AKSUFG05,Urue Offong 5,Urue Offong/Oruko,Akwa Ibom,13148.2,13922.0,1739.6,6453.1,1736.7,799
42006,Kunduru Gyaza,Kankia,Katsina,19731.2,5949.9,1262.3,26607.7,4123.1,5558
KN0509,Saye,Bichi,Kano,17703.6,21635.6,4375.6,20165.8,3917.3,4110
80701,Galadima,Gusau,Zamfara,101142.6,115737.4,22054.6,106843.6,23246.9,20522
JI1611,Yalo,Kaugama,Jigawa,9093.5,13015.2,2590.4,14238.6,1802.2,3203
BA1513,Kafin Lemo,Ningi,Bauchi,44451.5,35733.3,7313.0,34516.5,9064.9,6704
41203,Dutsin Ma A,Dutsin Ma,Katsina,22379.5,26940.8,5460.9,29938.6,5429.5,8107
42004,Galadima B,Kankia,Katsina,22548.9,27874.6,5913.5,27315.1,4907.6,6167
JI1510,Tsarawa,Kafin Hausa,Jigawa,37814.1,59248.8,11820.1,34831.1,7611.9,7947
KN2206,Tudun Kaya,Karaye,Kano,28385.0,22322.5,4592.0,19241.4,5777.5,3712
41205,Karofi A,Dutsin Ma,Katsina,21225.9,16573.5,3359.4,19328.2,4273.1,4194
JI0108,Kafur,Auyo,Jigawa,14815.6,18474.4,3739.6,11237.2,3830.4,2751
40609,Safana,Charanchi,Katsina,15222.4,13404.0,2819.2,13827.4,3199.3,3262
71103,Taganama,Machina,Yobe,5571.9,5146.9,958.2,7923.0,1031.9,1298
60807,Illela,Illela,Sokoto,61176.8,63091.4,13115.5,47270.3,15625.3,8625
KN3908,Lambu,Tofa,Kano,18842.5,18140.2,3680.5,21443.0,3936.6,4063
FCTKUJ10,Yenche,Kuje,Fct,6107.7,9722.4,1689.5,2359.4,1481.2,356
FCTGWA01,Central-Gwa,Gwagwalada,Fct,39315.1,43403.7,6258.2,40638.9,7394.6,6587
42002,Gachi,Kankia,Katsina,15283.5,18639.6,3952.7,20439.2,3252.5,4612
41702,Dutsen Kura,Kafur,Katsina,34725.7,24675.6,5273.6,33323.6,7374.6,7681
JI0703,Garin Chiroma,Gagarawa,Jigawa,6668.8,6805.2,1371.5,8774.3,1346.8,1839
JI1505,Kafin Hausa,Kafin Hausa,Jigawa,56232.8,70245.4,14164.9,41299.6,12779.9,8557
JI2209,Tsakuwawa,Miga,Jigawa,11383.5,10337.1,2085.9,13101.7,2382.6,3071
JI2303,Kafin Babushe,Ringim,Jigawa,20332.9,19207.7,3786.5,27340.0,3986.7,6301
42107,Kudu 2,Katsina,Katsina,25315.7,30127.3,5943.9,36415.6,6902.9,9360
41808,Matsai,Kaita,Katsina,23804.4,31213.4,6561.3,32321.2,4926.0,6545
60804,Garu,Illela,Sokoto,18425.3,16113.4,3348.7,13001.7,3853.9,2399
JI2210,Yanduna,Miga,Jigawa,11022.1,10855.6,2190.5,13406.5,2313.5,2973
42504,Gora Dan Saka,Malumfashi,Katsina,30202.2,37707.5,7909.8,30493.3,6249.3,6182
BA0804,Kariya A,Ganjuwa,Bauchi,50811.9,36857.6,7606.4,71006.2,10316.0,13687
60708,Mamman Suka,Gwadabawa,Sokoto,22087.8,23606.8,4906.8,18693.8,4611.7,3362
KN1708,Tsamiya Babba,Gezawa,Kano,64976.9,96144.2,19254.9,109199.0,13050.2,21685
KN2509,Mariri,Kumbotso,Kano,59524.7,65793.6,12827.1,102864.5,11959.8,24020
KN1206,Kwachiri,Fagge,Kano,49712.7,49529.2,10077.8,80052.2,10485.1,26594
40605,Koda,Charanchi,Katsina,18887.4,20220.0,4261.4,16763.3,3966.3,3633
41209,Kutawa,Dutsin Ma,Katsina,18183.0,16006.3,3274.9,16978.4,3767.0,3638
JI2405,Gora,Roni,Jigawa,12948.6,11110.2,2246.3,15166.0,2643.3,3184
41608,Kusa,Jibia,Katsina,27630.9,28419.7,6047.2,30993.8,5778.0,6393
JI1201,Buntusu,Gwiwa,Jigawa,16928.2,17911.2,3546.3,21839.7,3316.1,4710
FCTKWL10,Yebu,Kwali,Fct,18095.4,29369.6,5118.2,9895.3,4045.2,1481
PLSSHD08,Mambial,Shendam,Plateau,9703.9,8344.1,1469.2,21783.6,1692.4,3352
41407,Makera,Funtua,Katsina,60010.5,63295.8,12711.0,72718.9,12692.6,19150
FCTBWR08,Shere,Bwari,Fct,34211.0,47544.0,7930.6,37303.1,5645.1,5786
BA1109,Galdimari,Jama'Are,Bauchi,12223.2,16728.3,3333.6,13749.5,2392.2,2622
JI2307,Sankara,Ringim,Jigawa,38324.3,31823.5,6463.3,43756.9,7733.3,9909
40603,Doka,Charanchi,Katsina,23155.0,16764.9,3501.7,14549.9,4773.4,2972
42103,Gabas 1,Katsina,Katsina,38474.1,45313.8,8940.1,51464.6,9365.5,15055
JI1203,Darina,Gwiwa,Jigawa,7639.6,8068.2,1597.5,14543.5,1490.8,3215
JI2601,Ajaura,Taura,Jigawa,14809.9,19038.2,4017.2,19829.8,3237.4,5177
FCTGWA09,Tungan Maje,Gwagwalada,Fct,45117.4,51944.7,7607.6,43277.1,7643.7,6772
JI2003,Fulata,Maigatari,Jigawa,7262.8,8259.5,1634.5,6913.0,1512.4,1429
KN0601,Barkum,Bunkure,Kano,24563.7,24142.0,4925.8,23540.2,5593.9,5857
JI1508,Mezan,Kafin Hausa,Jigawa,49076.5,39282.6,7866.0,41210.8,9879.1,9496
FCTKUJ08,Kwaku,Kuje,Fct,34464.4,54431.7,9449.1,14642.4,8541.7,2218
41310,Yar Malamai,Faskari,Katsina,19117.2,22700.2,4706.0,18862.9,3940.6,4089
KGSMPA06,Lieteju 2,Mopa-Muro,Kogi,9774.2,8340.0,1374.1,7609.1,1568.9,1250
40502,Bindawa,Bindawa,Katsina,24190.9,23714.4,4909.4,21552.2,5377.6,4943
81301,Bilbis,Tsafe,Zamfara,37594.4,38799.1,7860.3,40515.7,8186.8,8714
JI2111,Toni Kutara,Malam Madori,Jigawa,35258.5,39543.6,7873.8,32425.5,8962.7,7817
JI1506,Kwazailewa,Kafin Hausa,Jigawa,17766.3,20548.4,4095.2,17208.6,3631.4,3510
FCTKUJ06,Kuje,Kuje,Fct,103811.9,126340.1,18983.4,76871.3,17900.7,11870
KN0103,Chula,Ajingi,Kano,16224.4,16761.8,3342.9,23473.5,3206.4,4339
FCTABC11,Orozo,Municipal Area Council,Fct,88683.6,105833.6,15994.7,119304.9,14205.2,18571
81411,Zurmi,Zurmi,Zamfara,34276.0,45437.9,9020.9,23608.7,8231.0,4241
40905,Dan Musa B,Dan Musa,Katsina,10792.5,10433.8,2153.5,10483.6,2222.9,2261
KN3907,Kwami,Tofa,Kano,4234.1,4853.9,984.7,5558.2,848.7,956
JI0801,Buduru,Garki,Jigawa,5498.0,7322.5,1472.4,13643.6,1104.2,2810
KN0804,Fagwalawa,Dambatta,Kano,37607.6,6597.8,1317.7,41156.7,7491.9,7403
JI0705,Madaka,Gagarawa,Jigawa,8215.8,10566.9,2118.6,10079.2,1654.9,2165
KN0101,Ajingi,Ajingi,Kano,19407.9,16784.3,3348.1,19996.9,4126.0,5136
FCTKUJ02,Gaube,Kuje,Fct,81934.3,97126.2,14914.6,66164.3,14533.9,10004
42201,Barkiya,Kurfi,Katsina,14078.6,12396.4,2617.5,16463.7,2921.2,3579
FCTABC01,City Center 1,Municipal Area Council,Fct,206585.9,226255.6,34083.1,138559.6,34398.8,20795
FCTABC09,Karu,Municipal Area Council,Fct,60343.8,72511.1,11352.1,114589.1,10211.5,17918
42112,Yamma 2,Katsina,Katsina,34558.0,39950.6,7883.0,46439.5,8186.5,12386
60801,Araba,Illela,Sokoto,27302.6,26386.7,5485.3,20733.6,5779.5,3718
40103,Barde Kwantakwaran,Bakori,Katsina,20532.1,20483.4,4345.7,26570.7,4294.4,5831
KN2008,Kabo,Kabo,Kano,29551.6,32515.7,6168.4,26911.2,7177.7,6395
AKSKPD05,Offi 2,Okobo,Akwa Ibom,21700.8,19308.2,2458.4,10587.3,3010.8,1311
FCTABC03,Gui,Municipal Area Council,Fct,143006.1,145994.3,21050.5,120206.9,21490.7,19292
ANSUMZ14,Umuchukwu,Orumba South,Anambra,16812.2,7211.7,795.8,25478.8,1785.1,3775
FCTABC05,Gwarinpa,Municipal Area Council,Fct,487398.7,473060.5,68259.1,386615.3,82604.3,63577
AKSKPD01,Ekeya,Okobo,Akwa Ibom,12969.5,17825.2,2275.3,9050.4,1772.2,1124
BA1505,Balma,Ningi,Bauchi,87226.7,100943.8,20754.4,100585.9,17679.0,19004
JI0811,Sayori,Garki,Jigawa,10992.0,17918.3,3701.4,23607.8,2250.7,5211
JI2102,Dunari,Malam Madori,Jigawa,34937.9,34610.1,6903.1,28461.9,8812.8,6612
41309,Yankara,Faskari,Katsina,21965.6,26218.1,5416.5,26766.7,4825.0,7285
KWSLFF10,Odo-Owa 2,Oke Ero,Kwara,12709.6,14280.0,2862.8,14200.5,2587.6,2553
80901,Damaga Gamagiwa,Maradun,Zamfara,21625.6,19068.7,3853.5,13654.7,4447.6,2492
42205,Rawayau A,Kurfi,Katsina,8896.9,13249.2,2788.5,12557.8,1837.5,3039
KN3701,Bagwaro,Takai,Kano,23822.1,22356.0,4309.4,23967.6,4560.0,4556
FCTABC07,Kabusa,Municipal Area Council,Fct,379950.4,459506.3,66254.8,405432.6,61630.9,66509
FCTBWR05,Kawu,Bwari,Fct,14332.1,18170.8,3431.3,20493.2,2709.9,3134
KN3008,Sarbi,Minjibir,Kano,15421.7,991.8,202.1,17852.6,3118.4,3221
FCTBWR03,Dutse,Bwari,Fct,192140.8,173843.4,28439.8,198537.0,35653.0,34313
JI2607,Maje,Taura,Jigawa,14525.3,18595.5,3993.8,19454.3,3324.3,5103
TRSGAS07,Sendirde,Gassol,Taraba,18356.6,6054.2,1166.4,16439.7,3479.9,2685
42007,Rimaye,Kankia,Katsina,21284.7,23105.1,4897.4,33490.7,4477.3,8162
BA1110,Jurara,Jama'Are,Bauchi,15172.4,13782.9,2751.6,14489.0,2982.9,2725
JI0501,Ahoto,Buji,Jigawa,17649.3,6745.4,1384.9,17509.6,3580.5,3404
42005,Kafin Soli,Kankia,Katsina,25248.9,14435.4,3059.6,28303.5,5291.0,6065
KN3909,Langel,Tofa,Kano,16354.4,16227.6,3303.0,14725.4,3309.0,2506
JI1610,Unguwar Jibrin,Kaugama,Jigawa,14877.6,14120.0,2811.5,19077.7,2947.4,4098
41204,Dutsin Ma B,Dutsin Ma,Katsina,52457.4,58165.1,11864.8,53737.0,12520.5,14363
43107,Rafin Iwa,Sabuwa,Katsina,15759.6,21581.3,4494.4,14317.7,3346.8,3309
BA0313,Mwari,Bogoro,Bauchi,14074.4,13206.7,2404.8,6631.5,2510.3,1240
BA0803,Kafin Madaki A,Ganjuwa,Bauchi,22876.5,18406.9,3805.8,32490.3,4659.3,6559
JI2603,Chukwaikwaiwa,Taura,Jigawa,11655.0,13003.3,2710.3,14702.2,2470.6,3308
JI1606,Hadin,Kaugama,Jigawa,9794.2,7815.5,1555.6,9160.6,2496.1,2337
JI1307,Matsaro,Hadejia,Jigawa,12194.3,25763.4,5202.3,15124.4,5114.4,4162
81409,Rukudawa,Zurmi,Zamfara,57524.2,43546.7,8652.6,34223.9,11563.6,6138
41206,Karofi B,Dutsin Ma,Katsina,24278.1,20414.0,4142.1,21519.9,4966.1,4721
BA0302,Bar,Bogoro,Bauchi,13602.8,10759.8,1990.6,6327.1,2518.7,1183
41005,Mazoji B,Daura,Katsina,13986.6,13669.2,2791.2,11709.6,3487.3,3153
43109,Sabuwa B,Sabuwa,Katsina,15027.0,17192.3,3573.7,12651.0,4455.2,4157
JI1211,Zauma,Gwiwa,Jigawa,24625.2,21032.8,4193.6,34624.8,4858.4,7569
PLSANW19,Zandi,Jos East,Plateau,6353.4,6884.4,1379.6,7210.1,1250.6,1095
BA0612,Bununu West,Dass,Bauchi,7031.1,7606.1,1556.2,4175.2,1430.7,781
BA1219,Ragwam,Katagum,Bauchi,20720.6,22845.9,4500.7,26192.7,4030.0,5149
FCTBWR07,Kuduru,Bwari,Fct,66165.1,90640.6,15159.7,49733.7,11425.9,7535
FCTBWR01,Bwari Central,Bwari,Fct,52797.2,66506.0,11511.0,45410.7,9586.4,6978
KGSBJK06,Odoh,Omala,Kogi,4998.3,7286.2,1440.3,4168.6,994.8,736
KD0302,Galadimawa,Giwa,Kaduna,21565.8,25110.8,5210.5,28752.3,4646.8,5923
KGSBJK05,Icheke,Omala,Kogi,19680.9,24837.3,4907.7,11515.1,3864.0,1938
KGSBJK03,Akpacha,Omala,Kogi,16802.4,12298.7,2430.2,11215.8,3399.8,1996
KGSBJK11,Opada / Ofejiji,Omala,Kogi,9143.5,2605.8,514.9,8204.0,1773.7,1381
KGSBJK09,Okpotala,Omala,Kogi,5777.8,5887.7,1163.4,3164.9,1127.6,548
KGSKKF04,Gegu North,Kogi,Kogi,9027.2,11529.3,2261.9,6570.8,1783.9,1113
PLSWAS16,Saluwe,Wase,Plateau,3792.3,2910.6,569.1,5232.5,729.6,801
KGSKKF08,Kks East,Kogi,Kogi,24534.7,24635.1,4833.1,15444.6,5297.9,2644
KGSKKF05,Gegu South,Kogi,Kogi,17162.4,20935.0,4107.2,12433.8,3540.2,2082
KGSBJK08,Ojiaji,Omala,Kogi,5913.0,1112.1,219.7,6932.4,1174.3,1261
KGSBJK04,Bagana,Omala,Kogi,17174.5,13062.4,2554.3,8531.0,4282.3,1445
PLSDNG02,Dengi,Kanam,Plateau,24681.2,31479.2,6195.6,27975.3,5610.6,4492
KD0110,Kuyello,Birnin Gwari,Kaduna,24820.4,29122.0,6138.0,33799.6,5268.0,7258
KD0304,Giwa,Giwa,Kaduna,34860.2,32025.9,6645.4,32485.6,7986.7,7258
KD2210,Zonkwa,Zangon Kataf,Kaduna,62006.6,51444.5,10278.2,76036.1,12370.5,13627
60810,Tozai,Illela,Sokoto,25408.8,20424.4,4245.8,17183.9,5320.6,3200
KD1504,Haskiya,Kubau,Kaduna,58602.5,53230.0,10888.2,63918.7,11875.8,11141
KD0306,Kakangi,Giwa,Kaduna,41906.3,39556.2,8208.0,38678.7,9139.5,8108
KD0406,Kerawa,Igabi,Kaduna,13914.0,14421.5,2931.3,27818.3,2789.7,5067
KD0107,Damari,Birnin Gwari,Kaduna,40426.1,35676.5,7522.7,40735.5,8646.4,7686
OGSYEN04,Eggua,Yewa North,Ogun,15987.7,20317.7,3001.1,14034.4,2280.7,1640
KD1906,Jama A,Sabon Gari,Kaduna,29537.2,30222.2,5214.6,29290.8,5273.6,5670
KD1502,Damau,Kubau,Kaduna,53002.9,47934.2,9876.3,65685.0,10780.0,11626
KD1802,Danguziri,Makarfi,Kaduna,25865.0,30001.5,6163.9,30948.8,5311.7,6054
KD2205,Madakiya,Zangon Kataf,Kaduna,32310.7,31651.4,6323.7,49455.5,6336.3,8639
KD0109,Kutemeshi,Birnin Gwari,Kaduna,24507.3,25030.3,5274.5,28635.9,5114.2,5725
KD0111,Tabanni,Birnin Gwari,Kaduna,5961.0,6975.0,1465.0,8134.2,1250.9,1760
EBSZLL18,Nkalaha,Ishielu,Ebonyi,7641.9,16846.8,2736.3,10497.2,1196.0,1870
KD0305,Idasu,Giwa,Kaduna,53158.0,47887.5,9944.9,41312.2,11340.5,8640
KD1501,Anchau,Kubau,Kaduna,50462.2,56458.0,11684.0,60826.1,10698.9,11703
PLSBSA12,Kimikpa,Bassa,Plateau,11186.4,10326.1,1843.6,13853.3,1950.8,2222
KD0108,Dogondawa,Birnin Gwari,Kaduna,22825.4,14428.6,3041.9,17166.5,4895.3,3700
EBSNKE14,Ikwuator,Ezza South,Ebonyi,23483.9,24204.0,3182.0,14101.8,2993.4,2409
KD0307,Kidandan,Giwa,Kaduna,61147.1,58077.8,12091.8,51793.9,12617.5,9296
PLSLGT13,Pil,Langtang North,Plateau,9842.6,15868.1,2875.4,18461.4,1735.1,2796
PLSKWK01,Ampang A,Kanke,Plateau,6332.3,4950.5,904.3,10531.0,1127.5,1625
PLSMGU10,Kadunu,Mangu,Plateau,12269.4,13443.1,2229.7,17984.3,1982.1,2763
40102,Bakori B,Bakori,Katsina,26867.1,25193.3,5223.0,27029.5,6172.4,6811
PLSKWK07,Gugur,Kanke,Plateau,2774.2,3073.8,506.9,3354.8,452.0,508
PLSPKN13,Longbam,Pankshin,Plateau,12196.4,13967.6,2339.2,9147.0,1990.4,1385
PLSJJN10,Jos Jarawa,Jos North,Plateau,14455.4,11586.5,1828.5,25870.0,2239.6,4447
PLSPKN19,Wuchenbe,Pankshin,Plateau,10437.2,11680.2,2133.5,18766.7,1857.8,2866
PLSQAP01,Aningo,Qua'An Pan,Plateau,21667.4,19291.7,3377.5,20398.4,3710.5,3105
PLSBKK17,Richa,Bokkos,Plateau,16581.1,17792.2,2943.9,16767.0,2673.6,2571
PLSANW15,Naton Fursa,Jos East,Plateau,8074.3,8000.6,1411.9,8177.6,1395.1,1271
PLSSHD12,Nyak,Shendam,Plateau,8779.1,9219.1,1631.4,15098.4,1521.7,2294
PLSBLD02,Gassa,Barkin Ladi,Plateau,20045.6,15141.1,2543.1,11947.6,3541.9,2011
PLSQAP15,Latok,Qua'An Pan,Plateau,2451.5,2505.7,438.7,2747.6,419.7,416
NISAGR04,Gallah,Agwara,Niger,6704.3,12051.5,2597.9,24674.0,1413.8,4016
ENSUMU01,Adaba / Nkume,Uzo-Uwani,Enugu,8779.0,14268.4,1652.1,9399.5,1020.7,1509
PLSWAS14,Mavo,Wase,Plateau,10475.6,7522.1,1470.7,29938.8,2015.5,4639
PLSSHD19,Yelwa West,Shendam,Plateau,8766.0,10025.6,1756.7,12775.4,1504.5,1992
PLSRYM07,Kwi,Riyom,Plateau,6201.4,7440.8,1283.1,7014.4,1055.2,1103
PLSBLD06,Kamang / Nafok,Barkin Ladi,Plateau,11391.3,15046.6,2652.0,12325.9,1965.4,1907
PLSBKK11,Manguna,Bokkos,Plateau,9922.7,12311.8,2037.1,19988.2,1600.0,3106
PLSLGT15,Reak,Langtang North,Plateau,20018.0,22740.3,3803.5,28232.4,3366.9,4276
PLSLGT07,Kwallak,Langtang North,Plateau,4228.7,853.2,137.1,3699.9,663.7,560
PLSPKN04,Fier,Pankshin,Plateau,30267.9,30430.6,5113.9,22202.2,4972.3,3398
PLSMGU14,Langai,Mangu,Plateau,11031.1,9076.2,1481.8,16027.3,1755.3,2447
PLSMGU16,Mangu 11,Mangu,Plateau,45221.3,41929.0,6789.1,56351.2,7166.1,8750
PLSQAP19,Shindai,Qua'An Pan,Plateau,19985.7,20108.3,3520.5,26013.6,3422.6,3946
PLSQAP11,Kwang,Qua'An Pan,Plateau,7788.2,4710.3,829.0,9423.5,1351.4,1427
PLSKWK16,Shiwer,Kanke,Plateau,3090.5,4657.4,850.7,5157.1,550.1,781
PLSSHD15,Poeship,Shendam,Plateau,16408.3,21666.4,3794.9,24716.8,2812.5,3759
PLSDNG04,Gagdi,Kanam,Plateau,7852.6,6594.4,1297.9,9407.8,1516.6,1468
PLSBSA14,Mafara,Bassa,Plateau,9829.0,10004.6,1786.2,12849.0,1714.1,1955
PLSRYM14,Sopp,Riyom,Plateau,11981.0,9503.7,1801.0,13100.1,2222.1,2098
PLSBLD14,Rafan,Barkin Ladi,Plateau,11020.3,13930.3,2329.3,11369.7,1794.7,1747
PLSTNK18,Yep West,Mikang,Plateau,5109.7,3903.2,750.6,5365.5,962.3,813
PLSBUU13,Shen,Jos South,Plateau,22234.5,20763.5,3352.7,15813.7,3531.7,2433
PLSMBD07,Mabudi North,Langtang South,Plateau,17896.6,19223.2,3473.5,11925.5,3299.7,1807
PLSQAP13,Lankaku,Qua'An Pan,Plateau,26192.1,13708.0,2399.9,21034.9,4485.6,3189
PLSSHD17,Shendam B,Shendam,Plateau,11206.1,12747.4,2232.7,12826.4,1928.1,2129
PLSLGT02,Jat,Langtang North,Plateau,10907.6,12548.7,2060.2,16246.9,1781.4,2461
PLSSHD20,Zemsuk,Shendam,Plateau,8676.2,9725.5,1703.4,13891.8,1487.2,2106
PLSRYM12,Sharubutu,Riyom,Plateau,10650.5,13111.2,2484.6,13464.8,1978.5,2069
PLSKWK11,Kangrit,Kanke,Plateau,4953.1,4316.9,744.4,4077.3,832.0,618
PLSBUU11,Kuru B,Jos South,Plateau,26866.9,28326.9,4372.0,22996.7,4357.9,3763
PLSJJN12,Lamingo,Jos North,Plateau,106849.2,81232.6,13193.3,94293.5,17580.2,15977
PLSMBD05,Jemkur,Langtang South,Plateau,5610.7,3779.3,682.9,8775.2,995.3,1343
ENSUMU02,Ogurugu,Uzo-Uwani,Enugu,9923.2,4598.0,557.5,5732.1,1825.8,902
PLSLGT06,Kuffen C,Langtang North,Plateau,11180.7,9301.6,1496.3,19699.3,1760.0,2984
PLSPKN10,Kangshu,Pankshin,Plateau,11403.2,13020.6,2180.6,9516.5,1861.0,1441
PLSMGU02,Bwonpe,Mangu,Plateau,9786.1,7632.1,1237.0,10810.2,1548.7,1679
PLSANW16,Shere-Central,Jos East,Plateau,3825.1,4277.8,795.6,3217.0,693.6,487
PLSSHD11,Ngotlong,Shendam,Plateau,19917.2,16261.3,2848.2,36125.5,3414.0,5502
PLSLGT04,Kuffen A,Langtang North,Plateau,14259.4,12946.2,2080.2,13661.7,2242.6,2095
PLSBSA16,Taagbe,Bassa,Plateau,2606.8,3239.6,578.4,5121.6,454.6,852
PLSDNG08,Gumsher,Kanam,Plateau,18413.6,18268.5,3595.3,14396.7,3556.2,2181
PLSBUU02,Chugwi,Jos South,Plateau,19791.0,23636.5,3651.9,22609.8,3001.3,3634
PLSRYM10,Rim,Riyom,Plateau,10899.7,12271.8,2325.5,10976.8,2025.0,1721
PLSBUU17,Turu B,Jos South,Plateau,29397.0,36786.6,5730.4,34987.2,4610.3,5564
PLSKWK08,Gungji,Kanke,Plateau,5027.1,4338.2,792.4,6137.7,897.2,930
PLSBLD08,Kapwis,Barkin Ladi,Plateau,15412.9,20248.0,3366.6,21687.4,2492.3,3384
PLSTNK09,Lallin A,Mikang,Plateau,15992.0,9473.3,1772.2,19417.1,2857.5,2947
PLSBLD13,Pwomo / Chit,Barkin Ladi,Plateau,390.8,427.5,71.8,215.1,67.2,33
PLSTNK11,Luham,Mikang,Plateau,5497.0,1576.5,303.2,6368.6,1035.2,965
PLSANW07,Fobur East,Jos East,Plateau,1832.3,1229.6,217.0,1696.8,316.6,257
PLSSHD13,Pangshom,Shendam,Plateau,38322.7,42756.4,7799.8,51181.3,6779.5,7763
PLSBKK05,Daffo,Bokkos,Plateau,24961.1,23321.9,3858.8,33079.7,4028.4,5389
PLSTNK12,Moedong,Mikang,Plateau,5696.1,7304.0,1376.6,4806.1,1040.1,728
PLSPKN02,Chip,Pankshin,Plateau,10411.2,11631.8,1948.0,8063.2,1699.1,1228
PLSPKN16,Tal A,Pankshin,Plateau,7038.9,3906.2,654.2,4742.6,1150.1,718
PLSANW06,Fobur Central,Jos East,Plateau,3392.0,3405.7,601.0,2987.8,586.1,453
PLSDNG20,Namaran,Kanam,Plateau,10938.5,11516.1,2251.4,13028.6,2098.5,1985
PLSANW13,Majuju Doss,Jos East,Plateau,5917.3,6066.7,1038.9,8557.9,997.1,1433
PLSKWK10,Kabwir-Pada,Kanke,Plateau,11364.4,14548.0,2657.4,20116.4,2023.3,3101
PLSBSA09,Kadamo,Bassa,Plateau,5649.0,5145.2,918.6,4410.6,985.1,668
PLSMBD14,Timbol,Langtang South,Plateau,6898.7,6625.5,1197.2,9735.7,1223.8,1475
PLSBLD19,Takwok,Barkin Ladi,Plateau,12256.5,9902.4,1663.2,11022.1,2409.3,2040
PLSSHD07,Kwapklik,Shendam,Plateau,8412.6,9123.4,1598.0,14096.2,1442.0,2135
PLSSHD03,Juban,Shendam,Plateau,19651.8,15318.4,2689.3,27236.7,3387.4,4144
PLSWAS19,Yola-Wukat,Wase,Plateau,4137.3,3786.0,740.2,6717.1,796.0,1018
PLSTNK07,Koenoem B,Mikang,Plateau,3523.5,1356.1,248.4,2642.2,640.8,400
KWSKEY08,Iponrin,Ilorin East,Kwara,3911.6,2000.3,319.2,4846.3,611.2,825
PLSQAP08,Kurgwi West,Qua'An Pan,Plateau,18194.0,18133.1,3174.6,20089.8,3121.7,3086
PLSBLD18,Tafan B,Barkin Ladi,Plateau,10435.1,12843.8,2088.7,12660.1,1649.2,1918
PLSPKN14,Mukan / Nyelleng,Pankshin,Plateau,8663.2,7202.0,1304.4,10644.2,1523.4,1630
PLSSHD01,Derteng,Shendam,Plateau,16952.1,11212.7,2042.7,22788.9,3026.6,3455
PLSBSA03,Buhit,Bassa,Plateau,42367.7,43857.1,7727.8,39593.8,7380.5,6153
PLSKWK03,Amper B,Kanke,Plateau,7805.1,5290.2,980.7,6971.9,1418.6,1056
PLSQAP04,Doka West,Qua'An Pan,Plateau,2025.0,844.6,146.1,1972.7,343.1,299
PLSLGT08,Kwanpe,Langtang North,Plateau,16322.2,17696.4,2843.4,16571.1,2561.6,2510
PLSKWK04,Amper C,Kanke,Plateau,13972.3,12936.2,2362.9,18398.2,2487.0,2939
PLSSHD05,Kurumbur A,Shendam,Plateau,12503.5,10250.5,1806.6,19683.2,2175.9,2982
PLSANW18,Shere-West,Jos East,Plateau,695.3,687.6,121.3,614.3,120.1,93
PLSBUU08,Gyel B,Jos South,Plateau,61559.5,61680.0,9733.5,94642.2,9501.6,14934
PLSKWK02,Ampang B,Kanke,Plateau,2987.1,3213.1,586.9,5183.8,531.7,797
PLSBLD07,Kapwen,Barkin Ladi,Plateau,5004.5,7522.2,1268.1,6227.2,822.4,954
ENSUMU03,Ukpata,Uzo-Uwani,Enugu,4233.8,4573.5,507.2,6285.1,462.0,1147
PLSMBD02,Fajul,Langtang South,Plateau,9428.1,6539.9,1181.7,6566.6,1672.5,995
KWSWSN10,Owu,Isin,Kwara,5425.5,4467.0,798.8,6413.8,943.7,1182
PLSJJN19,Tudun Wada,Jos North,Plateau,35254.9,40791.6,6437.5,63171.0,5420.9,11715
PLSQAP02,Bwall,Qua'An Pan,Plateau,20605.9,21289.8,3727.7,24155.3,3529.9,3662
PLSBSA07,Gurum B,Bassa,Plateau,34907.3,23520.9,4176.3,32030.6,6385.6,5131
PLSBKK16,Mushere West,Bokkos,Plateau,12331.2,9839.6,1628.0,12625.3,1988.4,1912
PLSPKN12,Lankan,Pankshin,Plateau,14536.1,15538.0,2602.2,12770.5,2378.4,2000
PLSTNK10,Lallin B,Mikang,Plateau,14153.3,7947.7,1528.4,13823.2,2664.8,2094
PLSBKK18,Sha,Bokkos,Plateau,19361.7,16994.0,2812.5,24305.8,3132.0,3744
PLSBUU12,Kushe,Jos South,Plateau,7935.6,9723.3,1500.7,9600.7,1204.7,1530
PLSQAP18,Namu Central,Qua'An Pan,Plateau,32186.5,31744.7,5565.5,36225.9,5537.5,5535
PLSBUU05,Du B,Jos South,Plateau,120179.1,94604.6,14832.9,99479.5,19468.9,15494
PLSJJN13,Mazah,Jos North,Plateau,10378.0,10852.6,1728.4,21164.8,1610.2,3352
PLSBKK15,Mushere North,Bokkos,Plateau,10516.3,11435.4,1889.3,13334.3,1692.1,2020
PLSDNG05,Gar / Bagyar,Kanam,Plateau,20846.6,21468.8,4223.9,19639.0,4044.4,3011
PLSMBD12,Takbol,Langtang South,Plateau,4436.5,2636.2,476.3,5370.8,787.4,814
PLSLGT01,Funyallang,Langtang North,Plateau,4919.3,2166.7,348.8,5622.2,773.5,852
PLSJJN11,Kabong,Jos North,Plateau,48180.4,52851.2,8340.7,96996.0,7418.0,16599
PLSBKK02,Bokkos Central,Bokkos,Plateau,15243.8,14124.2,2322.9,23151.5,2508.0,3979
PLSBSA19,Zobwo,Bassa,Plateau,2380.5,3621.2,616.0,4153.4,397.1,629
PLSLGT12,Pajat,Langtang North,Plateau,23253.9,25903.3,4162.1,22387.6,3649.5,3408
ENSUMU04,Nkpologo,Uzo-Uwani,Enugu,16858.1,13104.2,1569.3,12682.9,2039.1,2012
ENSUMU05,Nrobo,Uzo-Uwani,Enugu,10287.7,1631.8,195.4,10885.3,1219.6,1789
PLSMGU13,Kombun,Mangu,Plateau,41513.6,45196.8,7318.3,55746.2,6545.2,8474
PLSBUU18,Vwang,Jos South,Plateau,27024.6,36634.3,5654.2,36078.8,4069.3,5931
PLSWAS07,Kadarko,Wase,Plateau,20102.7,15172.3,2966.4,23004.5,3867.8,3666
PLSDNG14,Kantana,Kanam,Plateau,13792.6,13742.1,2703.4,16399.3,2663.4,2546
PLSKWK15,Seri,Kanke,Plateau,4470.6,3370.1,615.6,5583.1,795.7,846
PLSBLD03,Gindin Akwati,Barkin Ladi,Plateau,26742.5,24343.8,4076.6,28500.0,4421.7,4838
PLSBLD11,Marit,Barkin Ladi,Plateau,5249.3,5215.4,857.5,8228.6,838.0,1319
PLSPKN17,Tal B,Pankshin,Plateau,5178.8,2919.8,489.0,4887.8,845.2,740
PLSPKN01,Belning,Pankshin,Plateau,20245.1,17496.2,2941.9,13225.0,3346.9,2003
PLSBKK10,Mangor,Bokkos,Plateau,10439.8,13389.3,2215.4,18924.5,1683.3,2944
PLSLGT16,Tabat,Langtang North,Plateau,9691.8,9759.2,1568.1,9739.9,1521.2,1480
PLSPKN18,Wokkos,Pankshin,Plateau,8503.5,8974.7,1639.3,13989.7,1513.6,2147
PLSMGU09,Jipal,Mangu,Plateau,14105.2,12663.0,2098.0,13166.6,2273.4,1994
PLSBKK14,Mushere Central,Bokkos,Plateau,8651.1,7911.9,1297.6,10041.6,1380.1,1524
PLSQAP16,Luukwu,Qua'An Pan,Plateau,25228.1,25551.9,4490.3,37305.8,4343.2,5727
PLSDNG07,Gid Gid,Kanam,Plateau,12787.9,12843.7,2527.8,9938.6,2469.9,1505
PLSWAS17,Wadata,Wase,Plateau,24359.3,15045.6,2889.2,19976.5,4636.1,3026
PLSRYM06,Jol,Riyom,Plateau,17704.4,13830.0,2571.6,14783.7,3408.9,2256
PLSBLD04,Heipang,Barkin Ladi,Plateau,32649.5,31440.4,5280.7,29272.5,5545.2,4841
PLSRYM15,Ta Hoss,Riyom,Plateau,16773.8,15075.2,2845.8,15474.3,3103.0,2462
PLSQAP10,Kwande Central,Qua'An Pan,Plateau,48957.2,41456.5,7258.3,55592.7,8385.8,8440
PLSKWK17,Somji,Kanke,Plateau,2757.0,2553.7,466.5,4503.6,490.7,682
PLSPKN05,Jiblik,Pankshin,Plateau,15234.2,16625.7,2781.8,15431.7,2483.9,2409
PLSDNG03,Dugub,Kanam,Plateau,2446.3,1155.3,227.4,2059.6,472.5,313
PLSMGU15,Mangu 1,Mangu,Plateau,36365.7,31408.2,5086.7,52688.2,5781.1,9040
PLSRYM17,Wereng,Riyom,Plateau,7937.7,8011.4,1448.5,8473.4,1477.8,1389
PLSSHD14,Pangwasa,Shendam,Plateau,22548.4,24122.7,4225.1,19286.7,3872.1,2941
PLSMBD04,Gamaki,Langtang South,Plateau,15029.4,13181.0,2381.7,21948.7,2666.2,3358
PLSBLD15,Rakwok,Barkin Ladi,Plateau,17799.5,16446.9,2762.4,17722.0,3541.4,3115
PLSBUU10,Kuru A,Jos South,Plateau,26480.3,26012.1,4039.6,25682.7,4110.7,4149
PLSPKN20,Wuseli,Pankshin,Plateau,5588.7,4788.3,874.6,8144.7,994.8,1234
PLSSHD16,Shendam A,Shendam,Plateau,29198.1,26613.3,4669.5,30639.6,5064.0,4746
PLSRYM13,Shonong,Riyom,Plateau,9204.6,6231.1,1180.8,9344.1,1708.9,1423
PLSLGT03,Keller,Langtang North,Plateau,26789.1,29025.0,4801.8,35715.2,4342.5,5410
PLSPKN09,Kangmum,Pankshin,Plateau,16113.3,16232.4,2718.5,12283.2,2629.7,1861
PLSANW03,Fobur A,Jos East,Plateau,6371.7,6536.4,1153.5,4575.4,1102.2,703
PLSBSA15,Rimi,Bassa,Plateau,7971.3,9688.3,1827.0,8538.6,1466.2,1293
PLSDNG15,Kunkyam North,Kanam,Plateau,5031.3,6279.3,1235.9,5621.3,971.7,869
PLSBLD17,Tafan A,Barkin Ladi,Plateau,12509.1,17729.7,2968.8,14811.5,2040.8,2249
PLSTNK15,Piapung B,Mikang,Plateau,5495.0,8774.0,1687.3,6267.4,1035.9,960
PLSBUU16,Turu A,Jos South,Plateau,29704.8,35832.2,5530.4,27700.6,4626.8,4535
PLSWAS12,Lamba,Wase,Plateau,6382.8,10069.8,1968.8,12032.2,1228.1,1829
PLSLGT05,Kuffen B,Langtang North,Plateau,16370.2,11960.9,1921.8,12501.4,2587.2,1894
PLSJJN16,Rigiza / Targwong,Jos North,Plateau,18111.7,20053.1,3169.2,28442.1,2789.7,4776
PLSBSA08,Jengere,Bassa,Plateau,41016.0,40135.1,7257.4,38120.6,7267.0,6060
PLSMGU01,Ampang,Mangu,Plateau,29620.7,25952.1,4206.4,33741.4,4669.0,5228
PLSBKK07,Kamwai,Bokkos,Plateau,2566.0,3075.9,512.1,3098.5,419.1,474
PLSBLD09,Kurra Falls,Barkin Ladi,Plateau,33162.2,23681.7,4045.1,31141.6,5821.8,4867
ENSUMU06,Abbi,Uzo-Uwani,Enugu,14159.0,1804.9,216.1,12622.1,1688.0,2127
PLSANW17,Shere-East,Jos East,Plateau,4837.8,5225.8,922.2,3863.0,836.3,585
PLSBSA17,Tahu,Bassa,Plateau,19185.7,23432.4,4156.1,28695.4,3327.5,4736
PLSDNG09,Gwamlar,Kanam,Plateau,11852.6,12168.5,2395.0,8100.2,2289.1,1227
PLSRYM11,Riyom,Riyom,Plateau,6949.6,7417.3,1204.4,5979.4,1136.2,973
PLSLGT09,Lipchok,Langtang North,Plateau,7729.9,8845.8,1586.4,12956.8,1315.9,1963
PLSBUU14,Sot,Jos South,Plateau,13014.1,13123.6,2025.8,11145.7,1996.8,1771
PLSBLD20,Zabot,Barkin Ladi,Plateau,26447.1,27521.0,4657.5,22345.3,4456.7,3612
PLSMGU03,Chakfem,Mangu,Plateau,4270.8,3255.8,532.7,4909.1,685.4,744
PLSMGU20,Pushit,Mangu,Plateau,44050.2,44496.9,7389.0,44638.9,7387.6,7148
PLSBSA05,Gabia,Bassa,Plateau,6881.2,6181.4,1103.6,8960.9,1199.4,1400
PLSBUU06,Giring,Jos South,Plateau,42917.3,41799.3,6596.5,61669.3,6614.7,10039
PLSSHD02,Dokka,Shendam,Plateau,17828.2,17610.7,3225.0,15539.6,3177.2,2355
PLSTNK06,Koenoem A,Mikang,Plateau,7941.6,5327.9,993.1,5174.3,1427.1,784
PLSMGU07,Halle,Mangu,Plateau,36917.8,33786.6,5470.7,45392.4,5817.2,7169
PLSANW11,Jarawa Kogi B,Jos East,Plateau,2436.3,2803.0,500.9,2917.2,430.4,442
PLSQAP09,Kwa,Qua'An Pan,Plateau,14334.0,13359.0,2338.8,15817.1,2454.4,2406
PLSBSA06,Gurum A,Bassa,Plateau,6088.7,5329.8,951.6,7067.2,1063.2,1074
PLSKWK09,Gyangyang,Kanke,Plateau,5726.9,4066.8,742.7,7902.9,1019.6,1197
PLSPKN15,Pankshin,Pankshin,Plateau,57258.0,53813.0,9510.0,60982.0,10201.0,10409
PLSJJN02,Ahwol,Jos North,Plateau,36199.3,45975.3,7264.9,65264.1,5576.8,10379
ENSUMU07,Uvuru,Uzo-Uwani,Enugu,12532.6,25367.7,3037.9,10132.9,1519.5,1624
PLSTNK02,Din,Mikang,Plateau,10102.0,7290.1,1400.4,10001.1,1897.7,1515
PLSSHD06,Kurumbur B,Shendam,Plateau,15303.9,13071.6,2355.0,17295.5,2695.1,2620
PLSMBD15,Turaki,Langtang South,Plateau,10031.5,12698.8,2294.6,13089.2,1779.5,1983
PLSQAP05,Goechim,Qua'An Pan,Plateau,8333.5,6468.8,1134.1,10622.6,1427.7,1610
PLSKWK05,Dawaki,Kanke,Plateau,11994.2,10126.4,1849.7,18749.0,2134.9,2946
PLSMGU12,Kerang,Mangu,Plateau,28685.7,29857.9,4839.2,43328.0,4521.9,6693
PLSLGT17,Warok,Langtang North,Plateau,11798.8,11570.1,1859.1,14832.9,1851.7,2247
PLSBSA04,Buji,Bassa,Plateau,7004.9,4973.1,895.1,7344.9,1225.0,1115
PLSBUU19,Zawan A,Jos South,Plateau,79493.8,72261.9,11153.1,62150.7,13818.1,9968
PLSBKK13,Mbar / Margar,Bokkos,Plateau,20301.7,23518.8,3891.4,30982.8,3273.5,4770
PLSBUU04,Du A,Jos South,Plateau,45963.4,39957.6,6183.9,31310.9,7951.1,4914
PLSANW02,Federe,Jos East,Plateau,11774.5,10629.7,1875.9,10471.5,2034.5,1592
PLSANW08,Fursum East,Jos East,Plateau,6616.7,8131.2,1398.1,8364.0,1109.9,1294
PLSBUU01,Bukuru,Jos South,Plateau,44477.6,41580.4,6464.8,51700.2,8038.8,8973
PLSKWK06,Garram,Kanke,Plateau,3508.5,2939.6,525.9,3556.4,605.7,539
PLSPKN07,Kadung,Pankshin,Plateau,9889.7,9229.7,1622.5,11136.0,1689.6,1688
PLSRYM08,Kwogo,Riyom,Plateau,10513.0,11922.1,2188.2,13635.2,1910.7,2448
PLSBKK01,Ambul / Bargesh,Bokkos,Plateau,5934.8,5414.8,895.9,6180.2,957.3,938
PLSKWK12,Kwarip,Kanke,Plateau,6367.0,7049.0,1287.6,7664.5,1140.3,1161
PLSPKN03,Dokpai,Pankshin,Plateau,9566.4,5412.2,913.7,10487.5,1574.0,1589
PLSMBD03,Faya,Langtang South,Plateau,6022.9,2807.3,507.3,4713.8,1068.4,714
PLSKWK14,Namel,Kanke,Plateau,4128.3,2763.1,504.7,5901.3,734.8,894
PLSBSA10,Kakkek,Bassa,Plateau,15164.3,14809.8,2621.1,15313.5,2633.7,2375
PLSDNG10,Gyambar,Kanam,Plateau,4742.1,3856.1,758.9,3685.4,915.8,560
PLSBLD10,Lobring,Barkin Ladi,Plateau,14510.1,14136.8,2360.5,15144.5,2368.0,2564
PLSTNK04,Gaulam,Mikang,Plateau,5241.3,4178.2,684.1,3679.6,867.3,557
ENSUWN01,Maryland,Enugu South,Enugu,31084.1,25563.7,3111.4,33573.5,4410.5,5313
PLSMGU18,Panyam North,Mangu,Plateau,35742.2,33151.2,5367.8,40933.9,5639.8,6323
PLSWAS18,Wase-Tofa,Wase,Plateau,5107.3,2967.6,580.2,4735.8,988.4,719
PLSBSA18,Zabolo,Bassa,Plateau,17697.2,21571.9,3917.7,27216.2,3135.2,4274
PLSQAP03,Doka East,Qua'An Pan,Plateau,6207.4,6912.5,1208.9,9355.7,1062.3,1438
PLSDNG13,Kanam,Kanam,Plateau,13293.7,11260.8,2216.3,16124.8,2567.4,2461
PLSSHD09,Menkat,Shendam,Plateau,17181.3,13604.1,2382.8,16998.5,2980.1,2609
PLSSHD04,Kalong,Shendam,Plateau,16636.2,17610.1,3084.4,24214.0,2851.6,3671
PLSMGU08,Jannaret,Mangu,Plateau,9646.0,12400.1,2042.5,11217.1,1544.3,1701
PLSPKN06,Jing,Pankshin,Plateau,9101.8,9919.4,1661.2,6615.2,1485.4,1002
OSSORU09,Owoka,Orolu,Osun,542.1,243.0,29.5,236.2,69.7,31
PLSRYM09,Ra Hoss,Riyom,Plateau,4885.4,7122.6,1233.2,6313.4,826.9,997
PLSMBD01,Dadin Kowa,Langtang South,Plateau,6329.3,9621.4,1881.1,10430.9,1217.1,1580
PLSPKN08,Kagu,Pankshin,Plateau,6763.0,8175.4,1369.2,5817.6,1104.4,884
PLSBKK19,Tangur,Bokkos,Plateau,25170.2,27300.2,4480.8,37743.0,4025.0,5765
PLSANW10,Jarawa Kogi A,Jos East,Plateau,8229.0,10880.4,1920.1,6268.2,1422.2,949
PLSTNK01,Baltep,Mikang,Plateau,8093.9,9067.1,1731.5,6120.3,1508.0,927
PLSDNG12,Jom,Kanam,Plateau,10750.6,10569.8,2079.9,12554.6,2077.1,1917
PLSBSA01,Assak,Bassa,Plateau,16682.4,15641.0,2663.0,16748.5,2803.0,2550
PLSMBD08,Mabudi South,Langtang South,Plateau,23876.3,21509.5,3886.6,17139.4,4287.1,2596
PLSBLD05,Kakuruk,Barkin Ladi,Plateau,23386.7,24528.6,4413.6,23369.2,4139.8,3589
PLSANW09,Godong,Jos East,Plateau,435.1,251.5,51.2,419.7,87.2,64
PLSMGU17,Mangun,Mangu,Plateau,33566.8,29969.5,4852.7,37393.5,5297.0,5785
PLSBSA11,Kasuru,Bassa,Plateau,12795.0,9108.1,1632.6,7580.1,2244.0,1148
PLSBSA13,Kishika,Bassa,Plateau,12780.2,14245.1,2545.2,16047.6,2232.4,2464
PLSSHD10,Moekat,Shendam,Plateau,13657.5,11248.4,1977.3,20477.1,2359.2,3114
PLSANW05,Fobur B West,Jos East,Plateau,3668.5,3252.0,573.9,2356.0,633.9,357
PLSPKN11,Kasgwong,Pankshin,Plateau,20492.3,17268.0,2924.2,14608.8,3460.6,2237
ENSUWN02,Uwani East,Enugu South,Enugu,10774.3,13910.8,1468.4,15587.0,1194.2,2576
PLSMGU19,Panyam South,Mangu,Plateau,8396.8,7662.2,1241.7,10693.3,1323.8,1625
PLSANW12,Maigemu,Jos East,Plateau,6642.7,5826.2,1186.7,8201.6,1330.2,1252
PLSBLD12,Mazat,Barkin Ladi,Plateau,13215.3,11620.1,1951.7,13620.5,2202.9,2386
PLSBUU15,Tanchol,Jos South,Plateau,9036.0,10118.6,1568.8,11627.7,1368.8,1874
PLSBSA02,Bakin Kogi,Bassa,Plateau,8582.0,10353.3,1850.0,11747.2,1500.9,1779
PLSTNK14,Piapung A,Mikang,Plateau,12708.1,15645.4,3008.7,10450.6,2393.2,1583
PLSTNK16,Tunkus,Mikang,Plateau,25583.7,28164.7,5394.9,24659.6,4775.4,3741
PLSSHD18,Yelwa East,Shendam,Plateau,15138.3,14945.6,2619.2,22724.2,2600.0,3508
PLSRYM03,Danto,Riyom,Plateau,9442.9,12846.2,2439.5,12602.1,1756.4,1979
KD1210,Tantattu,Kajuru,Kaduna,9264.3,9698.6,1770.2,7651.8,1646.3,1312
KD1904,Dogarawa,Sabon Gari,Kaduna,26343.9,30256.2,5453.2,40335.4,5022.4,8603
BA0806,Kubi B,Ganjuwa,Bauchi,22713.0,25257.9,5222.3,45466.8,4619.9,8725
KD1911,Zabi,Sabon Gari,Kaduna,40175.4,35468.7,6231.7,46692.1,7505.4,9643
ENSUWN05,Obeagu,Enugu South,Enugu,12456.5,6798.5,829.4,9672.1,1582.2,1537
ENSUWN06,Ugwuaji,Enugu South,Enugu,27084.3,7752.0,887.5,33293.8,3149.7,5237
PLSBKK09,Mandar,Bokkos,Plateau,2036.5,2187.8,362.0,3116.1,328.4,515
AKSBMT10,Okopediuse,Ibiono Ibom,Akwa Ibom,41483.5,31743.3,3990.7,26700.4,5304.8,3314
AKSKTM04,Abak Midim 2,Oruk Anam,Akwa Ibom,25974.7,26381.6,3274.8,21491.4,3118.3,2663
ENSUWN07,Amechi West / Amechi 2,Enugu South,Enugu,22227.2,15474.3,1887.9,22181.5,2827.9,3500
KD0903,Hayin Banki,Kaduna North,Kaduna,62063.0,78824.3,13146.9,68632.9,11243.0,14869
KD2009,Ninzo South,Sanga,Kaduna,9289.5,9450.1,1786.4,7564.2,1719.5,1275
KD1607,Likoro,Kudan,Kaduna,15728.8,15806.3,3291.7,13909.0,3760.8,3838
ENSUWN10,Akwuke Central,Enugu South,Enugu,34882.8,22069.9,2692.5,31285.7,4651.6,4967
ENSNSK02,Idi / Ogbozara,Nsukka,Enugu,24250.8,82718.9,9318.6,33333.4,2657.1,5245
KD2104,Gimba,Soba,Kaduna,48740.6,40788.2,8225.9,47750.3,10239.2,9757
KD2106,Kwasallo,Soba,Kaduna,43418.3,37791.3,7629.5,43807.8,8816.8,8093
ENSAGN01,Amodu,Nkanu West,Enugu,8424.3,5041.2,521.3,5386.2,829.0,836
ENSAGW01,Aguobu Umumba / Umumba Ndiagu,Ezeagu,Enugu,28049.2,30742.3,3374.9,19473.1,3005.9,3029
KD1901,Basawa,Sabon Gari,Kaduna,36588.4,41489.2,7265.2,43363.9,6747.0,9142
KD2203,Ikulu,Zangon Kataf,Kaduna,67573.2,63835.3,12497.6,100554.1,12887.6,17154
ENSBLF07,Ogbodu Aba,Udenu,Enugu,9451.0,24853.2,3024.0,11565.5,1109.8,1818
ENSGBO01,Ochima / Onyoho / Idoha,Igbo-Etiti,Enugu,3325.4,1998.2,243.2,2085.5,395.7,324
ENSMGL02,Obinagu / Ugbawka,Nkanu East,Enugu,18908.1,29350.6,3185.8,14347.6,1989.9,2228
ENSNSK01,Nkpunano,Nsukka,Enugu,44708.0,33774.5,3789.9,56941.7,4951.4,9225
KD2109,Richifa,Soba,Kaduna,34274.3,30106.0,6107.6,32762.7,7128.2,6676
ENSUDD17,Ukanu / Awhum,Udi,Enugu,5611.7,7864.8,866.9,9742.0,595.4,1530
KD1203,Idon,Kajuru,Kaduna,25028.1,23122.8,4241.9,20191.0,4518.2,3420
KD1608,Sabon Garin,Kudan,Kaduna,32123.7,28245.0,5799.2,29969.4,6595.9,5669
KD1905,Hanwa,Sabon Gari,Kaduna,52687.9,62469.4,10778.7,66300.1,9924.7,13172
KD1907,Jushi,Sabon Gari,Kaduna,24791.9,27061.9,4669.4,29010.9,5164.9,6885
KD1801,Dan Damisa,Makarfi,Kaduna,25185.7,21872.6,4551.3,19643.7,5537.7,4147
KD2209,Zango Urban,Zangon Kataf,Kaduna,4915.9,4764.4,951.9,7864.5,960.1,1810
KD2005,Gwantu,Sanga,Kaduna,21792.1,22210.6,4188.0,18863.9,4293.0,3441
ENSNSK08,Ejuona Uwani,Nsukka,Enugu,12556.8,11651.3,1307.4,13385.1,1363.2,2078
KD0310,Wazata,Giwa,Kaduna,35332.5,35122.5,7275.7,34009.8,7221.0,6111
ENSUDD03,Affa / Oghu,Udi,Enugu,23944.4,8099.8,904.0,33284.3,2554.0,5178
ENSUDD04,Akpakwume / Nze,Udi,Enugu,11348.4,4531.0,522.1,17396.7,1259.9,2771
ENSAWG02,Mgbowo,Awgu,Enugu,31138.1,10716.4,1256.3,25139.3,3565.1,3935
ENSENU01,Ogbete East,Enugu North,Enugu,19267.2,11428.4,1216.3,27696.2,2112.8,5211
ENSAGN02,Obuoffia,Nkanu West,Enugu,14399.5,8332.9,849.9,10209.4,1410.5,1585
ENSAGN04,Amurri,Nkanu West,Enugu,22981.1,20038.3,2043.9,15714.4,2251.3,2441
KD1603,Hunkuyi,Kudan,Kaduna,15648.1,21697.0,4519.8,17930.0,4301.6,4577
KD2208,Zaman Dabo,Zangon Kataf,Kaduna,14543.7,13209.6,2647.9,16397.2,2854.2,2781
ENSAGN03,Umueze,Nkanu West,Enugu,6615.2,2039.1,208.0,4358.8,647.9,677
KD0710,Kaninkon,Jema'A,Kaduna,42254.9,49484.9,9770.1,40465.5,8622.7,7496
KD2108,Rahama,Soba,Kaduna,25461.1,30630.0,6193.0,31429.7,5140.0,5780
KD1303,Fada,Kaura,Kaduna,32564.9,30568.7,5996.9,32411.8,7043.2,5932
KD1206,Kasuwan Magani,Kajuru,Kaduna,23007.8,18474.1,3097.3,21339.2,3824.1,3807
KD0705,Godogodo,Jema'A,Kaduna,41453.8,48963.7,9655.2,31634.2,9199.6,5804
KD1301,Agban,Kaura,Kaduna,26141.7,26846.8,5276.3,29939.2,5368.3,5364
KD0610,Samban,Jaba,Kaduna,21432.5,27778.6,5502.1,18989.0,5115.0,3903
ENSAGN06,Ozalla,Nkanu West,Enugu,23612.1,19920.6,2031.9,19438.6,2329.3,3030
KD1204,Kajuru,Kajuru,Kaduna,8231.3,6611.2,1175.9,6436.5,1435.2,1171
KD1704,Gure Kahugu,Lere,Kaduna,39360.4,47210.3,9542.4,40172.6,7834.2,6840
KD1108,Kukuyi,Kagarko,Kaduna,18571.0,17306.4,3442.9,22082.6,3634.8,4004
GMSNFD07,Jigawa,Nafada,Gombe,9380.4,17023.8,3079.5,11612.7,1663.3,2043
KD0707,Kafanchan A,Jema'A,Kaduna,10853.2,9347.7,1867.6,17946.3,2750.2,5089
KD0701,Asso,Jema'A,Kaduna,36739.3,42700.9,8420.2,28835.8,7649.1,5429
KD2010,Ninzo West,Sanga,Kaduna,15229.5,16266.9,3067.2,14614.9,2824.0,2478
KD0802,Ankwa,Kachia,Kaduna,21000.7,22979.1,4480.3,23224.5,4013.0,3939
OSSAMW06,Itagunmodi,Atakunmosa West,Osun,2394.5,2121.4,239.9,2785.8,269.1,396
KD0408,Rigachikun,Igabi,Kaduna,111259.0,124211.7,21308.6,162182.0,21984.2,35935
KD0703,Barde,Jema'A,Kaduna,37741.0,34506.5,6809.8,35981.1,7883.4,6754
ENSAGN07,Obe,Nkanu West,Enugu,11053.6,9097.6,927.9,7751.3,1082.6,1203
EBSBZR06,Etiti,Ohaozara,Ebonyi,38948.8,42124.8,5305.4,23834.1,5077.3,4076
ANSABN05,Abba 1,Njikoka,Anambra,98.5,92.6,9.8,56.8,10.1,8
JI0306,Lafia,Birnin Kudu,Jigawa,34338.7,32848.2,6601.6,36878.0,6857.1,8068
ENSAGW06,Obeleagu,Ezeagu,Enugu,10462.7,3257.6,358.2,10523.1,1107.6,1663
40404,Faski,Baure,Katsina,27335.1,42931.0,9302.1,25849.4,6309.2,5754
KN1109,Unguwar Tsohuwa,Doguwa,Kano,16010.6,17048.9,3421.5,16377.8,3270.6,2881
KD0211,Sabon Tasha,Chikun,Kaduna,83020.4,72785.0,12045.4,130567.4,14392.2,25984
KD1711,Saminaka,Lere,Kaduna,40259.6,41247.6,8334.1,42384.7,9683.3,8682
KD0609,Sabzuro,Jaba,Kaduna,9811.7,11499.3,2277.7,8468.8,2702.1,1911
ENSAGW04,Awha Ndiagu / Awha-Imezi,Ezeagu,Enugu,15839.0,7235.7,794.3,16659.2,1675.5,2608
KN1007,Jalli,Dawakin Tofa,Kano,20121.6,22148.9,4529.4,32695.2,4130.5,6972
KD0507,Pala,Ikara,Kaduna,20452.1,23954.6,4902.4,22140.9,4137.4,3974
EBSEDA01,Amaigbo Etiti,Afikpo South,Ebonyi,9491.4,10790.5,1423.3,4337.1,2389.7,841
EBSBZR04,Amenu,Ohaozara,Ebonyi,10527.8,16109.8,2047.0,5748.5,1306.6,982
ENSAGW09,Obinofia-Ndiuno,Ezeagu,Enugu,21376.1,10853.2,1192.0,18121.2,2281.8,2831
KD1810,Tudun Wada,Makarfi,Kaduna,20095.8,24778.2,5087.2,24550.2,4621.3,5447
ENSAGW08,Agba Umana,Ezeagu,Enugu,8321.8,11629.2,1276.7,6119.4,907.3,957
KD1808,Meyari,Makarfi,Kaduna,29991.7,28616.3,5782.7,28279.5,6099.2,5353
ENSENU03,Ogbete West,Enugu North,Enugu,8274.6,9983.8,1125.6,10602.5,992.6,1720
KD1505,Kareh,Kubau,Kaduna,28098.6,32399.5,6705.1,33976.6,5745.5,6141
KD1409,Kwassam,Kauru,Kaduna,29828.8,30798.8,6338.0,22356.7,6036.8,3791
KD1511,Zuntu,Kubau,Kaduna,25174.0,21035.9,4353.4,24766.6,5570.4,5015
KD0709,Kagoma,Jema'A,Kaduna,31607.8,39590.7,7844.7,31465.4,6988.6,6643
KD0505,Kuya,Ikara,Kaduna,24174.5,30567.1,6213.3,28650.8,4905.0,5361
KD0808,Kachia,Kachia,Kaduna,34745.1,31621.5,6168.0,36068.8,7586.3,7394
KD1208,Maro,Kajuru,Kaduna,15931.4,19663.3,3666.4,15575.7,2904.4,2649
KD0503,Jampalan,Ikara,Kaduna,36635.6,34773.6,7124.5,32309.4,7576.5,6071
KD0902,Dadi Riba,Kaduna North,Kaduna,11593.1,18591.5,3013.8,14336.1,4391.3,2965
KD0603,Dura Bitaro,Jaba,Kaduna,13652.3,15479.9,3071.3,12090.9,3223.7,2475
ENSUDD02,Abor,Udi,Enugu,15384.6,20867.6,2300.0,24982.2,1642.8,3922
KD0607,Nok,Jaba,Kaduna,10656.8,11974.9,2370.9,10828.8,2449.3,2105
PLSANW04,Fobur B,Jos East,Plateau,12065.1,11535.7,2035.8,7162.2,2086.5,1085
KD1609,Taba,Kudan,Kaduna,23583.3,24045.9,5005.4,22079.8,5218.2,4670
KD0501,Auchan,Ikara,Kaduna,22257.1,21995.7,4498.3,21588.5,4644.2,4140
KN2402,Badafi,Kiru,Kano,50802.5,45105.6,8985.0,41191.1,10182.9,7947
KD1709,Raminkura,Lere,Kaduna,29194.8,28402.5,5737.1,27129.6,6116.0,5210
KD0601,Chori,Jaba,Kaduna,23732.1,29251.3,5790.9,21221.7,5153.9,3890
EBSHKW35,Umuogudu Oshia / Oshia Ndienuru,Ohaukwu,Ebonyi,20247.4,12936.7,2100.8,15427.2,3175.6,2635
ENSUDD18,Umuabi,Udi,Enugu,25094.1,28204.8,3109.9,29755.9,2672.9,4709
KN1409,Sarina,Garko,Kano,25161.4,28374.2,5632.7,31040.4,5578.7,6847
40604,Ganuwa,Charanchi,Katsina,21216.5,23634.4,4981.1,20901.7,4405.1,4346
EBSAKL14,Iyiudene,Abakaliki,Ebonyi,3875.7,1626.6,280.7,5981.7,665.7,1032
KD1806,Gwanki,Makarfi,Kaduna,19682.4,22905.5,4645.5,20435.3,4168.8,4026
PLSLGT14,Pishe-Yanshi,Langtang North,Plateau,3156.8,1764.9,345.1,4632.0,618.4,702
PLSANW01,Fadan Fursum,Jos East,Plateau,6748.0,8251.3,1456.2,7339.8,1166.0,1115
PLSANW14,Nakwang,Jos East,Plateau,857.4,765.9,155.1,1207.8,170.3,183
OSSIET07,Okerewe 1,Ife East,Osun,2673.1,14583.5,1644.8,1204.9,1606.0,157
EBSZLL26,Okpoto,Ishielu,Ebonyi,16713.3,4122.8,669.5,13398.5,2621.3,2289
KD1110,Kushe,Kagarko,Kaduna,33259.8,33739.0,6727.2,33751.4,6535.7,6276
KD1401,Badurum,Kauru,Kaduna,31130.3,27654.4,5667.5,26490.0,6291.8,4508
KD2201,Gidan Jatau,Zangon Kataf,Kaduna,26335.3,25287.3,5052.2,35117.0,5150.5,6028
60902,Gebe B,Isa,Sokoto,17970.2,23189.3,4718.3,10023.7,4446.0,1768
KD0411,Turunku,Igabi,Kaduna,22545.6,23597.0,4753.9,44978.4,4466.1,8355
KD2301,Dutsen Abba,Zaria,Kaduna,66593.6,79219.0,15377.6,55612.3,13242.5,10590
KD1507,Kubau,Kubau,Kaduna,17309.4,17408.0,3596.8,22659.2,3800.5,5084
KD1403,Damakasuwa,Kauru,Kaduna,36239.0,37624.3,7665.9,29307.1,7287.5,4978
KD0708,Kafanchan B,Jema'A,Kaduna,8144.0,6895.5,1377.7,13705.9,2044.6,3858
KD0602,Daddu,Jaba,Kaduna,30002.3,34694.2,6869.1,27329.7,6342.0,4935
KD2207,Unguwan Rimi,Zangon Kataf,Kaduna,36148.2,33981.0,6789.2,53649.0,7170.1,9671
KD0812,Sabon Sarki,Kachia,Kaduna,21553.1,22559.7,4406.5,30569.0,4131.8,5495
KD0504,Kurmin Kogi,Ikara,Kaduna,64078.4,61529.2,12570.4,55694.4,13222.0,10091
KD1405,Geshere,Kauru,Kaduna,40813.6,41413.4,8501.8,36510.2,8267.7,6273
KD0810,Kurmin Musa,Kachia,Kaduna,16112.2,16879.6,3292.7,23806.2,3078.8,4443
GMSDKU02,Hashidu,Dukku,Gombe,10141.4,11575.8,2312.7,10869.0,2056.2,2358
KD1703,Garu Mariri,Lere,Kaduna,97724.7,93512.2,18757.4,74561.5,19935.1,13735
EBSCHR27,Nnoyo Ward,Ikwo,Ebonyi,21903.9,21532.6,3793.1,13301.1,3855.6,2274
ENSAGW14,Iwollo,Ezeagu,Enugu,22365.7,16755.0,1839.4,35526.4,2365.3,5890
KD2111,Soba,Soba,Kaduna,51260.4,56201.5,11334.4,61203.6,11423.1,13146
EKSMBA01,Erinmape 2,Moba,Ekiti,12852.6,11943.1,2356.4,12401.7,2594.2,2125
KD2305,Kufena,Zaria,Kaduna,84855.7,111206.0,20807.2,83619.3,20107.0,16267
KD0509,Saulawa,Ikara,Kaduna,37098.4,39268.6,7959.8,32913.9,7622.8,6238
KD1407,Kauru East,Kauru,Kaduna,27615.8,27881.7,5745.8,20628.7,5626.1,3579
KWSLAF04,Lafiagi 4,Edu,Kwara,35381.8,31011.1,5578.0,29166.9,6766.6,6430
KD1306,Kpak,Kaura,Kaduna,21907.9,22655.7,4447.0,23866.5,4880.9,4705
ENSUWN12,Amechi East / Amechi 1,Enugu South,Enugu,26521.6,23805.4,2892.9,25222.2,3452.8,3978
KD1701,Abadawa,Lere,Kaduna,46495.7,46884.2,9434.4,40745.2,9630.3,7221
KD1201,Afogo,Kajuru,Kaduna,16877.1,18241.4,3337.5,11973.8,3023.7,2018
KD0311,Yakawada,Giwa,Kaduna,40987.7,52019.0,10783.0,46696.4,8603.3,8753
KD0202,Gwagwada,Chikun,Kaduna,28295.5,32577.1,5393.5,45400.5,4587.1,7766
KD1304,Kadarko,Kaura,Kaduna,21717.4,22523.3,4413.4,19726.3,4256.8,3347
KD0711,Maigizo,Jema'A,Kaduna,31370.3,29707.6,5929.1,48064.0,6318.0,9444
ENSBBG06,Alor-Agu,Igbo-Eze-South,Enugu,5471.8,2607.9,339.7,7969.6,689.1,1243
KD0807,Gumel,Kachia,Kaduna,35878.7,35886.5,7050.1,37628.6,6984.6,6662
KD1707,Lazuru Tuddai,Lere,Kaduna,55526.6,55631.0,11237.1,42233.2,11179.5,7472
KD2004,Bokana,Sanga,Kaduna,23571.2,22236.8,4192.8,22941.5,4615.0,4118
KD0704,Gidan Waya,Jema'A,Kaduna,50007.0,57364.4,11283.0,42872.7,12155.5,8296
KD0706,Jagindi,Jema'A,Kaduna,78182.2,84405.4,16644.0,56797.5,17598.8,10441
ENSBBG07,Uhunowere,Igbo-Eze-South,Enugu,12307.1,5726.7,745.9,15077.8,1552.5,2348
KD1207,Kufana,Kajuru,Kaduna,32219.2,28565.3,5226.3,26981.8,5799.0,4632
KD0303,Gangara,Giwa,Kaduna,29780.2,31581.5,6494.6,31700.1,6176.6,6136
ENSAWG04,Owelli / Amoli / Ugbo / Ogugu,Awgu,Enugu,38148.7,30028.5,3508.7,32896.6,4298.9,5268
KD1109,Kurmin Jibrin,Kagarko,Kaduna,9906.6,10231.0,2033.6,10739.0,2073.0,2126
KD2006,Karshi,Sanga,Kaduna,49400.1,45169.4,8678.0,38146.6,10260.9,6824
EBSAFK29,Ndemiyi / Nkagbogho,Afikpo North,Ebonyi,12440.3,17355.2,2158.5,8284.9,1596.2,1514
ENSAWG05,Isu-Awaa / Agbudu / Ituku,Awgu,Enugu,13712.0,12537.0,1382.2,11703.4,1477.8,1844
ENSAWG06,Ogbaku,Awgu,Enugu,11019.0,8700.7,1020.0,8181.1,1251.6,1276
KD1604,Kauran Wali North,Kudan,Kaduna,7563.4,9865.2,2054.5,8600.8,1902.3,2083
ENSBBG08,Amebo / Hausa / Yoruba,Igbo-Eze-South,Enugu,6971.2,353.2,43.6,5354.3,836.6,831
KD1205,Kallah,Kajuru,Kaduna,26185.1,26263.2,4827.2,23689.0,4712.8,4103
KD2008,Ninzo North,Sanga,Kaduna,8287.1,8890.1,1676.3,8290.8,1533.6,1403
ENSAWG07,Obeagu,Awgu,Enugu,11225.8,16652.4,1945.8,6371.3,1264.7,989
KD2211,Zonzon,Zangon Kataf,Kaduna,32283.3,33400.0,6694.1,37867.3,6331.2,6459
EBSCHR04,Echialike,Ikwo,Ebonyi,12657.8,19201.3,2768.0,10043.6,1811.7,1716
ENSBBG09,Unadu,Igbo-Eze-South,Enugu,12847.5,6906.7,864.2,14438.8,1573.9,2258
KD0510,Saya Saya,Ikara,Kaduna,24175.3,20903.4,4251.7,20976.9,4939.7,4201
KD1308,Malagum,Kaura,Kaduna,15963.6,17350.9,3437.7,23237.6,3149.3,4026
KD0806,Gidan Tagwai,Kachia,Kaduna,13017.8,14001.6,2783.2,20177.9,2530.1,3531
KD0605,Fai,Jaba,Kaduna,11603.2,13795.1,2690.2,20903.9,2221.5,4267
KWSLFF05,Idofin / Igbana 2,Oke Ero,Kwara,2052.0,2237.6,449.5,1699.5,417.0,302
KWSKSB08,Okuta,Baruten,Kwara,39339.7,33215.3,6818.6,45468.9,7931.5,7735
KD0409,Rigasa,Igabi,Kaduna,128610.3,129796.6,26149.0,326846.1,25466.7,83662
KD1105,Kagarko North,Kagarko,Kaduna,12994.8,10380.6,2069.8,11805.8,2721.5,2517
ENSAWG08,Mgbidi / Mmaku,Awgu,Enugu,32247.7,38662.4,4517.6,35987.4,3670.6,5877
ENSBBG01,Itchi-Uwenu,Igbo-Eze-South,Enugu,11594.8,3061.4,378.1,10186.3,1388.5,1602
ENSBBG03,Nkalagu-Obukpa,Igbo-Eze-South,Enugu,10332.0,5769.7,712.6,10038.7,1234.6,1561
ENSBBG04,Itchi-Uwani,Igbo-Eze-South,Enugu,23314.7,4648.7,578.5,23596.9,2815.3,3734
KD0212,Yelwa,Chikun,Kaduna,40864.1,70019.2,11375.1,52354.3,10103.2,12839
KD2011,Wasa,Sanga,Kaduna,33201.8,29590.5,5784.3,28482.6,6985.9,4911
KD1406,Kamaru,Kauru,Kaduna,13778.0,14779.5,2997.4,13093.3,2741.8,2216
KD1509,Pambegua,Kubau,Kaduna,55120.1,56073.2,11601.2,57281.2,12653.2,11405
KD1107,Katugal,Kagarko,Kaduna,27937.3,25380.2,5060.4,30549.4,6788.2,6270
KD0604,Fada,Jaba,Kaduna,13267.9,14762.6,2924.1,11029.8,4092.7,2910
EBSBZR08,Mgbom Okposi / Obioha,Ohaozara,Ebonyi,19996.3,15475.7,1929.3,13277.7,2720.7,2289
KD1605,Kauran Wali South,Kudan,Kaduna,10680.1,9657.4,2011.2,8775.4,2315.4,1781
KD2101,Danwata,Soba,Kaduna,24406.7,32474.0,6551.2,30498.4,4893.6,5910
KD0803,Awon,Kachia,Kaduna,43041.9,39923.3,7784.0,36569.0,8285.9,6232
KD1411,Pari,Kauru,Kaduna,17350.0,20066.6,4128.6,21927.2,3507.7,3757
KD1101,Aribi,Kagarko,Kaduna,35167.6,37590.4,7419.2,48126.5,6838.0,9499
KD1510,Zabi,Kubau,Kaduna,11337.1,13054.8,2701.7,15095.5,2310.4,2808
EBSBKL17,Ndinkwuda,Izzi,Ebonyi,15343.7,17178.2,3225.9,16701.6,2816.6,2853
KD0506,Paki,Ikara,Kaduna,18867.6,23519.0,4679.7,19578.8,4655.6,5430
KD0608,Sabchem,Jaba,Kaduna,26162.0,31079.2,6155.9,17450.0,7214.1,3592
KD2103,Garu,Soba,Kaduna,33280.2,37703.9,7603.9,41696.4,6633.2,7466
KD0801,Agunu,Kachia,Kaduna,29798.5,29196.6,5671.1,26538.1,5678.0,4542
KD0403,Fanshanu,Igabi,Kaduna,25267.7,25412.2,5120.1,56990.1,5007.9,10407
KD1103,Jere North,Kagarko,Kaduna,44567.9,39203.3,7810.4,38665.9,9044.9,6812
KN1011,Tumfafi,Dawakin Tofa,Kano,48758.4,54323.7,11086.8,57088.2,10747.8,13372
EBSUGB16,New Layout,Ebonyi,Ebonyi,13249.5,19463.0,3539.8,27049.1,2356.1,4647
KN3408,Ruwan Bago,Rogo,Kano,46104.9,46366.0,9694.4,50966.2,9594.9,9707
KD2105,Kinkiba,Soba,Kaduna,34403.3,30132.6,6074.3,34695.7,7075.0,6744
KD0606,Nduya,Jaba,Kaduna,21322.7,22604.7,4474.6,16623.2,4888.0,3368
KD1809,Nasarawa Wandoya,Makarfi,Kaduna,16700.2,13252.9,2697.0,15307.2,3492.4,3465
KD0401,Afaka,Igabi,Kaduna,55273.3,56174.5,11289.0,105587.3,10922.2,21866
KD0502,Ikara,Ikara,Kaduna,50099.1,49900.8,10219.1,46362.9,11427.2,9252
KWSARP05,Obbo-Aiyegunle 2,Ekiti,Kwara,3350.3,3893.0,655.3,3659.9,549.8,689
60909,Yanfako,Isa,Sokoto,16037.7,9655.4,1967.6,11851.7,3500.1,2099
KD1209,Rimau,Kajuru,Kaduna,18351.2,17865.7,3071.1,18397.4,3081.6,3101
KD0702,Atuku,Jema'A,Kaduna,33063.8,35247.0,6915.6,24765.5,6543.3,4193
KD2107,Maigana,Soba,Kaduna,47265.9,44277.2,8929.4,48322.7,10095.9,9632
ENSBLF03,Imilike,Udenu,Enugu,58008.2,80121.6,9754.3,82946.6,6826.7,13060
KD0805,Dokwa,Kachia,Kaduna,52374.6,50304.6,9769.0,44827.6,10050.7,7716
EBSNCA10,Enuagu-Onicha,Onicha,Ebonyi,24897.5,32200.5,4129.7,16201.4,3146.3,2782
EBSAFK27,Itim Afikpo / Mgbom / Kpoghirikpo / Enohia,Afikpo North,Ebonyi,17384.1,28858.8,3261.5,9444.1,2742.6,1955
ENSBLF02,Ezimo,Udenu,Enugu,16700.3,7820.3,952.1,15935.4,1978.5,2499
ENSBLF01,Amalla,Udenu,Enugu,22368.3,5993.4,932.6,25396.4,3222.3,3974
KD2206,Unguwar Gaya,Zangon Kataf,Kaduna,33272.0,38926.4,7777.2,54118.0,6498.5,9397
KD1805,Gubuchi,Makarfi,Kaduna,28681.9,31258.8,6316.6,29376.2,6060.4,5735
KD0209,Rido,Chikun,Kaduna,196969.0,209969.9,35692.4,233951.6,33320.7,41126
KD1503,Dutsen Wai,Kubau,Kaduna,29012.5,28544.3,5851.9,30391.8,6499.0,6059
KD2202,Gora,Zangon Kataf,Kaduna,24045.2,24347.2,4864.4,28279.9,4696.4,4796
ENSBLF04,Obollo-Eke,Udenu,Enugu,22493.4,30942.5,4961.8,34057.0,3702.7,5354
KD1807,Makarfi,Makarfi,Kaduna,8301.4,10250.3,2071.3,10599.8,1893.8,2803
KD0907,Sardauna,Kaduna North,Kaduna,5169.4,9116.4,1479.6,8354.1,1954.9,1881
KWSARP04,Obbo-Aiyegunle 1,Ekiti,Kwara,3360.7,4208.0,708.3,3709.4,555.1,715
KD1402,Bital,Kauru,Kaduna,34787.2,34942.8,7192.4,28719.7,7062.0,4863
60901,Gebe A,Isa,Sokoto,19437.7,27804.0,5636.4,12524.9,4592.0,2213
KD1202,Buda,Kajuru,Kaduna,3600.5,4796.3,794.1,5931.0,583.7,1042
KD0412,Zangon Aya,Igabi,Kaduna,33709.2,32090.4,6229.1,45704.5,6472.4,9020
EBSBKL11,Ndiaboishiagu,Izzi,Ebonyi,15749.3,4629.9,869.4,16464.9,2891.0,2812
BA0515,Papa South,Darazo,Bauchi,27763.6,17877.2,3582.3,21241.5,5487.5,3976
ENSBLF05,Obollo Afor,Udenu,Enugu,55743.3,14202.4,1729.3,72792.0,6763.1,11900
KD1803,Gazara,Makarfi,Kaduna,30406.3,32770.7,6651.6,33142.2,6208.7,6489
KD2003,Ayu,Sanga,Kaduna,29783.0,33835.7,6417.7,34709.6,5529.1,5964
KD2001,Aboro,Sanga,Kaduna,20664.4,20608.5,3935.0,18021.4,3894.7,3059
KD0811,Kwaturu,Kachia,Kaduna,22733.6,25483.6,4968.6,32383.1,4344.9,5722
KD2204,Kamantan,Zangon Kataf,Kaduna,27435.3,26081.3,5210.9,34517.1,5359.2,5986
KD1610,Zabi,Kudan,Kaduna,19515.4,17513.9,3676.3,23193.9,4159.4,4739
KD1307,Kukum,Kaura,Kaduna,24144.1,22436.5,4413.4,25046.4,4937.5,4386
OYSIBE04,Isale Togun,Ibarapa East,Oyo,47029.0,46336.7,5559.7,23434.6,5996.0,3430
KD2110,Turawa,Soba,Kaduna,26135.0,28074.2,5662.9,31837.0,5482.4,6694
KD1305,Kaura,Kaura,Kaduna,22314.2,24967.8,4895.5,22916.2,4526.4,4054
KD0712,Takau,Jema'A,Kaduna,22006.4,21427.1,4264.0,30493.0,4374.1,5737
ENSBLF10,Udunedem,Udenu,Enugu,25100.7,10131.3,1233.4,35867.1,2977.4,5664
KWSLFF09,Odo-Owa 1,Oke Ero,Kwara,7306.0,8925.0,1792.7,7920.4,1464.6,1431
KD2007,Nandu,Sanga,Kaduna,25974.9,25682.7,4856.5,22013.8,4873.9,3719
KD0203,Kakau,Chikun,Kaduna,145197.2,173831.3,28663.4,213638.3,25231.6,40314
EBSBKL08,Igweledoha,Izzi,Ebonyi,28711.0,21234.6,3959.3,25809.6,5187.0,4411
KD2002,Arak,Sanga,Kaduna,49700.5,42423.7,8208.5,28258.0,9882.4,4788
KD1310,Zankan,Kaura,Kaduna,28137.6,29287.3,5729.6,25805.2,5459.4,4393
KN4404,Darki,Wudil,Kano,28438.5,33479.2,6368.6,34978.2,5966.1,7672
ENSBLF06,Obollo Etiti,Udenu,Enugu,25724.7,47221.4,6627.2,35066.0,3828.0,5461
KD1302,Bondong,Kaura,Kaduna,21516.1,27134.7,5413.4,22926.2,4215.6,3919
KD1309,Manchok,Kaura,Kaduna,35741.2,35912.8,7060.9,35353.5,7370.7,6507
KD2313,Wuciciri,Zaria,Kaduna,37307.2,38953.2,7324.8,34023.9,7542.6,6765
EBSAKL10,Ebia,Abakaliki,Ebonyi,24943.7,17018.4,2706.1,29839.0,3868.8,5097
CRSBKS09,Archibong,Bakassi,Cross River,3520.0,3903.7,518.6,1779.1,577.5,209
KD2303,Gyellesu,Zaria,Kaduna,85942.7,106340.1,19723.3,77704.2,21404.2,14586
KD1706,Kudaru,Lere,Kaduna,53710.3,60658.4,12333.7,59508.7,10772.7,10357
EBSAKL16,Ndiagu,Abakaliki,Ebonyi,19814.2,15564.3,2498.7,30203.1,3123.2,5315
ENSNKW02,Amorji / Amoji,Enugu East,Enugu,19140.0,17529.5,2268.1,13678.6,2753.9,2183
KGSKAB02,Aiyetorokiri,Kabba/Bunu,Kogi,11216.6,7197.5,1338.5,23523.5,2023.4,4060
71007,Karasuwa Galu,Karasuwa,Yobe,15855.3,13106.2,2528.7,25758.3,3008.5,4491
ENSGBO12,Diogbe / Umunko,Igbo-Etiti,Enugu,15231.5,17340.0,2110.2,9794.7,1812.0,1528
ENSJRV10,Akpugoeze,Oji-River,Enugu,6686.1,4814.5,526.8,8721.2,701.1,1380
ENSKEM11,Umualor,Isi-Uzo,Enugu,24886.7,19628.4,2451.3,21948.0,2965.7,3602
11708,Kekeno,Kukawa,Borno,20792.8,20656.7,3976.1,3158.1,4956.0,454
KD2311,Unguwar Fatika,Zaria,Kaduna,20959.2,34065.7,6386.3,30046.9,6639.3,7646
KD2302,Dambo,Zaria,Kaduna,53507.1,56619.4,10538.0,42395.3,12301.7,8828
ENSENU06,Ihewuzu / Onuator,Enugu North,Enugu,7755.4,10398.0,1097.6,10011.6,878.3,1764
ENSENZ04,Ezzeodo,Igbo-Eze North,Enugu,24508.2,8522.9,1110.1,33929.1,3080.1,5280
ENSGBO03,Ikolo / Ohebedum,Igbo-Etiti,Enugu,15093.0,10312.6,1255.0,7622.2,1814.1,1188
KD0205,Kunai,Chikun,Kaduna,44681.3,38614.6,6481.0,58029.0,7410.7,11473
EDSEKP08,Uhiele,Esan West,Edo,23171.4,23725.4,2703.7,36105.3,2603.3,5488
TRSGAS12,Yerima,Gassol,Taraba,34075.4,39318.0,7600.5,43560.2,6495.4,7002
TRSGAS08,Shira,Gassol,Taraba,31111.3,29302.8,5664.5,42528.7,5915.5,6839
BYSYEN02,Atissa 2,Yenegoa,Bayelsa,15300.4,11873.0,1452.8,16294.4,2328.0,3288
EBSEBJ08,Ogboji,Ezza North,Ebonyi,35043.3,37621.7,5623.0,10279.5,5224.8,1756
KD1601,Doka,Kudan,Kaduna,20775.0,27903.4,5824.4,26108.9,4470.3,5351
KD1508,Mah,Kubau,Kaduna,39787.6,38500.1,7959.9,48515.0,8114.4,8951
KD1106,Kagarko South,Kagarko,Kaduna,48758.3,38742.9,7709.0,38080.2,9852.8,7066
KD2102,Gamagira,Soba,Kaduna,32559.0,32960.7,6647.3,39963.5,6513.1,7084
EBSAFK25,Amogu Akpoha / Ibii,Afikpo North,Ebonyi,11513.0,10698.3,1326.7,5736.5,1541.0,1041
TRSBAL10,Suntai,Bali,Taraba,40365.3,39466.8,7555.0,61619.9,7588.3,9943
KD1606,Kudan,Kudan,Kaduna,25948.3,25592.9,5402.3,27579.2,5788.0,6561
BYSYEN06,Ekpetiama 1,Yenegoa,Bayelsa,18436.3,16485.2,2017.8,14953.6,3565.3,2741
KD1410,Makami,Kauru,Kaduna,39579.4,38287.9,7853.3,43077.0,8394.9,8445
ENSMGL07,Mburubu,Nkanu East,Enugu,4843.1,5529.2,655.5,3946.5,551.2,613
ENSENU12,Udi Siding / Iva Valley,Enugu North,Enugu,24412.8,22799.1,2411.4,33233.2,2543.8,5853
KD0404,Gwaraji,Igabi,Kaduna,24580.8,23497.3,4568.2,51527.7,4709.1,9242
EBSAFK23,Amasiri / Ezeke,Afikpo North,Ebonyi,6941.5,7060.3,819.0,4292.1,983.4,894
EBSBKL13,Ndietta,Izzi,Ebonyi,29191.4,49166.3,8883.0,30340.9,5133.5,5189
EBSCHR10,Enyibuchiri / Enyibichiri / Obegu Enyibuchiri,Ikwo,Ebonyi,8939.4,19855.3,2661.1,4906.9,1172.4,838
KD0301,Danmahawayi,Giwa,Kaduna,30725.9,24930.1,5134.9,28510.3,6270.7,5301
KD0309,Shika,Giwa,Kaduna,56362.5,46695.2,9529.2,46113.5,12567.6,9982
KD1804,Gimi,Makarfi,Kaduna,26576.7,24271.7,4904.7,27257.9,5477.9,5819
KD1506,Kargi,Kubau,Kaduna,59558.3,55476.5,11440.5,54817.6,12259.3,10011
KD0204,Kujama,Chikun,Kaduna,63612.2,70115.1,12425.4,94530.3,11025.4,16388
ENSNKW03,Umuchigbo,Enugu East,Enugu,42886.8,48304.6,6250.1,48581.5,7669.1,8140
ENSNKW08,Umuenwene / Obinagu-Iji,Enugu East,Enugu,24255.2,42691.2,5523.7,27077.2,4372.5,4391
KD1705,Kayarda,Lere,Kaduna,34469.0,34391.8,6944.7,33851.0,7142.3,6585
KD0407,Kwarau,Igabi,Kaduna,53141.5,45814.6,9229.9,93224.3,10553.3,18057
KD1710,Sabon Birnin,Lere,Kaduna,45660.1,44612.2,9011.3,43461.3,9916.2,8347
KD0405,Igabi,Igabi,Kaduna,23281.7,24614.3,4960.5,45957.9,4640.8,9012
KD1708,Lere,Lere,Kaduna,29921.8,26289.3,5310.2,25237.3,6364.9,4909
ENSNSK05,Ibeagwa-Ani / Ibeagwa-Agu / Okpaligbo,Nsukka,Enugu,5459.0,975.1,116.1,5504.1,619.7,855
KD1408,Kauru West,Kauru,Kaduna,51861.0,45003.1,9263.6,35270.7,11017.0,6385
DTSWWR05,Igbudu,Warri South,Delta,28366.0,48009.1,5975.5,37565.6,5260.7,6346
EBSAFK30,Ndibe / Nkpoghoro,Afikpo North,Ebonyi,27111.0,36085.2,4270.9,13250.6,4182.6,2498
71009,Wachakal,Karasuwa,Yobe,7134.3,6707.9,1203.6,9910.0,1276.2,2082
KD1404,Dawaki,Kauru,Kaduna,53331.3,50088.2,10118.4,48350.8,10612.3,8335
EBSBKL24,Osebi,Izzi,Ebonyi,3112.0,4837.6,908.5,2884.1,571.2,493
ENSNKW11,Ibagwa-Nike / Edem,Enugu East,Enugu,51061.4,31316.7,4052.0,37421.9,7427.3,6080
ENSNSK03,Ibeku,Nsukka,Enugu,16306.7,37163.5,4265.3,16959.4,1835.1,2644
ENSNSK04,Ede Ukwu,Nsukka,Enugu,21569.8,43046.7,4830.4,26642.7,2350.2,4166
KD0508,Rumi,Ikara,Kaduna,47075.1,35803.7,7305.9,36597.9,9740.7,7092
KD1702,Dan Alhaji,Lere,Kaduna,49970.8,48493.4,9776.5,51774.3,10608.8,10566
ENSNSK06,Okpuje / Okutu / Anuka,Nsukka,Enugu,16855.8,3578.8,401.6,23346.5,1834.0,3812
KD0208,Nassarawa,Chikun,Kaduna,15122.1,16006.3,2844.6,25124.6,4018.6,7345
KD0210,Sabon Gari Nassarawa,Chikun,Kaduna,46990.6,48526.5,9143.0,80280.3,9701.6,16731
KWSKMA09,Kemaji,Kaiama,Kwara,11094.9,10785.8,2115.4,22299.4,2159.0,3836
KWSKMA05,Gwaria,Kaiama,Kwara,28423.7,37320.0,7346.7,68290.0,5526.8,11767
KWSWSN11,Sabaja / Pama / Oba,Isin,Kwara,3132.8,2869.9,513.2,4689.9,544.2,826
KWSWSN02,Edidi,Isin,Kwara,5058.3,5072.8,907.1,5914.7,878.7,1015
KWSLRN10,Oloje,Ilorin West,Kwara,16146.6,18939.9,3151.5,42437.4,2834.4,7460
KWSWSN08,Oke Onigbin,Isin,Kwara,9527.4,9992.6,1786.8,14850.0,1655.5,2754
KWSKSB09,Sinawu / Tumbiya,Baruten,Kwara,17025.2,14439.7,2964.3,23998.2,3433.7,4071
KWSKSB07,Kpura / Yakiru,Baruten,Kwara,12564.9,12628.9,2592.5,21712.4,2533.5,3680
KWSKSB02,Boriya / Shiya,Baruten,Kwara,22185.7,23794.4,4884.6,27920.5,4472.0,4739
KWSKSB04,Gwanara,Baruten,Kwara,13508.8,13397.7,2750.4,23990.2,2723.0,4076
KWSKSB06,Kenu / Tabera,Baruten,Kwara,22208.4,23751.3,4862.3,30984.4,4476.5,5258
KWSKSB05,Ilesha,Baruten,Kwara,20117.0,20527.9,4214.1,35872.5,4056.8,6112
KWSKSB03,Bwen / Kiyoru,Baruten,Kwara,36029.8,30723.7,6303.8,53066.5,7265.1,8981
KWSBDU12,Okemi,Moro,Kwara,3733.9,1678.2,295.0,3822.9,644.9,646
KWSBDU05,Bode Saadu,Moro,Kwara,17484.1,9282.2,1632.3,29087.5,3012.1,4999
KWSAFN02,Afon,Asa,Kwara,4434.9,2160.1,409.2,12156.0,821.1,2064
KWSAFN03,Agbona / Fata,Asa,Kwara,1084.8,612.6,116.0,5789.1,200.9,986
KWSAFN14,Onire / Odegiwa,Asa,Kwara,4246.6,2843.4,534.9,15097.2,776.9,2617
KWSSHA12,Ora,Ifelodun,Kwara,7493.2,10462.4,1969.7,10856.0,1373.3,1864
KWSWSN03,Ijara,Isin,Kwara,5833.0,5115.6,914.7,6496.4,1013.3,1269
KWSWSN06,Iwo,Isin,Kwara,3198.2,2931.1,524.1,4421.5,555.6,791
KWSLRN09,Oko-Erin,Ilorin West,Kwara,102955.7,109550.5,16734.7,121731.4,17308.1,20937
KWSFFA08,Ojomu North West,Offa,Kwara,37545.8,36230.9,6929.5,72551.1,7017.2,13140
KWSLEM01,Aho,Oyun,Kwara,3107.3,3464.7,592.5,6187.2,516.2,1132
KWSFFA09,Ojomu South East,Offa,Kwara,15987.0,14603.8,2565.4,20230.2,2780.0,3527
KWSFFA03,Essa B,Offa,Kwara,10357.7,10699.3,2034.4,19989.4,1928.1,3815
KWSFFA05,Igboidun,Offa,Kwara,6238.4,5764.7,1007.9,7532.6,1073.0,1273
KWSFFA11,Shawo South East,Offa,Kwara,9256.0,9051.4,1733.4,19832.2,1731.0,3816
KWSFFA07,Ojomo Central B,Offa,Kwara,3126.8,2146.6,411.1,5643.5,595.1,1322
KWSFFA12,Shawo South West,Offa,Kwara,27127.8,31069.5,5949.9,54019.2,5073.2,9385
ENSNSK07,Agbamere / Umuabor,Nsukka,Enugu,21725.8,11382.5,1287.7,29140.5,2372.6,4586
KWSFFA04,Essa C,Offa,Kwara,10835.9,12388.7,2372.5,24214.7,2026.4,4330
KWSFFA02,Essa A,Offa,Kwara,1538.4,1125.5,215.5,3035.8,287.7,641
KWSWSN09,Olla,Isin,Kwara,4147.2,3463.4,619.3,6246.5,721.0,1089
KWSLEM05,Igosun,Oyun,Kwara,10560.7,8571.8,1488.8,12223.5,1792.0,2122
KWSKEY01,Agbeyangi / Gbadamu,Ilorin East,Kwara,8264.5,3436.8,550.1,8335.2,1298.2,1418
KWSKEY11,Oke Oyi / Oke-Ose / Alalubosa,Ilorin East,Kwara,24368.5,24415.5,4267.4,26929.7,4128.8,4575
KWSLRN01,Adewole,Ilorin West,Kwara,16584.9,19157.9,3624.8,77696.2,3070.7,13409
KWSKEY10,Maya / Ileapa,Ilorin East,Kwara,44600.7,46368.7,7674.6,56028.8,7181.4,9627
KWSKMA08,Kaiama 3,Kaiama,Kwara,7488.0,6090.0,1194.0,9680.7,1443.7,1858
KWSKMA10,Wojibe,Kaiama,Kwara,10791.4,8724.6,1745.2,40211.1,2128.4,6891
KWSKMA02,Bani,Kaiama,Kwara,21493.3,22060.5,4325.1,35384.1,4150.5,5988
KWSLEM09,Ipee,Oyun,Kwara,17187.4,16924.1,2902.0,19112.0,2891.7,3269
KWSLEM10,Ira,Oyun,Kwara,5356.3,5057.8,864.7,7190.8,889.6,1299
KWSWSN07,Oke Aba,Isin,Kwara,2247.0,3326.8,616.1,4431.9,409.2,782
ENSNSK10,Edem Ani,Nsukka,Enugu,68772.0,24080.3,2738.7,84185.9,7744.7,13245
KWSLEM07,Ikotun-Kwara,Oyun,Kwara,4422.8,3336.5,573.1,6967.1,747.5,1188
KWSLEM06,Ijagbo,Oyun,Kwara,18431.4,20758.4,3565.2,28694.8,3088.3,5103
KWSLEM02,Erin North,Oyun,Kwara,15576.9,11466.5,2163.7,19771.9,2868.6,3581
KWSLEM08,Ilemoma,Oyun,Kwara,9455.0,8913.2,1597.0,12525.9,1645.1,2132
KWSLEM03,Erin South,Oyun,Kwara,18665.0,15622.4,2673.3,20923.3,3115.9,3841
KWSLRN11,Ubandawaki,Ilorin West,Kwara,10647.0,11064.1,2096.1,44469.5,1971.3,7787
KWSLRN06,M / Ngeri,Ilorin West,Kwara,7862.5,9689.6,1535.1,13876.9,1486.0,2416
KWSMUN06,Ifaja,Irepodun,Kwara,20984.4,19553.6,3415.9,23289.6,3710.2,4626
KWSMUN04,Arandun,Irepodun,Kwara,11601.1,10560.6,1808.4,14518.9,2007.3,2719
KWSMUN03,Aran,Irepodun,Kwara,19656.2,21910.1,3766.1,25365.0,3366.2,4725
KWSMUN07,Ihaye,Irepodun,Kwara,24274.6,28117.0,4950.2,42708.3,4176.8,8276
KWSMUN05,Esie-Ijan,Irepodun,Kwara,17615.3,14303.4,2453.6,15782.6,3030.7,2789
KWSMUN09,Oko,Irepodun,Kwara,10199.6,9619.2,1649.1,11780.5,1732.4,2125
KWSMUN08,Ipetu / Rore / Aran Orin,Irepodun,Kwara,19029.6,17034.1,2919.3,20117.7,3263.8,3767
KWSKMA01,Adena,Kaiama,Kwara,44509.8,40203.1,7888.4,48989.0,8679.3,8300
KWSWSN01,Alla,Isin,Kwara,4138.7,3186.4,571.2,5937.0,730.1,1082
KWSAFN04,Awe / Orimaro,Asa,Kwara,1513.6,1303.3,246.9,8363.6,280.3,1429
KWSLEM04,Igbomma,Oyun,Kwara,4536.2,4136.8,714.9,9475.7,761.4,1631
KWSBDU13,Okutala,Moro,Kwara,3554.9,2142.1,376.6,6893.5,610.6,1166
KWSLEM11,Ojoku,Oyun,Kwara,8407.5,4171.5,713.4,10594.5,1410.8,1826
KWSAFN08,Ila- Oja,Asa,Kwara,5037.4,4402.2,823.4,20850.7,925.1,3823
AKSNTE02,Ikot Abia 1,Obot Akara,Akwa Ibom,29978.5,21945.2,2808.0,18522.9,3796.4,2295
ENSNSK12,Ede Enu,Nsukka,Enugu,14524.5,11285.3,1266.4,21188.3,1585.5,3393
KWSBDU07,Jebba,Moro,Kwara,38087.5,40710.8,7805.1,32739.4,9249.0,5601
KWSAFN06,Efue / Berikodo,Asa,Kwara,1061.5,971.3,184.0,7854.2,196.5,1335
KWSBDU10,Magida,Moro,Kwara,4897.3,4252.2,675.2,8876.6,755.9,1501
KWSAFN15,Otte / Ballah,Asa,Kwara,11206.6,10472.5,1984.0,44119.2,2074.9,7798
KWSAFN12,Okeso,Asa,Kwara,1510.6,959.9,181.8,6347.7,279.7,1086
ODSIDNE10,Owena-Aponmu,Idanre,Ondo,16856.9,6784.0,964.0,18065.3,2660.7,2734
KWSAFN10,Ogbondoroko,Asa,Kwara,5153.5,5908.4,1112.7,17549.8,948.7,2971
KWSAFN09,Laduba,Asa,Kwara,20795.2,20421.5,3225.5,23961.6,3370.1,4073
KWSAFN07,Gambar / Ayekale,Asa,Kwara,2870.1,1822.4,345.2,9802.5,531.4,1775
KWSAFN05,Budo-Egba,Asa,Kwara,4553.4,2812.8,532.9,13119.6,843.1,2275
KWSAFN01,Aboto / Odoode,Asa,Kwara,2012.0,1522.8,288.5,8515.8,372.5,1444
80710,Wanke,Gusau,Zamfara,37992.8,41638.8,7971.5,42393.4,7209.8,7836
AKSAFG01,Asang 2,Nsit Ibom,Akwa Ibom,15377.1,18349.8,2274.1,8794.9,1868.6,1089
KWSLFF06,Ilale  / Erin / Imoji,Oke Ero,Kwara,4157.8,3718.3,695.0,4138.9,784.7,747
KWSLFF01,Aiyedun,Oke Ero,Kwara,8188.2,8166.8,1610.4,8549.4,1657.4,1693
KWSSHA01,Agwijin,Ifelodun,Kwara,6669.3,10200.1,1920.3,8326.4,1223.3,1419
KWSAFN16,Owode / Gbogun,Asa,Kwara,1892.1,1667.5,310.5,10654.8,347.5,1838
KWSSHA17,Share 4,Ifelodun,Kwara,5206.2,1473.0,277.3,2991.2,1014.9,506
ENSNSK13,Alor-Uno,Nsukka,Enugu,15938.8,5002.1,561.3,20057.0,1767.7,3152
ENSNSK14,Akpa / Ozzi,Nsukka,Enugu,10363.7,1667.4,187.1,13776.6,1127.4,2159
AKSBYF05,Uboro-Isong-Iyang,Udung Uko,Akwa Ibom,6205.6,10701.9,1292.5,2841.2,1243.0,352
KWSSHA07,Ile-Ire,Ifelodun,Kwara,11943.6,13639.0,2564.7,32468.0,2187.2,5581
KWSSHA13,Oro-Ago,Ifelodun,Kwara,23111.5,26105.5,4913.9,22524.1,4456.5,4058
KWSSHA11,Omupo,Ifelodun,Kwara,37924.9,25630.6,4743.8,33534.7,7021.2,5807
KWSLFF07,Iloffa,Oke Ero,Kwara,12060.8,13583.1,2504.0,13831.2,2198.6,2530
KWSLFF02,Ekan,Oke Ero,Kwara,4048.3,3080.2,550.9,3106.1,739.1,525
KWSLFF08,Imade / Egosi,Oke Ero,Kwara,8504.9,7323.9,1378.0,7309.4,1631.6,1398
PLSWAS11,Kuyanbana,Wase,Plateau,3618.4,5700.3,1114.5,5595.8,696.2,999
PLSLGT10,Mban,Langtang North,Plateau,3564.5,4856.0,936.2,7119.6,676.7,1078
PLSLGT11,Nyer,Langtang North,Plateau,20452.7,13516.0,2540.4,30409.7,3707.9,4606
PLSLGT18,Zamko,Langtang North,Plateau,8608.0,14504.5,2803.8,14135.5,1623.0,2141
PLSWAS10,Kumbur,Wase,Plateau,18092.3,15158.0,2963.6,25637.7,3485.9,3883
PLSWAS09,Kumbong,Wase,Plateau,9670.9,5807.0,1135.4,9775.9,1860.7,1481
PLSMBD06,Lashel,Langtang South,Plateau,3633.3,3660.8,656.7,5173.7,643.1,784
PLSBKK03,Bokkos West,Bokkos,Plateau,20219.1,19444.0,3217.2,27097.0,3383.5,4480
EKSEKE04,Ilasa / Eda,Ekiti East,Ekiti,2994.0,2057.9,251.1,1642.8,387.8,254
PLSBKK08,Kwatas,Bokkos,Plateau,19508.3,22449.0,3678.0,37200.6,3116.2,5992
PLSBKK04,Butura,Bokkos,Plateau,35852.4,27622.0,4573.1,34302.5,5887.5,5461
PLSTNK05,Kiehil,Mikang,Plateau,8625.2,7127.5,1162.0,8901.7,1410.6,1363
PLSTNK03,Gadyoum,Mikang,Plateau,1264.0,1051.3,168.9,1179.7,198.4,179
PLSTNK17,Voryoum,Mikang,Plateau,3583.1,3968.6,637.7,4407.6,562.3,668
PLSMGU11,Kasuwan Ali,Mangu,Plateau,349.7,239.5,38.8,264.8,55.1,40
PLSWAS04,Garkuwa,Wase,Plateau,1176.7,996.3,194.8,1843.9,226.4,279
PLSWAS02,Danburan,Wase,Plateau,3115.4,5743.0,1122.8,3702.5,599.4,561
PLSQAP17,Moeda,Qua'An Pan,Plateau,15748.0,21144.9,3702.2,21240.0,2698.0,3247
PLSQAP06,Koplong,Qua'An Pan,Plateau,8186.9,10559.9,1869.4,8580.0,1474.1,1321
PLSQAP12,Kwoor,Qua'An Pan,Plateau,13802.5,15822.8,2770.2,19046.0,2363.7,2917
PLSQAP20,Yitlaar,Qua'An Pan,Plateau,11385.8,13618.2,2384.4,15842.8,1950.3,2403
PLSRYM02,Bum,Riyom,Plateau,13544.8,14749.7,2481.6,15059.1,2244.1,2312
PLSRYM04,Fangroi,Riyom,Plateau,13880.2,16885.2,3201.6,15860.0,2575.2,2438
PLSRYM05,Gura,Riyom,Plateau,18379.6,17680.7,3350.5,20422.9,3406.3,3137
PLSRYM16,Tse,Riyom,Plateau,9685.3,10418.4,1971.2,12765.9,1795.6,2125
EKSIME02,Eda Oniyo,Ilejemeje,Ekiti,7312.8,7733.2,967.5,3963.8,988.7,643
EKSEKW08,Oke Ode,Ekiti South-West,Ekiti,40337.9,73380.0,8479.6,32951.1,8374.8,5993
EKSEME07,Ogbontioro,Emure,Ekiti,7021.4,6963.8,667.7,3641.7,1101.0,552
EKSEWT06,Ido Ajinare,Ekiti West,Ekiti,10540.0,21940.9,2624.6,8879.1,2749.3,1676
EKSOYE09,Itapaosin,Oye,Ekiti,35606.1,42954.7,5229.5,34760.7,4979.4,6020
EKSIKE12,Oke Ayedu / Esun,Ikole,Ekiti,18622.9,20376.0,2348.1,11526.4,2536.4,1856
EKSIPN09,Iworoko,Irepodun/Ifelodun,Ekiti,31539.7,30357.1,3548.1,50769.3,3631.2,8760
EKSIKE10,Odo Ayedu,Ikole,Ekiti,18863.6,19132.1,2204.7,14325.5,2565.6,2245
EKSIJO07,Ikoro,Ijero,Ekiti,30144.7,58208.9,7140.5,26787.6,6825.2,4947
EKSEKE02,Ijero Omuo,Ekiti East,Ekiti,8257.9,13418.7,1645.9,4429.1,1373.0,660
EKSIME08,Ipere,Ilejemeje,Ekiti,5331.4,5859.0,732.2,3457.2,717.1,558
EKSADO13,Ureje,Ado-Ekiti,Ekiti,74145.1,74331.2,7403.8,95558.7,7614.6,15085
EKSIKE02,Ijesa Isu,Ikole,Ekiti,20276.2,12315.2,1419.2,14792.6,2976.9,2489
EKSADO06,Irona,Ado-Ekiti,Ekiti,48872.9,48480.0,4831.1,67233.5,5001.6,10897
EKSIJO03,Ijero A,Ijero,Ekiti,16572.6,33029.8,4053.5,15642.0,3994.5,3190
EKSEWT09,Okemesi A,Ekiti West,Ekiti,21786.7,31887.1,3857.5,24864.9,4151.9,4589
EKSIJO01,Ekamarun,Ijero,Ekiti,10666.4,16726.8,2052.8,7728.3,2486.6,1358
EKSIKE04,Ikole Ara,Ikole,Ekiti,3893.9,2687.0,309.6,2665.0,471.9,418
EBSUGB02,Abofia,Ebonyi,Ebonyi,4497.6,7454.2,1355.7,9434.5,799.8,1612
EKSIKE06,Ipao Okeako,Ikole,Ekiti,18644.0,42904.5,5041.3,13632.8,2317.4,2254
RVSBER011,Omward 11,Omumma,Rivers,6260.4,4964.6,585.5,5408.9,722.0,703
EKSIKR01,Afao / Kajola,Ikere,Ekiti,5838.9,1768.2,176.3,5381.1,582.5,822
EKSEME06,Odo / Ibeji,Emure,Ekiti,2877.6,2291.7,224.2,2452.6,315.4,379
EKSEFO10,Obake / Abeta,Efon,Ekiti,822.4,317.2,37.9,401.4,109.9,60
EKSIPN01,Afao,Irepodun/Ifelodun,Ekiti,7534.1,3195.4,372.4,11076.0,847.8,1840
EKSIJO09,Iloro / Ijurin,Ijero,Ekiti,5139.9,4723.1,561.3,3813.7,688.2,596
EKSGBN01,Agbado,Gbonyin,Ekiti,1951.9,2004.4,247.9,681.3,274.3,101
EKSIDO09,Ori-Ora,Ido-Osi,Ekiti,13661.5,14617.1,1737.1,12092.9,1771.8,2087
EKSIJO11,Ipoti B,Ijero,Ekiti,10086.9,7838.0,942.8,4639.4,1545.9,746
EKSGBN07,Imesi,Gbonyin,Ekiti,14728.1,8375.9,1004.5,8554.3,2286.4,1412
EKSIME01,Eda Obada,Ilejemeje,Ekiti,5608.3,6747.2,843.2,2767.6,810.9,416
EKSOYE08,Itaji-Ayede,Oye,Ekiti,2880.6,2573.3,313.3,3112.2,388.8,466
EBSAKL13,Enyigba / Amagu Armyland,Abakaliki,Ebonyi,10208.7,5881.9,931.3,10534.6,1558.0,1799
EKSIKR09,Oke-Osun,Ikere,Ekiti,34235.6,40123.3,4023.7,31714.8,3961.5,5021
EKSGBN05,Ijan,Gbonyin,Ekiti,27802.9,47972.3,5924.7,16618.7,4819.7,2745
EKSEME08,Oke / Sasere,Emure,Ekiti,13122.4,23201.5,2250.7,11063.5,1677.2,1785
EKSEFO02,Alanaka,Efon,Ekiti,27662.2,50143.4,6024.9,30860.8,6313.8,6597
EKSEWT03,Erijiyan A,Ekiti West,Ekiti,13444.4,29964.3,3573.9,11851.1,3640.2,2033
EKSIME10,Iye,Ilejemeje,Ekiti,5415.6,8194.0,1024.0,5933.1,848.3,1118
EKSEFO06,Igbo-Olofin,Efon,Ekiti,2246.7,461.7,55.5,653.6,262.5,97
EKSIDO10,Osi Igbole,Ido-Osi,Ekiti,15878.9,15619.3,1856.2,14340.0,2116.0,2739
EKSIPN08,Iropora Eyio Esure,Irepodun/Ifelodun,Ekiti,18107.0,15742.1,1840.4,30571.2,2082.2,4841
EKSEKE07,Isinbode,Ekiti East,Ekiti,13874.4,2289.1,279.4,8037.8,2253.8,1353
EKSIPN11,Iyin B,Irepodun/Ifelodun,Ekiti,18778.2,18524.5,2159.1,33252.9,2117.1,5846
EKSIKE11,Odo Oro,Ikole,Ekiti,33433.0,40005.7,4610.1,28499.5,4565.3,4532
EKSIKE01,Asin,Ikole,Ekiti,17618.7,20376.0,2348.1,15489.0,2464.1,2465
EKSADO07,Odo,Ado-Ekiti,Ekiti,17552.8,12026.0,1231.5,19561.2,1851.8,3023
ENSNSK15,Obimo Ikwoka,Nsukka,Enugu,20790.9,6588.2,739.3,27826.8,2266.4,4449
EKSEFO01,Alajo / Surulere,Efon,Ekiti,29022.9,49918.2,5997.9,18684.2,5314.2,2800
EKSEKE03,Ilasa / Ikun Oba / Araromi Oke,Ekiti East,Ekiti,29073.1,39473.3,4954.3,16895.9,4906.1,2770
EKSIJO02,Ekameta,Ijero,Ekiti,21236.1,31292.2,3823.5,15903.9,4197.0,2770
EKSEWT05,Etrijiyan B,Ekiti West,Ekiti,1781.6,2492.7,297.3,1084.7,302.1,179
EBSAFK32,Ohaisu A,Afikpo North,Ebonyi,18460.0,32641.6,3689.1,13934.5,2846.4,2999
EKSADO01,Agoaduloju,Ado-Ekiti,Ekiti,57626.8,55636.7,5539.7,63409.9,5788.7,9944
EKSIKE09,Odo Ayebode,Ikole,Ekiti,5440.2,4702.2,541.9,2997.5,691.3,451
EKSIJO12,Odo-Owa,Ijero,Ekiti,12258.5,14485.6,1759.3,7394.9,2514.7,1381
RVSBER08,Omward 8,Omumma,Rivers,8904.1,7158.0,830.5,7403.4,1008.9,964
EKSMBA08,Osun,Moba,Ekiti,13820.7,22014.4,2512.9,9348.9,2642.8,1641
EKSIPN04,Igbemo,Irepodun/Ifelodun,Ekiti,10089.4,5887.7,685.7,16837.2,1145.5,2692
EKSIJO10,Ipoti A,Ijero,Ekiti,28363.7,53897.9,6613.0,24591.4,6558.6,4771
EKSGBN06,Iluomoba,Gbonyin,Ekiti,17439.0,20599.9,2546.5,11668.6,2991.6,1793
EKSEWT04,Erio,Ekiti West,Ekiti,12060.9,20777.1,2478.1,8155.3,2963.5,1385
EKSIPN07,Igede C,Irepodun/Ifelodun,Ekiti,4176.0,3805.5,443.5,6784.3,470.8,1429
EKSIKR04,Atiba / Afin,Ikere,Ekiti,2834.5,485.6,55.2,898.4,334.4,135
EKSADO09,Oke Ila,Ado-Ekiti,Ekiti,52155.3,53963.8,5390.1,62383.0,5259.7,9485
EKSOYE10,Omuijelu,Oye,Ekiti,10686.9,6225.6,756.6,9335.8,1442.3,1543
EKSEFO03,Araromi / Idoayegbule,Efon,Ekiti,950.0,745.0,89.1,1077.5,110.2,163
JI0807,Kargo,Garki,Jigawa,25436.4,16261.1,3168.8,41582.9,4948.8,8638
EKSIME04,Ijesa Modu,Ilejemeje,Ekiti,3219.7,3710.2,463.7,1755.8,458.7,261
EKSIKR03,Araromi-Ekiti,Ikere,Ekiti,29992.3,37854.2,3796.2,32615.4,3691.7,5412
EKSMBA07,Osan,Moba,Ekiti,11114.0,18605.9,2148.8,8870.7,2039.3,1560
EKSEFO09,Iwaji,Efon,Ekiti,2738.5,2346.8,282.0,1123.8,382.6,167
EKSOYE01,Ayede North,Oye,Ekiti,355.2,66.8,8.1,227.4,41.7,34
EKSOYE02,Ayegbaju,Oye,Ekiti,29530.1,29631.6,3607.5,24846.6,3827.8,4174
EKSIJO04,Ijero B,Ijero,Ekiti,438.9,223.0,27.4,174.8,56.5,26
EKSIKR06,Ijao / Ilapetu,Ikere,Ekiti,9078.1,6786.7,680.2,6930.6,997.5,1033
EKSIKR11,Ugele,Ikere,Ekiti,27217.2,34416.0,3451.4,30544.0,3317.6,5321
EKSEKW06,Odo Igbara,Ekiti South-West,Ekiti,1999.2,2223.0,256.9,751.2,425.7,112
EKSEKE01,Araromi Omuo,Ekiti East,Ekiti,57143.1,98872.4,12066.4,44845.3,10711.9,7515
EKSEKE05,Ilisa Omuo,Ekiti East,Ekiti,3307.7,940.4,111.0,1865.2,414.1,285
EKSIJO06,Ijero D,Ijero,Ekiti,7911.2,9701.5,1190.6,6294.4,1236.6,1034
EKSEME03,Idamudu / La,Emure,Ekiti,2298.9,2922.6,293.6,2912.3,247.5,450
EKSIKR02,Agbado / Oyo,Ikere,Ekiti,11940.9,11941.9,1197.6,8168.4,1369.6,1253
EKSIKR10,Okereku,Ikere,Ekiti,1131.7,194.8,19.5,671.7,116.2,102
EKSIKR05,Idemo,Ikere,Ekiti,23627.3,28731.6,2881.3,22771.0,2685.5,3527
ENSUDD12,Nsude,Udi,Enugu,15857.7,23170.8,2553.9,26888.2,1682.5,4272
EKSIKE03,Ikole 2,Ikole,Ekiti,53440.8,64835.1,7471.4,51210.1,7572.3,8984
EBSBKL19,Nwanu,Izzi,Ebonyi,8202.9,5105.9,958.8,9625.5,1505.8,1644
ENSNSK16,Nru,Nsukka,Enugu,29146.7,23688.9,2658.2,42455.5,3202.8,6832
ENSUDD08,Eke,Udi,Enugu,13283.3,10368.3,1142.8,24713.3,1409.4,3931
ENSUDD20,Umulumgbe,Udi,Enugu,12646.6,14509.0,1721.2,10188.8,1486.9,1582
ENSUDD14,Obioma,Udi,Enugu,7403.3,10437.7,1150.4,12314.4,785.1,1944
EKSIDO02,Aaye-Ifisin,Ido-Osi,Ekiti,11278.4,11546.5,1372.2,10311.4,1458.6,1748
EKSIME03,Ewu Ward,Ilejemeje,Ekiti,575.7,57.3,7.2,79.4,68.6,12
EKSIKR07,Odese,Ikere,Ekiti,5872.1,6790.4,766.6,2832.4,710.9,421
ENSUDD15,Okpatu,Udi,Enugu,7152.4,10845.9,1195.4,13414.9,758.9,2087
ENSUDD13,Obinagu,Udi,Enugu,12105.1,14339.5,1613.6,11970.6,1330.4,1862
EKSIKR08,Ogbojano,Ikere,Ekiti,30899.9,42484.2,4260.5,39884.4,4318.5,8687
EKSADO11,Okeyimi,Ado-Ekiti,Ekiti,23107.1,16664.6,1660.4,16253.4,2317.2,2449
EKSIDO11,Usi,Ido-Osi,Ekiti,33506.1,38951.6,4630.0,33903.6,4445.1,6386
EKSIDO01,Ilogbo,Ido-Osi,Ekiti,8396.1,8870.1,1059.8,7243.9,1226.5,1312
EKSEWT08,Ipole Iloro,Ekiti West,Ekiti,11365.3,17417.2,2092.1,8065.6,2028.8,1317
EKSEWT07,Ikogosi,Ekiti West,Ekiti,13958.0,30927.9,3688.8,10270.8,3557.9,1718
RVSBER03,Omward 3,Omumma,Rivers,14431.2,8194.7,1040.9,11485.0,1793.8,1493
EKSADO05,Ijigbo,Ado-Ekiti,Ekiti,23134.4,26394.8,2709.4,26833.4,2728.0,4106
EKSGBN04,Egbe / Iro,Gbonyin,Ekiti,8252.7,6225.1,768.4,4200.2,1377.2,667
EKSIJO08,Iloro,Ijero,Ekiti,11409.5,13412.3,1594.0,14182.0,1564.8,2978
EKSIPN10,Iyin A,Irepodun/Ifelodun,Ekiti,7055.6,6219.4,724.9,11024.2,795.4,2108
EKSIPN05,Igede A,Irepodun/Ifelodun,Ekiti,10424.8,9628.9,1122.3,16965.9,1175.2,3237
EKSIPN03,Awo,Irepodun/Ifelodun,Ekiti,8646.6,7086.5,826.0,12527.2,974.8,2274
EKSIJO05,Ijero C,Ijero,Ekiti,40602.1,87425.3,10729.1,37656.4,9465.8,6647
41406,Maigamji,Funtua,Katsina,39655.1,45176.6,9070.2,47685.5,8503.9,12428
JI0509,Madabe,Buji,Jigawa,10297.1,6963.4,1425.2,11953.6,2080.1,2468
EKSIPN02,Are,Irepodun/Ifelodun,Ekiti,13267.3,10510.1,1241.6,16966.2,1612.0,2822
EKSIPN06,Igede B,Irepodun/Ifelodun,Ekiti,8587.3,7220.3,841.6,12761.0,968.1,2309
EKSEME09,Okemure / Oge,Emure,Ekiti,2485.0,2258.5,216.5,2502.5,261.1,372
KN0208,Hungu,Albasu,Kano,22897.6,24882.1,4886.7,24042.9,4440.6,4266
KN4313,Yan Dala,Warawa,Kano,9019.8,10565.4,1972.5,14085.8,1919.9,2448
81107,Kware,Shinkafi,Zamfara,15165.3,15090.2,3030.4,10665.5,3073.3,1865
EDSAKA03,Oghede,Ovia North-East,Edo,73888.5,65415.2,7966.4,73399.7,9700.8,11139
DTSKLK05,Koko,Warri North,Delta,38482.4,69286.1,8436.2,26697.6,9500.2,4168
10705,Mulgoi Kobchi,Damboa,Borno,15003.7,5537.9,1047.2,9438.3,2935.0,1362
11504,Kalma Kumaga,Kala Balge,Borno,6647.9,3968.3,772.8,1531.2,2132.2,220
10304,Kumshe,Bama,Borno,22983.1,6301.2,1220.2,1669.5,4982.4,240
10209,Ngurthavu Kopa,Askira Uba,Borno,13025.9,7933.7,1490.9,5476.0,2440.2,786
11102,Bita Izge,Gwoza,Borno,41028.2,32224.8,6096.4,21563.5,8080.7,3103
ENSUDD07,Egede / Umoka,Udi,Enugu,29848.4,33388.3,3883.3,30660.8,3413.3,4788
51507,Makawa,Ngaski,Kebbi,10391.6,7225.8,1481.7,11808.7,2142.9,2495
11607,Kawuri,Konduga,Borno,2291.7,1506.9,277.1,4164.3,416.9,598
10303,Andara,Bama,Borno,15512.8,3772.9,737.9,249.5,3145.7,36
11501,Daima,Kala Balge,Borno,4674.4,3092.1,605.6,1083.0,1481.6,161
ENSUDD11,Ngwo Uno,Udi,Enugu,27827.8,39493.7,4353.0,48671.7,2965.3,8124
ENSUDD06,Ebe,Udi,Enugu,8312.7,12371.1,1363.5,13701.6,882.1,2175
NISNBS03,Gbeswa,Borgu,Niger,34346.7,27925.7,5552.4,56154.0,6708.1,9094
NISNBS01,Babana,Borgu,Niger,27950.9,35538.5,7065.0,39610.5,5466.4,6428
ENSUDD16,Udi / Agbudu,Udi,Enugu,20337.2,27878.0,3134.1,23799.5,2218.7,3806
NISNBS04,Kabe,Borgu,Niger,20513.8,15119.5,3006.1,29789.9,4006.4,4826
ENSUDD10,Ngwo Asaa,Udi,Enugu,36765.0,110039.5,12652.7,40394.2,4638.8,6804
ENSUDD19,Umuaga,Udi,Enugu,12314.2,8219.2,905.9,12719.3,1306.7,1975
ENSUDD01,Abia,Udi,Enugu,8011.6,8365.5,922.1,10233.3,854.3,1609
NISNBS08,Shagunnu,Borgu,Niger,20639.2,12698.7,2524.8,34530.8,4032.2,5737
NISNBS06,Nasarawa,Borgu,Niger,9302.8,11572.4,2301.7,23842.6,1820.1,3941
51502,Gafara,Ngaski,Kebbi,28731.3,31127.1,6383.1,33009.2,5894.9,6791
NISNBS05,Malale,Borgu,Niger,10474.9,6729.5,1338.0,16266.5,2045.8,2684
51510,Wara,Ngaski,Kebbi,23075.8,25290.2,5186.1,21723.8,5246.6,5060
51504,Kwakwaran,Ngaski,Kebbi,8271.7,12109.5,2483.2,10832.1,1683.9,2452
NISNAS07,Nasko,Magama,Niger,28209.4,24656.4,5084.1,41344.3,5732.8,6847
51503,Garin Baka,Ngaski,Kebbi,11726.5,12114.8,2484.3,14537.2,2370.2,2884
51508,Ngaski,Ngaski,Kebbi,32485.7,35933.8,7383.0,45167.3,6582.8,8783
DTSSAP08,Gana,Sapele,Delta,37226.4,44703.7,5863.3,33448.7,5789.7,5247
51501,Birnin Yauri,Ngaski,Kebbi,26583.4,22380.4,4566.6,29076.8,5342.9,5650
ENSAWG10,Ihe,Awgu,Enugu,18166.3,15837.8,1850.6,15255.0,2133.3,2443
51506,Kambuwa,Ngaski,Kebbi,31878.1,21974.9,4490.1,31538.9,6414.5,6115
NISRJA04,Genu,Rijau,Niger,36898.2,19366.7,3877.7,49704.4,7248.9,8064
OGSION02,Agboriodo,Imeko Afon,Ogun,10287.5,6538.6,965.8,5926.4,1467.6,693
NISBMG04,Gulbiboka,Mariga,Niger,55690.5,47458.8,9387.7,54151.8,10957.8,8827
NISMSG03,Kaboji,Mashegu,Niger,55718.6,57304.3,12134.9,97526.0,11698.3,16868
NISBMG02,Beri,Mariga,Niger,27393.0,20699.4,4208.2,21598.4,5510.9,3509
40201,Ajiwa,Batagarawa,Katsina,60617.5,65142.8,13390.3,54890.9,12995.5,11863
NISBMG09,Kumbashi,Mariga,Niger,21929.7,22233.0,4537.9,28587.3,4419.0,4665
NISBMG03,Bobi,Mariga,Niger,37758.9,40539.0,8277.2,48104.6,7611.2,7848
NISKAG08,Kusherki South,Rafi,Niger,31131.6,29335.2,6007.7,30140.6,6286.5,4891
NISBMG01,Bangi,Mariga,Niger,57436.4,60734.4,12396.4,74237.5,11574.0,12244
ENSAWG11,Agbogugu,Awgu,Enugu,17690.4,20466.8,2109.1,17362.5,1796.5,2797
NISBMG05,Igwama,Mariga,Niger,29608.5,25986.2,5304.0,31759.6,5966.4,5153
EBSUGB18,Okaria,Ebonyi,Ebonyi,1656.9,2096.7,381.3,3280.1,294.6,560
EBSEBJ02,Amawula / Amuda,Ezza North,Ebonyi,22436.5,14507.4,2164.4,7304.4,3274.9,1248
EBSEBJ05,Inyere / Ohaochara,Ezza North,Ebonyi,8831.2,9925.6,1480.5,1932.3,1333.5,330
DTSSAP02,Agbawan,Sapele,Delta,11772.1,13464.4,1864.4,15313.7,1755.4,2531
KD0106,Randagi,Birnin Gwari,Kaduna,43072.9,49318.7,10387.1,28315.4,8941.5,4785
NISBMG06,Inkwai,Mariga,Niger,27009.4,18350.8,3743.7,29721.9,5718.7,4932
NISKAG05,Kongoma Central,Rafi,Niger,24407.4,29626.5,6035.0,41873.4,4912.4,7797
KN4407,Lajawa,Wudil,Kano,25506.7,29763.7,5760.1,29177.6,4918.8,5386
BNSALD06,Ikyonov,Gwer East,Benue,12512.6,12489.3,2390.3,22466.3,2348.5,3161
EBSEDA11,Oso,Afikpo South,Ebonyi,31743.9,55526.9,7309.2,12443.7,5442.1,2217
71705,Jebuwa,Yusufari,Yobe,13992.5,11717.4,2187.5,29198.4,2580.9,4842
71105,Damai,Machina,Yobe,8571.9,7575.3,1449.0,11508.5,1613.5,1911
NISKAG06,Kongoma West,Rafi,Niger,16193.2,20216.5,4123.5,22838.4,3257.3,3915
NISKAG07,Kusherki North,Rafi,Niger,24899.6,33083.6,6760.5,34685.7,5018.0,5829
NISKUT03,Bassa / Kukoki,Shiroro,Niger,15860.5,18012.3,3575.0,19862.7,3105.7,3327
NISKUT01,Allawa,Shiroro,Niger,11907.4,15655.7,3095.1,15334.1,2323.9,2539
NISKUT10,Kurebe / Kushaka,Shiroro,Niger,4264.5,6601.3,1312.1,3581.6,839.6,583
NISKUT11,Kwaki / Chikuba,Shiroro,Niger,29430.3,25070.7,4933.8,28912.5,5713.5,4708
ENSUMU13,Akpugo,Uzo-Uwani,Enugu,4203.5,581.9,70.0,3403.3,503.8,570
KD0201,Chikun,Chikun,Kaduna,33586.6,23855.9,4077.3,26342.4,5627.7,4458
NISKUT06,Galkogo,Shiroro,Niger,30690.7,20594.3,4094.1,27487.5,6055.0,4488
ENSMGL11,Akpawfu / Isienu,Nkanu East,Enugu,56221.7,30505.2,3423.8,58756.5,6243.8,9124
ENSAGN12,Agbani,Nkanu West,Enugu,17367.5,30547.6,3115.8,12196.8,1701.4,1894
NISSRP10,Kuchi,Munya,Niger,33263.9,31857.4,6519.5,30911.4,6702.6,5003
DTSWRC10,Ugborodo,Warri South-West,Delta,1021.1,5176.0,639.7,1763.4,202.5,324
ENSNSK17,Eha Ndiagu,Nsukka,Enugu,12303.8,27235.2,3149.3,13535.3,1378.8,2114
ENSNSK18,Eha Uno,Nsukka,Enugu,10826.7,6242.5,700.5,14821.1,1181.4,2339
ENSNSK19,Akaibute,Nsukka,Enugu,8985.1,9617.9,1079.3,8518.1,975.8,1322
ENSJRV17,Inyi 2,Oji-River,Enugu,16755.9,6875.2,752.2,18085.5,1786.5,2896
KN4312,Tanagar,Warawa,Kano,14289.4,15924.6,3135.6,25686.5,2765.2,5433
DTSKLK03,Eghoro,Warri North,Delta,909.6,5967.7,726.4,1094.5,180.7,177
DTSSAP11,Ugborhen / Okokporo,Sapele,Delta,13662.0,11207.4,1551.9,11213.6,2128.6,1748
DTSSAP04,Amuogodo,Sapele,Delta,38251.1,39342.9,5432.9,43945.4,5929.8,7103
DTSSAP10,Okpe,Sapele,Delta,61479.6,67189.9,9219.3,74486.2,9036.8,11732
DTSSAP01,Abeke,Sapele,Delta,11733.7,13764.7,1906.0,16854.4,1781.9,3170
DTSSAP03,Amukpe,Sapele,Delta,69827.7,71766.2,9807.0,81095.8,10207.1,12726
DTSGRA05,Mosogar 1,Ethiope West,Delta,50461.6,43082.8,5689.7,52666.8,6921.3,8332
DTSGRA02,Jesse 2,Ethiope West,Delta,12879.3,16495.1,2138.3,19011.6,1678.7,2945
NISKUT09,Gussoro / Zumba,Shiroro,Niger,33605.8,21936.9,4337.1,28154.2,6600.9,4795
ENSUDD21,Amokwe,Udi,Enugu,25546.6,26221.3,2890.1,29764.5,2716.5,4674
NISSRP07,Guni,Munya,Niger,19968.6,15294.9,3130.8,16342.9,4024.2,2663
ANSACA12,Ugbene,Awka North,Anambra,2864.6,2700.4,320.6,2658.4,329.0,415
NISSRP05,Fuka,Munya,Niger,16227.5,16369.9,3350.1,18939.5,3269.7,3074
EBSEDA03,Amaoso Etiti,Afikpo South,Ebonyi,23493.6,39403.4,5197.4,13286.2,6010.2,2472
EBSEDA07,Ndioke,Afikpo South,Ebonyi,22998.8,31118.6,4104.6,11032.4,5107.4,1975
NISSRP09,Kazai,Munya,Niger,18023.5,16795.9,3437.7,19506.0,3631.3,3168
DTSUGH11,Uwheru,Ughelli North,Delta,31711.0,26571.7,3445.8,45763.8,4389.4,9595
NISSRP06,Gini,Munya,Niger,10369.6,8728.9,1786.8,11338.9,2089.7,1862
KGSKAB06,Bolorunduro / Odoakete,Kabba/Bunu,Kogi,3264.7,3155.2,589.7,5572.7,649.9,1114
KGSKNA01,Abocho,Dekina,Kogi,43550.6,46952.8,8731.9,74931.8,7978.1,13631
NISPAK08,Kwakuti,Paikoro,Niger,13891.5,13824.6,2752.8,21667.8,2729.0,3562
EBSEDA05,Ebuwana,Afikpo South,Ebonyi,16093.6,18049.8,2348.3,6919.8,3487.4,1273
BNSBGT09,Ehaje 1,Ogbadibo,Benue,33548.1,33275.8,6286.9,46855.7,6172.0,6641
ANSAJL17,Okpeze,Orumba North,Anambra,4581.2,7378.9,807.3,6054.8,480.4,898
NISPAK02,Chimbi,Paikoro,Niger,14140.9,12624.4,2507.1,16328.4,2771.0,2644
EBSNCA14,Isi-Onicha,Onicha,Ebonyi,39135.6,47431.4,6083.1,22093.9,4889.9,3782
NISPAK06,Kafin Koro,Paikoro,Niger,30339.9,26956.1,5361.4,32644.6,5967.5,5372
NISSRP04,Daza,Munya,Niger,4684.7,5825.2,1181.1,6990.0,931.5,1133
EBSAKL07,Amagu Unuhu,Abakaliki,Ebonyi,2915.3,4357.0,692.8,4507.8,451.9,770
NISSRP02,Dandaudu,Munya,Niger,16303.7,16082.2,3288.7,21007.4,3282.7,3410
DTSKPE01,Adagbarassa,Okpe,Delta,4478.3,3581.9,454.9,5000.9,570.9,726
DTSKPE03,Aghalokpe,Okpe,Delta,7708.6,8517.8,1065.7,11324.4,1029.9,1670
DTSSKL01,Abraka 1,Ethiope East,Delta,40449.2,42444.0,5347.3,54005.5,5343.9,8585
DTSSAP09,Hausa,Sapele,Delta,9774.5,10779.3,1473.6,15974.1,1471.7,3137
DTSBKW09,Umukwata,Ukwuani,Delta,21737.6,20073.9,2481.7,24887.1,2728.2,3777
EDSABD05,Ugu,Orhionmwon,Edo,36965.3,40288.6,4963.6,46851.9,4485.8,7101
DTSUGH07,Orogun 2-Erhobaro,Ughelli North,Delta,23245.4,27595.0,3572.1,32926.4,2928.6,4942
EDSABD08,Urhonige North,Orhionmwon,Edo,22913.6,22848.1,2829.0,19628.0,2832.0,2979
DTSBKW03,Ebedei,Ukwuani,Delta,16623.1,16049.3,1984.2,15726.8,2016.5,2349
DTSBKW10,Umutu,Ukwuani,Delta,29609.3,24691.8,3052.6,23999.8,3866.0,3721
FCTKUJ09,Rubochi,Kuje,Fct,42804.0,70499.0,12254.5,14148.7,13579.6,2177
NASNTT10,Toto,Toto,Nasarawa,23515.9,26607.8,5362.5,18385.7,4737.2,3300
FCTABJ03,Ebagi,Abaji,Fct,1994.5,2522.3,463.2,1048.9,377.5,156
FCTKWL08,Wako,Kwali,Fct,28449.5,35686.6,6260.7,14470.9,5570.0,2191
FCTABJ09,South East,Abaji,Fct,11047.9,12527.4,2300.5,4967.7,2456.3,758
FCTKWL01,Ashara,Kwali,Fct,27280.7,25341.9,4445.9,11552.3,5077.9,1703
FCTKWL03,Gumbo,Kwali,Fct,24321.8,28682.9,5032.0,15054.0,4564.9,2230
FCTABJ06,North East,Abaji,Fct,27913.1,35245.6,6447.4,13177.9,6659.8,1991
FCTABJ08,Pandagi,Abaji,Fct,11777.1,14485.1,2646.6,5287.8,2303.8,780
KGSKNA03,Dekina,Dekina,Kogi,25635.6,27821.8,5283.0,23167.2,5012.9,4094
KGSKKF02,Chikara North,Kogi,Kogi,13435.5,14914.4,2841.0,7918.3,2778.7,1297
KGSKKF03,Chikara South,Kogi,Kogi,6024.4,8740.8,1714.8,5183.7,1159.6,854
NASNTT08,Shaffa-Kwatto,Toto,Nasarawa,2548.7,3876.3,784.0,2406.1,505.0,422
KN3404,Gwangwan,Rogo,Kano,35972.5,31687.7,6629.0,34643.8,7565.8,7154
KGSKKF10,Tawari,Kogi,Kogi,13055.3,15393.0,3021.9,9522.5,2549.7,1579
BNSPKG10,Okpoga South,Okpokwu,Benue,23946.2,23427.1,4532.8,15360.4,4547.6,2182
NASDMA01,Agbashi,Doma,Nasarawa,25057.9,24206.9,4818.3,22666.1,4932.9,3943
NASNTT12,Umaisha,Toto,Nasarawa,32834.6,22310.8,4512.5,14977.8,7958.5,2657
NASNTT11,Ugya,Toto,Nasarawa,3008.1,4121.9,833.7,1811.9,596.0,315
NASNTT06,Kenyehu,Toto,Nasarawa,9860.4,14505.5,2933.9,7264.4,1968.3,1262
KGSKKF01,Akpasu,Kogi,Kogi,11557.2,13800.0,2718.0,7266.2,2344.5,1202
NISGWU11,Tufa,Gurara,Niger,1495.3,1096.8,214.1,1132.2,287.6,183
NISGWU01,Bono,Gurara,Niger,7147.8,5818.5,1135.5,8679.4,1376.9,1423
NISGWU08,Lambata,Gurara,Niger,10716.2,12205.5,2382.0,12790.7,2100.2,2099
NISGWU05,Izom,Gurara,Niger,2967.7,2661.8,519.5,3433.2,582.5,556
NISGWU04,Gawu,Gurara,Niger,7912.3,6427.1,1254.3,6529.0,1525.9,1059
41811,Yanhoho,Kaita,Katsina,23802.2,19671.6,4124.5,19515.0,4938.4,3982
FCTGWA02,Dobi,Gwagwalada,Fct,69507.6,66170.8,11465.7,29847.1,14773.4,4463
FCTABJ04,Gawu,Abaji,Fct,64699.1,55855.3,10267.8,34615.6,12850.5,5131
FCTGWA04,Ibwa,Gwagwalada,Fct,55713.4,70093.0,12333.2,36410.0,11790.6,5469
FCTGWA07,Paiko,Gwagwalada,Fct,64024.7,62222.9,10772.0,28857.4,14494.5,4338
FCTKWL05,Kundu 1,Kwali,Fct,12830.5,13116.4,2301.1,6444.5,2501.5,957
FCTABJ05,Gurdi,Abaji,Fct,33687.9,33631.1,6040.4,13654.5,7192.4,2013
FCTKWL07,Pai,Kwali,Fct,44242.3,41758.3,6819.5,26357.2,9438.6,4035
FCTKWL02,Dafa,Kwali,Fct,18894.0,18138.1,3182.7,10506.1,3418.3,1567
FCTKWL06,Kwali,Kwali,Fct,43680.2,54024.8,9477.9,25732.0,9515.2,3940
FCTKWL09,Yangoji,Kwali,Fct,25241.0,30316.3,5318.6,16462.9,5033.5,2461
KGSBAS08,Mzum,Bassa,Kogi,8918.9,7669.5,1485.0,3620.9,1858.1,595
KGSKNA05,Emewe,Dekina,Kogi,13690.2,17076.4,3176.3,31079.8,2503.7,5756
KGSKNA10,Ogbabede,Dekina,Kogi,14943.2,22690.6,4260.8,29309.7,2749.4,5202
KGSKFU02,Aloji,Ofu,Kogi,12161.4,17343.0,3292.5,22399.7,2264.7,3838
KGSKFU07,Ochadamu,Ofu,Kogi,46811.8,41275.4,7870.2,56054.7,9006.3,10403
BNSPKG04,Ichama 2,Okpokwu,Benue,17845.7,16201.3,3076.2,16275.3,3365.1,2301
KGSBAS05,Gboloko,Bassa,Kogi,25343.1,23859.3,4543.4,22394.3,4845.1,3788
ANSAAH05,Igbariam,Anambra East,Anambra,4334.3,12870.4,1495.1,12605.0,492.6,1910
KGSKFU03,Ejule / Ala,Ofu,Kogi,45354.2,41547.0,7963.0,48089.9,8982.8,8788
KGSAJK06,Odolu,Igalamela-Odolu,Kogi,5877.8,6890.9,1211.7,17325.0,1012.0,2894
ANSAAH04,Eziagulu Otu,Anambra East,Anambra,1835.1,18376.3,2266.4,4958.2,227.4,827
ANSNKK04,Igbakwu,Ayamelum,Anambra,960.0,16191.9,1981.5,3688.0,255.4,586
EBSZLL03,Amaezu / Amaelu,Ishielu,Ebonyi,4465.3,4277.8,694.7,5394.7,700.3,922
ANSNKK01,Anaku,Ayamelum,Anambra,12522.9,33444.0,4068.2,9321.8,2556.4,1512
ANSNZM08,Umuem,Anambra West,Anambra,23836.3,27836.5,3442.8,9195.6,3675.9,1412
10310,Kasugula,Bama,Borno,21529.1,28875.0,5505.6,33284.0,6095.8,6323
10311,Shehuri,Bama,Borno,19226.2,65836.9,12664.6,45544.9,8294.2,8476
CRSBRA04,Iyami,Obubra,Cross River,21904.5,26512.2,3525.2,18375.7,2932.3,2243
NASNSW15,Tunga Bakono,Nasarawa,Nasarawa,23518.8,11540.8,2212.8,34436.5,4463.5,6123
NASLFA02,Agyaragu Tofa,Lafia,Nasarawa,36436.6,36497.5,6875.2,44616.1,6766.2,7912
NASDMA09,Sabon-Gari,Doma,Nasarawa,12271.5,12249.6,2437.3,13477.8,2594.8,2386
NASNSW01,Akum,Nasarawa,Nasarawa,7678.5,9346.4,1779.7,15531.9,1433.5,2822
OSSOLA05,Oba-Oke,Olorunda,Osun,13069.0,10413.9,1302.8,14256.3,1583.4,1861
OSSORU03,Ega-Aaje / Osun-Eesa,Orolu,Osun,33624.4,36954.2,4666.3,23377.5,4859.9,3080
OSSEDE06,Ido Osun,Egbedore,Osun,57451.0,62419.7,7558.9,56860.2,7985.6,7515
OSSEDE10,Olorunsogo / Offatedo,Egbedore,Osun,76351.6,98327.2,11895.7,140830.1,10779.4,18429
ENSMGL03,Ihuokpora,Nkanu East,Enugu,9807.2,7956.5,956.4,8459.1,1124.3,1313
IMSNGN05,Ihitte / Umukabia,Ngor-Okpala,Imo,10353.1,15322.8,1767.0,13453.1,1159.9,2067
IMSNWA16,Umuebo / Oha,Mbatoli,Imo,10070.8,9455.2,1131.9,11807.7,1169.4,1697
IMSEBM03,Egbema A,Ohaji/Egbema,Imo,30920.9,30028.8,3753.2,28150.8,3824.6,4303
KN0309,Sare-Sare,Bagwai,Kano,26055.1,21870.5,4556.1,26480.2,5356.3,4907
ABSSSM07,Amavo-Nkworgu,Osisioma Ngwa,Abia,4328.0,4427.8,546.1,3987.2,523.0,643
IMSKWE10,Owerre Okwe,Onuimo,Imo,22558.3,24272.5,2776.1,8239.4,3212.5,1183
ABSUNC06,Eziama Ugwu,Umu-Nneochi,Abia,4405.2,2549.3,290.7,3869.6,497.6,630
IMSDFB12,Umuchima,Ideato South,Imo,4146.0,3793.8,434.0,4695.3,456.3,672
12705,Gwaskara,Shani,Borno,8359.9,6031.4,1241.6,8328.7,1727.1,1231
ABSUNC13,Obinolu / Obiagu / Lomara,Umu-Nneochi,Abia,8198.6,4919.3,560.0,4775.8,910.8,770
ANSAJL09,Ndikelionwu,Orumba North,Anambra,8438.2,3200.9,349.4,7422.0,893.3,1097
ABSUNC11,Lokpaukwu,Umu-Nneochi,Abia,20059.7,10179.7,1158.8,17299.4,2221.7,2813
IMSEBM07,Egbema E,Ohaji/Egbema,Imo,5168.5,5302.3,662.7,4396.0,626.4,656
IMSUMG11,Okolochi,Owerri West,Imo,9559.8,8960.7,1022.7,14572.8,1053.2,2317
EBSBKL02,Amuzu,Izzi,Ebonyi,30795.7,22310.2,3987.1,40077.6,5470.0,6847
ABSMBL03,Amaiyiobiliohia / Nunya,Isuikwuato,Abia,2867.5,2206.8,216.5,2449.6,269.8,395
IMSEBM05,Egbema C,Ohaji/Egbema,Imo,9933.8,12171.2,1521.1,12704.0,1203.9,1821
IMSKED13,Ugirike,Ikeduru,Imo,17470.4,8095.9,937.6,17225.8,1937.6,2471
EBSNCA25,Umuechuma,Onicha,Ebonyi,11490.3,13863.9,1778.0,9748.1,1425.1,1680
ABSGWB05,Ihie Obeaku 9,Ugwunagbo,Abia,15617.9,13492.4,1651.6,7395.5,1940.3,1193
10312,Soye,Bama,Borno,64388.3,78618.9,15198.8,13897.9,15117.6,2027
KN3606,Magami,Sumaila,Kano,50524.6,37420.8,7506.6,44458.9,10712.8,9237
ABSNGK10,Mgboko Itungwa,Obi Nwga,Abia,16991.4,16844.8,1998.6,32360.8,1951.3,5230
ABSKEK14,Umuigube Achara,Ukwa East,Abia,14536.1,9075.0,1128.5,16878.1,1722.1,2734
41002,Madobi A,Daura,Katsina,21777.6,19048.9,3889.8,13851.3,5580.7,3299
ANSAJL14,Ndiukwuenu,Orumba North,Anambra,2902.8,5019.6,548.2,4740.0,307.1,721
IMSNGB12,Ozara,Oru West,Imo,14676.0,16649.4,1975.2,18411.6,1687.3,2642
IMSNGN09,Obiangwu,Ngor-Okpala,Imo,21403.3,8396.5,972.9,23762.0,2383.9,3434
ABSUNC02,Amorie,Umu-Nneochi,Abia,11822.5,19207.9,2186.6,11542.2,1340.5,1911
ABSNGK05,Akpaa Mbato,Obi Nwga,Abia,5581.9,7471.6,882.4,13537.5,639.2,2191
IMSTTK12,Umungwa,Obowo,Imo,24802.0,29072.1,3554.8,20196.7,3216.3,2966
IMSUMG09,Obinze,Owerri West,Imo,14101.0,14070.2,1784.1,46327.1,1730.0,7735
12710,Shani,Shani,Borno,38782.1,40699.7,8414.5,44922.8,8018.6,6792
ABSGWB01,Abayi Mbasaa,Ugwunagbo,Abia,18258.6,17261.5,2126.4,10457.8,2205.2,1687
IMSURU02,Ezemazu,Ideato North,Imo,16683.0,18066.1,2083.8,19922.4,1854.8,2857
EBSBZR11,Obioha,Ohaozara,Ebonyi,7599.6,4360.2,542.7,4444.4,1023.1,759
ANSAJL18,Omogho,Orumba North,Anambra,5444.8,992.6,108.4,5341.5,576.4,792
ABSUNC04,Aroikpa,Umu-Nneochi,Abia,17880.8,24439.9,2782.2,16058.4,2004.8,2593
ABSUMA14,Oriendu,Umuahia North,Abia,15227.9,7678.3,851.5,13988.0,1657.7,2428
EBSAFK34,Ozizza,Afikpo North,Ebonyi,3772.3,3438.7,388.8,1902.6,555.5,355
EBSAKL05,Amachi Ndiegu,Abakaliki,Ebonyi,22721.7,45444.9,6945.8,20963.6,3395.6,3581
ANSAWK13,Mbaukwu,Awka South,Anambra,14522.5,36940.1,3918.1,21217.8,1489.5,3136
ABSKEK12,Ohambele,Ukwa East,Abia,5443.9,5354.2,669.6,4684.8,663.1,781
IMSURU12,Owerre / Akwu,Ideato North,Imo,2058.4,2197.0,262.4,2350.4,237.9,337
ABSMBA11,Ngwaobi,Isiala-Ngwa South,Abia,7075.6,6534.1,793.9,4990.1,834.2,805
ABSUNC08,Lekwesi,Umu-Nneochi,Abia,20025.2,8402.6,956.5,12242.5,2232.6,1977
IMSAWD05,Eziawa,Orsu,Imo,8969.9,8821.6,1044.5,15509.8,1026.6,2233
IMSNGN03,Amala / Ntu,Ngor-Okpala,Imo,13959.7,26972.5,3110.4,20735.0,1552.0,3175
IMSNWA17,Umunoha / Azara / Awo,Mbatoli,Imo,15378.2,14666.4,1754.4,20297.3,1778.4,2963
10307,Dipchari,Bama,Borno,8827.9,10484.3,2033.9,1004.7,1991.1,144
IMSTTK03,Amanze,Obowo,Imo,12584.9,15432.2,1824.9,10319.3,1611.1,1532
ABSSSM04,Amasator,Osisioma Ngwa,Abia,21077.7,20283.5,2480.6,33989.0,2528.7,5586
IMSEHM05,Umuakagu,Ehime-Mbano,Imo,17660.7,23510.1,2828.2,21869.9,2051.6,3142
IMSNGN01,Eziama,Ngor-Okpala,Imo,23028.6,7790.6,903.6,20725.5,2626.1,3110
IMSTTK05,Avutu,Obowo,Imo,15597.3,15002.8,1851.1,12315.8,2011.6,1789
40303,Darini Magaji Abu,Batsari,Katsina,22885.9,27407.9,5849.5,19339.0,4811.5,3829
ABSKKE24,Ogwe,Ukwa West,Abia,13988.1,9671.6,1159.8,14981.0,1628.6,2437
ABSMBA15,Osokwa,Isiala-Ngwa South,Abia,7466.6,11454.9,1380.2,8953.6,871.3,1444
IMSUMG01,Amakohia Ubi / Ndegwu,Owerri West,Imo,13444.5,14240.1,1744.3,37166.5,1592.1,5617
11103,Bulabulin,Gwoza,Borno,42191.1,99973.9,19114.4,41773.7,13116.0,7452
IMSABB11,Mbutu Nweorie,Aboh-Mbaise,Imo,7136.7,1238.6,142.8,7163.8,793.5,1027
ABSGWB09,Obeaja / Ward Two,Ugwunagbo,Abia,7869.5,7860.0,971.5,4654.6,948.3,751
IMSEBM09,Ekwuato,Ohaji/Egbema,Imo,35086.1,32635.0,4079.0,37660.4,4296.8,5914
IMSRLU04,Amike / Eziachi,Orlu,Imo,25745.0,23552.2,2700.0,28783.3,2857.3,4129
IMSTTK07,Odenkume,Obowo,Imo,9555.2,7457.9,917.5,7749.4,1244.0,1138
ABSKPU20,Umuomainta,Isiala-Ngwa North,Abia,17380.1,18325.4,2113.3,18962.7,1947.1,3076
IMSUML04,Ekwedim,Isiala Mbano,Imo,11293.8,15461.6,1865.7,12801.1,1363.2,1849
IMSRLU06,Ihiteowerre,Orlu,Imo,4771.3,4313.4,510.7,7408.0,546.1,1064
ANSZBL05,Ibolo,Ekwusigo,Anambra,47867.4,50740.1,5675.0,42259.8,5458.7,6261
IMSUMG05,Ihiagwa,Owerri West,Imo,9540.0,7517.2,953.7,25263.8,1170.4,4302
IMSNGN11,Ohekelem / Nnorie,Ngor-Okpala,Imo,14735.8,7243.5,835.3,15458.3,1648.0,2246
ANSZBL07,Ifite,Ekwusigo,Anambra,31732.1,28948.8,3245.0,24196.7,3653.4,3583
JI0708,Medu,Gagarawa,Jigawa,9679.6,9331.4,1880.6,13002.5,1928.2,2868
ABSMBL11,Isunabo,Isuikwuato,Abia,10539.9,9846.5,965.9,11270.7,995.6,1867
IMSKED03,Amaimo / Umuri-Okwu,Ikeduru,Imo,13071.3,14501.7,1647.6,13364.5,1428.1,1925
IMSEBM13,Umuagwo / Umukene / Etioha,Ohaji/Egbema,Imo,36570.8,25613.8,3203.1,41753.1,4512.0,6546
KWSBDU14,Oloru,Moro,Kwara,11992.4,12881.4,2264.5,23260.0,2062.2,4014
IMSNSA09,Ihebinowere,Njaba,Imo,10643.2,9592.8,1082.8,16277.1,1167.9,2350
IMSNWA05,Ezi,Mbatoli,Imo,44265.2,39576.8,4726.7,57395.9,5170.0,8513
KWSBDU01,Abati Alara,Moro,Kwara,16186.6,16791.4,2899.4,22125.5,2730.0,3786
IMSTTK09,Umuariam,Obowo,Imo,5162.1,5101.6,629.5,5212.6,622.8,759
81104,Birnin Yero,Shinkafi,Zamfara,10950.0,15733.7,3193.0,8006.9,2768.9,1443
ABSGWB12,Umuada / Ward Five,Ugwunagbo,Abia,5759.1,7997.7,988.5,4331.8,691.1,699
IMSKGE14,Umulolo,Okigwe,Imo,24640.6,21281.1,2414.7,22775.8,2773.6,3322
IMSKED01,Eziama Ward,Ikeduru,Imo,3708.5,6185.4,688.3,4663.1,397.3,678
KWSBDU11,Malete,Moro,Kwara,7931.4,13001.7,2285.7,14918.2,1362.3,2522
KWSBDU16,Shao,Moro,Kwara,12331.9,12606.5,2216.2,13330.0,2118.2,2291
IMSTTK08,Okwuohia,Obowo,Imo,17161.0,16554.0,1978.1,10758.1,2296.3,1551
ABSGWB15,Umugo / Ward Eight,Ugwunagbo,Abia,39920.8,38117.0,4314.0,15878.2,5011.9,2561
IMSNKR10,Umudi,Nkwerre,Imo,9349.2,9883.2,1099.8,5935.6,1070.6,851
ABSKEK06,Ikwuriato West,Ukwa East,Abia,6812.4,7812.4,968.6,6082.1,826.1,981
ABSKPU18,Umunna Nsulu / Agburuezeukwu,Isiala-Ngwa North,Abia,8736.6,8030.1,926.0,14614.0,975.0,2400
ABSAPR09,Ohiocha,Umuahia South,Abia,19452.6,11903.8,1271.5,13268.7,2412.6,2179
KWSBDU04,Babadudu,Moro,Kwara,4055.3,2537.3,446.1,11588.8,696.5,1961
IMSUML11,Osuama,Isiala Mbano,Imo,17116.9,19429.3,2377.9,12579.4,2298.4,1837
ABSKPU06,Amano Nsulu,Isiala-Ngwa North,Abia,19260.7,11913.6,1293.3,18899.3,2046.2,3063
IMSAFR15,Otulu / Aguneze,Ahiazu-Mbaise,Imo,17164.4,24059.0,2881.4,19100.3,2010.6,2750
ABSAPR12,Ubakala A,Umuahia South,Abia,43711.0,51623.9,5517.2,42215.4,4950.2,7077
ABSMBL17,Umuanyi / Absu,Isuikwuato,Abia,9930.8,10007.0,995.4,8175.9,947.7,1362
ABSKEK04,Ikuorie,Ukwa East,Abia,9873.2,11777.6,1472.9,10017.2,1194.8,1631
IMSETU02,Chokoneze / Akpodim,Ezinihitte,Imo,36283.6,25335.4,2885.2,19876.4,4203.9,2864
ABSKKE27,Ozaa West,Ukwa West,Abia,13866.3,14206.5,1699.7,19503.4,1606.7,3248
ANSHAL19,Umuoma Ward 3 Uli,Ihiala,Anambra,25090.6,9934.8,1106.9,28091.7,2707.1,4170
IMSIHI08,Ezimba,Ihitte/Uboma,Imo,4237.7,3096.8,336.8,2552.3,442.7,368
IMSNKR14,Umuwala,Nkwerre,Imo,9989.1,8357.5,946.4,9027.4,1150.8,1301
IMSUMG06,Irete,Owerri West,Imo,13091.3,13984.0,1774.1,53416.3,1606.1,8414
ANSUKP11,Osumenyi Iiii,Nnewi South,Anambra,36572.0,34422.1,3652.4,41713.4,3766.2,6196
EKSMBA05,Ikun 1,Moba,Ekiti,36556.3,47386.7,5851.7,21368.8,7968.2,3584
IMSUMG14,Umuguma,Owerri West,Imo,10260.7,11957.5,1517.0,39018.4,1258.8,6146
IMSNGB11,Otulu,Oru West,Imo,37601.1,34411.1,3967.1,56018.1,4199.9,8092
DTSJRT05,Jeremi 1,Ughelli South,Delta,7241.0,8768.2,1153.9,8205.3,1033.7,1264
IMSKED12,Ngugo-Ikembra,Ikeduru,Imo,4212.8,5949.2,662.0,4991.4,451.4,720
KWSARP02,Isapa,Ekiti,Kwara,3416.9,3438.9,636.4,2975.0,625.2,514
ABSMBL02,Achara,Isuikwuato,Abia,15159.7,11664.9,1145.2,13710.2,1432.3,2264
IMSUML09,Oka,Isiala Mbano,Imo,13253.1,15419.7,1794.2,11862.4,1500.0,1706
ANSAJL13,Ndiowu,Orumba North,Anambra,11983.0,1449.9,158.3,13193.9,1268.6,1952
ABSUNC14,Obinulo / Uhude / Umuogbokocha,Umu-Nneochi,Abia,10651.8,18255.3,2078.1,11471.3,1206.1,1880
ABSKPU10,Ihie,Isiala-Ngwa North,Abia,12783.2,7567.2,869.5,10129.0,1427.0,1635
IMSAFR03,Isiala Oparanadim,Ahiazu-Mbaise,Imo,6996.3,2674.5,316.8,5467.7,795.6,783
IMSEBM04,Egbema B,Ohaji/Egbema,Imo,12449.5,12284.9,1535.4,12753.4,1552.1,1925
ABSGWB06,Ihie Ukwu / Ward Nine,Ugwunagbo,Abia,5836.7,4211.4,519.0,3223.7,724.1,520
IMSKGE04,Amuro,Okigwe,Imo,7967.5,5471.1,630.4,4239.1,1089.3,608
ANSAWK12,Isiagu / Ezinator,Awka South,Anambra,5650.9,14400.4,1536.6,9008.9,584.4,1333
EBSAKL18,Okpuitumo Ndiebor,Abakaliki,Ebonyi,11126.2,13039.6,2073.4,16432.1,1724.7,2807
EBSAKL03,Amachi Ndiebor,Abakaliki,Ebonyi,2312.7,1676.4,271.0,3861.3,362.5,660
KD1909,Samaru,Sabon Gari,Kaduna,17528.7,21378.0,3688.6,24624.7,3447.3,5635
IMSUMD03,Amauju,Isu,Imo,4827.4,4700.8,527.0,3047.9,557.2,437
IMSRLU10,Okporo Ohafor,Orlu,Imo,21920.6,22334.3,2483.5,37974.2,2348.7,5474
IMSGUA06,Mgbala / Uba,Oguta,Imo,14523.5,15759.3,1868.7,20717.7,1677.3,3406
IMSURU19,Uzii / Umualoma,Ideato North,Imo,23653.8,23654.7,2824.7,28577.0,2736.1,4104
IMSKED16,Uzoagba,Ikeduru,Imo,31361.4,31041.1,3454.5,35055.3,3366.3,5090
IMSUMG10,Oforola,Owerri West,Imo,9387.6,9708.2,1214.9,13913.9,1139.3,2065
KWSARP08,Opin,Ekiti,Kwara,17799.4,18891.6,3233.4,15767.9,3004.7,2812
ABSUNC03,Amuda,Umu-Nneochi,Abia,9247.8,15184.3,1728.5,9092.4,1038.8,1471
IMSWER09,Gra,Owerri Municipal,Imo,6058.0,4287.0,519.9,16711.7,696.7,2433
KWSARP01,Eruku,Ekiti,Kwara,7471.8,2519.5,424.1,9310.6,1225.1,1754
KWSARP06,Obbo-Ile,Ekiti,Kwara,6118.7,7488.6,1260.6,6164.5,1002.9,1072
ABSGWB02,Amapu Ideobia / Ward Three,Ugwunagbo,Abia,1253.4,1438.2,177.8,617.8,150.2,100
ABSKEK11,Obohia,Ukwa East,Abia,5418.8,5465.9,683.6,4922.5,668.2,799
IMSUMG12,Okuku,Owerri West,Imo,3787.3,4905.1,622.3,16488.3,464.6,2499
BNSDKP05,Idekpa,Ohimini,Benue,11988.2,12661.6,2472.2,15447.5,2347.5,2442
ABSUNC05,Eziama Agbor,Umu-Nneochi,Abia,13733.9,8279.4,945.2,11573.5,1557.8,1879
IMSKWE05,Ofeahia Umuduru,Onuimo,Imo,9655.9,2580.7,295.2,2660.8,1359.5,381
EBSAKL12,Edda Ndiegu,Abakaliki,Ebonyi,16343.3,22809.4,3626.9,26012.5,2533.4,4446
ANSUKP01,Akwauhtedi,Nnewi South,Anambra,6619.8,5892.4,632.4,7843.9,693.1,1159
ABSMBL04,Eluama,Isuikwuato,Abia,30042.3,29012.7,2870.4,27058.4,2860.0,4474
BNSGKP08,Ofoke,Apa,Benue,10961.3,13031.4,2640.3,9472.9,2185.2,1404
IMSTTK02,Alike,Obowo,Imo,18745.3,19248.6,2374.9,20093.9,2270.6,2933
ABSKEK13,Ohuru Mkporobe,Ukwa East,Abia,15020.1,14540.7,1809.2,11966.4,1813.2,1930
EBSAKL19,Okpuitumo Ndiegu,Abakaliki,Ebonyi,8218.3,8690.4,1381.9,9147.1,1273.9,1562
ABSKPU08,Amasa Ntigha,Isiala-Ngwa North,Abia,16299.0,36273.2,4183.1,16443.1,1817.8,2703
ABSKKE23,Obuzor,Ukwa West,Abia,13852.9,13563.8,1622.8,19401.1,1605.2,3178
IMSNWA14,Orodo C,Mbatoli,Imo,23227.6,24669.8,2896.6,26554.2,2678.3,3823
ABSUNC09,Leru,Umu-Nneochi,Abia,5717.8,6952.4,791.4,6570.2,631.6,1073
ABSUNC18,Umudim / Uhuloghu,Umu-Nneochi,Abia,11981.9,21994.5,2503.8,14958.6,1328.1,2478
IMSKWE04,Ezuhu / Okohia,Onuimo,Imo,12715.1,8287.5,947.9,4164.1,1746.7,596
IMSKED08,Avuvu,Ikeduru,Imo,14324.2,10087.4,1122.5,17413.2,1535.6,2515
IMSUML05,Ibeme,Isiala Mbano,Imo,6830.5,7893.1,946.0,6288.2,795.3,901
IMSABB10,Mbutu,Aboh-Mbaise,Imo,4625.1,2690.6,314.3,2795.4,520.4,400
IMSEHM10,Umuezeala Ama,Ehime-Mbano,Imo,21754.5,6855.6,821.7,18221.4,2551.2,2662
IMSABB07,Ibeku,Aboh-Mbaise,Imo,15120.6,13455.2,1577.5,16358.7,1722.0,2367
IMSURU15,Umuago,Ideato North,Imo,9270.3,9067.5,1038.0,9752.4,1020.9,1397
IMSUML07,Obollo,Isiala Mbano,Imo,21634.7,25131.6,3012.2,21614.9,2521.0,3108
DTSGWK02,Agiadiasi,Aniocha South,Delta,88584.6,87221.8,12130.4,101764.7,11906.2,15254
EBSBZR14,Uhuotaru Ugwulangwu,Ohaozara,Ebonyi,21655.3,16594.9,2080.1,8410.6,2663.4,1437
ABSMBA16,Ovungwu,Isiala-Ngwa South,Abia,21256.6,26634.4,3191.0,26294.7,2471.6,4241
IMSUMG04,Eziobodo,Owerri West,Imo,10714.3,7777.5,986.7,30389.2,1314.5,4981
IMSMGD03,Akuma,Oru East,Imo,13169.0,15740.0,1777.2,24113.2,1431.6,3464
KN0407,Gwarmai,Bebeji,Kano,36657.3,44079.3,8819.0,51693.6,7861.3,13244
IMSRLU07,Mgbee / Umuokpara / Orlu Town,Orlu,Imo,39352.7,42925.2,5197.7,38734.4,4800.3,5596
IMSABB05,Enyiogugu,Aboh-Mbaise,Imo,38769.0,32892.9,3851.6,42519.3,4382.7,6216
IMSIHI01,Abueke,Ihitte/Uboma,Imo,14082.0,15183.7,1769.1,12747.1,1653.5,1876
IMSEBM12,Ohoba / Umunwaku,Ohaji/Egbema,Imo,25417.5,27741.4,3477.4,42837.6,3089.2,6641
ABSKPU07,Amapu Ntigha,Isiala-Ngwa North,Abia,15445.2,37241.8,4123.8,16133.6,1678.3,2693
IMSABB14,Umuhu,Aboh-Mbaise,Imo,15870.6,19969.2,2341.2,15607.0,1799.5,2243
IMSUML14,Umuneke-Ugiri,Isiala Mbano,Imo,10263.4,11785.6,1412.6,8819.3,1208.1,1268
ABSKEK01,Akwete Ohandu,Ukwa East,Abia,17813.9,13263.0,1658.3,12654.6,2388.3,2220
ABSABA15,Okporo Enyi,Aba South,Abia,26306.6,36052.9,3841.4,12019.0,3413.8,1939
ABSMBA07,Ehi-Na-Uguru,Isiala-Ngwa South,Abia,8433.1,7084.9,852.2,11259.6,980.5,1816
IMSABB03,Amuzu,Aboh-Mbaise,Imo,25072.8,15324.0,1796.6,15026.4,2851.4,2153
IMSIHI07,Awuchinumo,Ihitte/Uboma,Imo,10153.8,11646.9,1377.5,7575.6,1201.8,1107
ABSMBL12,Ndundu,Isuikwuato,Abia,1698.8,1151.6,131.1,2130.0,187.0,347
IMSEHM13,Umunakanu,Ehime-Mbano,Imo,24391.8,19514.9,2346.4,23048.1,2838.5,3318
ANSNSH11,Umuaroli,Onitsha North,Anambra,4167.3,1442.4,164.3,10157.9,459.6,1751
RVSAHD11,Aheward 11,Ahoada East,Rivers,17477.9,18311.7,2286.5,18534.2,2389.1,3085
IMSKGE09,Ogii,Okigwe,Imo,18195.0,23873.8,2676.5,14230.0,1989.3,2044
ANSAJL01,Ajalli,Orumba North,Anambra,5584.3,858.8,93.7,7964.2,591.2,1180
ABSMBL14,Oguduasa / Acha / Amachara,Isuikwuato,Abia,12501.3,10994.4,1078.5,10701.5,1226.8,1803
IMSNKR11,Umukor,Nkwerre,Imo,28607.3,28880.8,3472.3,28344.9,3468.1,4120
IMSUML10,Osu-Achara,Isiala Mbano,Imo,7031.2,7038.2,843.6,6339.8,823.3,910
RVSAHD05,Aheward 5,Ahoada East,Rivers,17802.5,19647.1,2479.0,15756.2,2386.5,2389
IMSNGN02,Alulu / Obokwe / Oburu,Ngor-Okpala,Imo,13665.6,15239.1,1757.4,14199.3,1519.6,2088
KGSAJK03,Akpanya,Igalamela-Odolu,Kogi,12091.2,10860.5,1404.4,16842.1,1603.1,2783
ABSMBL16,Ugwuele / Ngodo,Isuikwuato,Abia,7307.8,4933.1,485.7,7230.3,695.8,1202
IMSIHI11,Onicha Uboma,Ihitte/Uboma,Imo,2161.3,1646.0,196.3,863.1,266.7,124
KGSAJK04,Avrugo,Igalamela-Odolu,Kogi,2961.1,5735.8,760.9,4597.1,401.0,762
IMSEBM14,Umuapu / Ihie,Ohaji/Egbema,Imo,15622.1,9245.4,1155.6,20358.2,1902.8,3295
ABSKEK05,Ikwueke West,Ukwa East,Abia,8164.1,8601.8,1075.8,6616.5,1021.7,1086
IMSETU03,Eziagbogu,Ezinihitte,Imo,18780.4,20590.3,2375.9,16890.9,2103.1,2423
IMSNGN16,Umuohiagu / Logara,Ngor-Okpala,Imo,22053.1,11426.9,1331.9,20216.9,2464.6,2907
KGSAJK09,Ojiaji,Igalamela-Odolu,Kogi,3778.9,2951.6,519.0,6595.1,615.9,1085
ABSMBA01,Aku-Na-Ekpu,Isiala-Ngwa South,Abia,16745.8,8133.7,957.6,22365.6,1908.4,3639
IMSKED04,Amakohia Ward,Ikeduru,Imo,29513.2,23446.8,2609.0,34418.6,3162.2,4965
IMSIHI09,Ikperejere,Ihitte/Uboma,Imo,33230.7,35720.1,4239.7,25462.7,4077.9,3709
ANSACA13,Ugbenu,Awka North,Anambra,6974.6,10440.3,1207.2,6566.6,780.3,976
ENSMGL14,Nomeh,Nkanu East,Enugu,9195.3,12905.8,1530.0,8740.9,1046.6,1357
ABSKEK03,Azumini,Ukwa East,Abia,10763.2,21927.5,2735.5,8582.3,1358.0,1413
IMSETU01,Amumara,Ezinihitte,Imo,46852.8,34250.5,3883.2,24801.7,5280.9,3572
RVSBER04,Omward 4,Omumma,Rivers,6047.2,4322.3,498.4,3175.8,685.3,413
IMSNKR02,Eziama-Obaire,Nkwerre,Imo,10011.4,9241.3,1028.3,6365.3,1131.3,912
ABSNGK14,Ntighauzor,Obi Nwga,Abia,8394.4,4707.8,556.5,16961.7,961.9,2804
ABSUMA13,Okaiuga-Alike,Umuahia North,Abia,11114.8,6533.6,724.6,13670.9,1195.2,2394
ABSGWB10,Obegu / Ward One,Ugwunagbo,Abia,13394.1,15761.4,1948.1,9603.1,1624.0,1551
ANSAJL10,Ndiokolo,Orumba North,Anambra,1822.5,3055.9,333.6,2334.9,192.9,345
IMSGUA02,Egwe / Egbuoma,Oguta,Imo,29945.5,21267.6,2464.0,36964.0,3310.8,5366
RVSBER07,Omward 7,Omumma,Rivers,17050.2,19130.5,2288.7,26762.0,1980.4,3550
ABSKEK10,Obeaku,Ukwa East,Abia,5532.2,6909.9,856.3,3570.8,670.1,578
ANSUMZ02,Akpu,Orumba South,Anambra,1020.1,673.3,77.5,906.7,113.6,134
RVSABU11,Aboward 11,Abua/Odual,Rivers,15069.7,41898.3,4989.8,11340.4,4303.9,1847
IMSKWE03,Eziama Ward / Aboh Umuduru,Onuimo,Imo,9484.1,13594.3,1554.8,4066.7,1329.2,587
ANSUMZ18,Umuomaku,Orumba South,Anambra,12128.7,7206.4,829.1,10459.8,1355.0,1562
ANSZBL02,Anaubeahu,Ekwusigo,Anambra,18387.0,22356.0,2472.5,20577.7,2059.1,3049
IMSABB04,Egbelu Umuhu,Aboh-Mbaise,Imo,26545.5,23984.8,2812.0,13964.0,3011.5,2000
IMSKGE03,Aku,Okigwe,Imo,23761.1,17029.4,1909.3,17403.2,2630.5,2515
IMSDFB13,Umueshi / Amanator,Ideato South,Imo,14307.2,14118.1,1792.5,5279.2,1940.7,756
IMSDFB11,Umuakam / Umuagor,Ideato South,Imo,11989.0,12477.1,1582.6,5691.3,1603.7,815
IMSDFB06,Ntueke,Ideato South,Imo,5913.9,5335.8,678.1,2065.6,806.1,296
RVSBER10,Omward 10,Omumma,Rivers,8727.6,8591.6,990.7,5806.1,995.7,763
IMSEHM06,Umualumaku / Umuihim,Ehime-Mbano,Imo,18273.8,18152.7,2184.0,23734.2,2125.2,3447
IMSTTK06,Ehume,Obowo,Imo,30669.1,36181.3,4464.1,28313.2,3777.9,4201
IMSETU09,Obizi,Ezinihitte,Imo,15247.3,16934.5,1920.1,11534.3,1744.4,1689
ABSKEK02,Amakam Akwete,Ukwa East,Abia,7610.2,6950.1,869.2,5694.5,945.0,941
IMSDFB10,Ugbelle,Ideato South,Imo,3808.4,3863.8,491.0,1503.6,539.5,215
IMSRLU01,Amaifeke Ezioha,Orlu,Imo,4109.1,4364.3,509.9,9351.2,462.6,1362
IMSKGE13,Umualumoke,Okigwe,Imo,5580.0,6817.1,764.3,4611.5,605.4,660
IMSNWA12,Orodo A,Mbatoli,Imo,10940.8,10136.4,1213.4,13273.0,1266.1,1905
RVSMHA10,Emward 10,Emuoha,Rivers,4956.0,7098.9,912.6,7215.9,620.8,1248
RVSMHA11,Emward 11,Emuoha,Rivers,18128.2,25969.5,3412.3,18037.8,2836.3,3306
RVSMHA02,Emward 2,Emuoha,Rivers,6834.1,6236.2,738.6,14184.8,797.5,2507
RVSMHA04,Emward 4,Emuoha,Rivers,24624.7,24739.8,3237.5,19402.2,4006.5,3046
IMSNGN10,Obike,Ngor-Okpala,Imo,17015.4,23865.0,2752.1,22607.1,1891.8,3411
IMSUMG02,Avu,Owerri West,Imo,9188.5,8713.3,1105.4,26939.7,1127.3,4026
IMSKWE02,Ezelu Okwe,Onuimo,Imo,15880.9,37799.7,4330.2,7285.8,2224.9,1043
IMSKWE11,Ozoimo Umuanumeze,Onuimo,Imo,9226.8,11231.7,1284.6,4031.9,1308.8,577
IMSNKR12,Umunachi / Umunnubo / Nkwerre 4,Nkwerre,Imo,6962.9,6601.3,737.7,4545.6,814.2,651
IMSETU07,Ihitte,Ezinihitte,Imo,24541.1,15876.5,1813.0,16933.2,2722.9,2426
IMSKWE06,Okohia Umuduru,Onuimo,Imo,7134.4,6339.8,757.1,6158.5,824.2,882
IMSUML03,Anara,Isiala Mbano,Imo,36952.9,43623.9,5249.8,32033.8,4454.9,4602
RVSKHE05,Akwa / Odogwa,Etche,Rivers,5793.3,7317.4,869.7,8151.2,669.7,1152
IMSEBM02,Awara / Ikwerede,Ohaji/Egbema,Imo,16591.8,18565.4,2320.4,24786.5,2029.5,4159
IMSEBM10,Obile / Assa,Ohaji/Egbema,Imo,4785.6,5190.3,648.7,7352.5,580.0,1278
IMSEBM06,Egbema D,Ohaji/Egbema,Imo,26531.5,30357.4,3794.3,40542.1,3221.3,6559
RVSKHE03,Egbu / Ihie,Etche,Rivers,21493.8,22067.4,2622.7,22534.8,2634.9,3410
ABSUNC19,Umuobasi,Umu-Nneochi,Abia,7778.9,15849.0,1839.2,8487.1,877.7,1385
RVSAHD06,Aheward 6,Ahoada East,Rivers,13844.0,16666.0,2110.0,11456.0,1801.3,1691
RVSKHE12,Okomoko,Etche,Rivers,23764.1,29334.5,3382.6,18808.2,2748.2,2543
RVSKHE15,Ulakwo,Etche,Rivers,8586.8,8231.0,978.3,8676.3,1013.3,1243
RVSSPK02,Ikward 2,Ikwerre,Rivers,9051.7,9918.7,1170.6,20515.6,1039.4,3008
RVSSPK06,Ikward 6,Ikwerre,Rivers,5951.6,5478.8,646.6,12627.2,683.4,1813
RVSSPK08,Ikward 8,Ikwerre,Rivers,4970.7,4575.6,540.0,10994.6,570.8,1606
ENSBBG12,Ovoko Ajuona,Igbo-Eze-South,Enugu,13622.9,23565.4,2898.9,18927.7,1635.1,2998
ANSUMZ09,Ogboji,Orumba South,Anambra,7975.1,2420.7,276.7,5205.3,888.8,769
IMSIHI14,Uzinomi,Ihitte/Uboma,Imo,4433.1,4389.6,524.6,2545.7,550.9,366
IMSRLU03,Amanator  / Obinigwu,Orlu,Imo,5041.8,5023.8,591.7,7200.8,573.9,1031
IMSAFR01,Amuzi,Ahiazu-Mbaise,Imo,3202.8,2385.1,286.3,3390.5,369.5,487
ENSBBG14,Echara,Igbo-Eze-South,Enugu,26678.8,15776.7,1969.5,23243.0,3328.1,3724
ANSAWK20,Umuawulu,Awka South,Anambra,9130.6,27284.6,2884.1,16353.5,933.6,2422
IMSKED14,Umudim,Ikeduru,Imo,23736.6,29264.8,3256.4,23514.8,2544.2,3423
IMSDFB07,Obiohia,Ideato South,Imo,18027.9,21183.6,2692.2,9386.1,2512.5,1344
ENSBBG17,Obukpa,Igbo-Eze-South,Enugu,31710.0,26895.6,3147.0,40157.4,3607.1,6332
ENSAGW16,Umana Ndiuno,Ezeagu,Enugu,11196.7,6714.4,737.1,10178.8,1188.1,1583
IMSEBM11,Obitti / Mgbuisii,Ohaji/Egbema,Imo,9241.0,7960.9,995.0,14731.1,1119.9,2462
IMSEHM14,Umunumo Ibeafor / Ibenkwo,Ehime-Mbano,Imo,10892.0,13592.9,1635.4,12537.6,1274.2,1818
IMSEHM01,Agbaja,Ehime-Mbano,Imo,20245.6,15178.9,1826.2,19292.0,2367.0,2800
IMSEHM04,Nzerem / Ikpem,Ehime-Mbano,Imo,15154.1,14026.3,1687.6,13392.4,1762.0,1923
RVSBER06,Omward 6,Omumma,Rivers,22078.6,14324.2,1709.7,15069.1,2591.3,1961
IMSEHM03,Nsu B,Ehime-Mbano,Imo,33472.8,34355.5,4133.2,39843.7,3929.6,5846
IMSKED05,Amatta,Ikeduru,Imo,5080.6,5552.6,622.1,6734.8,552.9,1015
IMSEHM12,Umukabia,Ehime-Mbano,Imo,8320.9,4754.7,571.1,7142.1,965.6,1035
IMSEHM11,Umuezeala Owerre,Ehime-Mbano,Imo,12596.4,8516.3,1024.5,17500.4,1465.3,2532
IMSGUA14,Osemotor / Enuigbo,Oguta,Imo,7519.8,4598.8,545.3,3752.7,917.1,537
IMSGUA01,Awa / Abaziem / Ejemekwuru / Akabor,Oguta,Imo,19620.1,22662.2,2686.7,24598.5,2250.1,3551
IMSGUA04,Izombe,Oguta,Imo,12904.5,15551.2,1844.0,20942.7,1479.6,3183
IMSGUA12,Oru A and B,Oguta,Imo,8215.3,8039.2,953.2,8804.8,952.5,1312
IMSGUA09,Oguta A,Oguta,Imo,10880.3,7678.5,910.5,9842.7,1272.7,1538
IMSGUA15,Uwaorie,Oguta,Imo,14833.5,17313.0,2052.9,20916.4,1702.8,3205
IMSGUA08,Obudi / Aro,Oguta,Imo,15691.6,17240.2,2046.2,20804.1,1808.0,3114
IMSGUA10,Oguta B,Oguta,Imo,62115.3,47957.6,5686.6,48406.2,7859.8,7229
IMSGUA07,Ndiuloukwu,Oguta,Imo,14987.2,17021.7,2018.4,19326.7,1718.5,2791
IMSIHI12,Umuezegwu,Ihitte/Uboma,Imo,14030.0,10492.4,1254.6,8136.5,1903.9,1168
IMSIHI02,Amainyi,Ihitte/Uboma,Imo,12850.6,17613.6,2101.9,8528.7,1593.5,1263
IMSIHI13,Umuihi,Ihitte/Uboma,Imo,2414.7,1473.0,176.0,1048.4,358.5,150
IMSIHI06,Atonerim,Ihitte/Uboma,Imo,16929.9,9484.2,1137.0,10759.3,2189.1,1542
IMSKED10,Iho,Ikeduru,Imo,7057.0,10166.1,1131.2,9674.6,756.1,1404
IMSKGE15,Umuowaibu,Okigwe,Imo,17579.0,15086.6,1702.2,12359.9,1942.1,1773
IMSNGB01,Aji,Oru West,Imo,11975.8,11566.1,1360.3,18229.5,1362.9,2657
IMSNGN04,Elelem,Ngor-Okpala,Imo,17278.0,24871.3,2868.1,26410.9,1921.0,4135
ENSAGW17,Umumba-Ndiuno,Ezeagu,Enugu,23117.9,6639.9,728.9,16342.6,2453.4,2537
IMSNGN07,Ngor,Ngor-Okpala,Imo,16676.5,8349.4,962.8,18065.8,1854.1,2626
IMSNGN13,Ozuzu / Umuekwune,Ngor-Okpala,Imo,2619.7,3704.7,427.2,3758.3,291.3,573
IMSNGN12,Okpala,Ngor-Okpala,Imo,19225.4,22327.8,2574.8,20762.9,2146.3,3037
IMSNGN08,Nguru / Umuowa,Ngor-Okpala,Imo,16576.4,22246.5,2565.4,19843.0,1843.9,2895
IMSNGN06,Imerienwe,Ngor-Okpala,Imo,3704.3,5197.6,599.4,6905.2,411.8,1064
IMSNKR01,Amaokpara,Nkwerre,Imo,6759.5,5144.1,575.3,3834.0,809.0,567
IMSNWA01,Afara / Eziama,Mbatoli,Imo,11872.6,9458.3,1131.6,12460.5,1372.5,1794
IMSRLU18,Umuzike / Umuowa,Orlu,Imo,16122.0,13616.9,1567.9,21177.4,1808.9,3047
IMSRRT13,Obibiezena,Owerri North,Imo,646.6,361.3,41.2,542.9,71.2,80
IMSTTK11,Umunachi,Obowo,Imo,1687.0,755.2,93.2,588.7,284.0,86
ANSGDD12,Oraukwu,Idemili North,Anambra,8899.7,8360.7,966.7,5161.6,2033.7,763
ANSUMZ07,Isulo,Orumba South,Anambra,10476.7,10148.8,1167.7,9122.3,1202.3,1356
ENSAGW18,Okpogho,Ezeagu,Enugu,1352.5,1005.3,110.5,2140.9,143.2,335
ANSUMZ05,Ezira,Orumba South,Anambra,10831.2,5909.8,679.9,11510.6,1284.9,1721
ANSUMZ04,Eziagu,Orumba South,Anambra,10899.1,11994.1,1380.0,8453.0,1269.3,1258
ANSUMZ08,Nawfija,Orumba South,Anambra,9127.8,3665.5,421.7,7801.1,1027.8,1169
BYSGBB11,Otuasega-Ward 6,Ogbia,Bayelsa,16744.6,30192.2,3681.2,15893.2,3459.2,2734
IMSUMD04,Amurie Omanze / Oboro / Amaeze,Isu,Imo,28508.3,42191.8,5420.7,15898.0,5152.8,2297
IMSUMG03,Emeabiam,Owerri West,Imo,130.1,18.6,2.4,208.7,16.0,30
ENSUDD09,Nachi,Udi,Enugu,15470.0,1663.9,183.4,19489.1,1641.4,3053
ANSAJL02,Amaetiti,Orumba North,Anambra,1809.8,3247.3,350.0,2273.2,189.6,336
ANSAJL04,Awa,Orumba North,Anambra,6094.5,4137.7,451.7,7353.4,645.2,1091
DTSABH04,Ase,Ndokwa East,Delta,1045.5,971.7,128.1,1119.9,133.3,163
DTSABH10,Umuolu / Onya,Ndokwa East,Delta,8490.0,6563.0,865.3,11226.4,1117.7,1885
DTSABH06,Ibedeni / Azagba,Ndokwa East,Delta,1022.8,922.0,121.2,772.4,134.3,131
DTSAGB07,Ekuku Agbor,Ika South,Delta,28498.5,24069.7,2951.3,49411.6,3386.0,7548
DTSAKU09,Umuezeagwu / Okponta,Oshimili North,Delta,10397.8,10523.6,1400.8,15776.2,1329.3,2377
ENSNKW12,Trans Ekulu,Enugu East,Enugu,45805.7,58217.4,7288.2,53892.5,6319.5,8755
DTSAKU08,Umueze,Oshimili North,Delta,14618.5,12900.4,1677.4,19563.0,1832.2,2847
DTSASB08,Umuaji,Oshimili South,Delta,13946.0,18949.6,2475.4,20880.5,1775.0,3040
DTSASB04,Oko Ogbele,Oshimili South,Delta,7663.6,5857.8,765.3,5749.5,1022.1,844
DTSAYB14,Ute-Okpu,Ika North East,Delta,19334.2,17077.3,2011.5,19730.9,2275.4,2934
DTSDSZ06,Okpe-Isoko,Isoko North,Delta,5215.5,6797.5,843.1,8178.5,625.8,1337
DTSDSZ01,Ellu,Isoko North,Delta,17147.1,18682.1,2316.8,21303.4,2080.9,3465
DTSDSZ05,Ofagbe,Isoko North,Delta,8755.2,7028.4,871.7,8773.2,1065.3,1471
ABSKKE19,Ipu South,Ukwa West,Abia,3719.7,3648.9,436.7,5790.6,431.0,943
ABSKKE18,Ipu East,Ukwa West,Abia,23389.1,23537.5,2819.2,31140.0,2725.6,5218
DTSGWK01,Adonte,Aniocha South,Delta,5324.8,5178.4,720.2,6361.2,710.8,924
DTSGWK06,Otulu,Aniocha South,Delta,55872.2,38227.8,4875.9,50155.0,6948.1,7385
DTSGWK03,Ejeme / Egbudu,Aniocha South,Delta,6899.9,11227.3,1554.3,15596.5,914.9,2345
DTSGWK11,Umudei,Aniocha South,Delta,652.9,375.0,52.2,619.6,88.2,90
DTSGWK09,Ubulu-Uku 1,Aniocha South,Delta,25694.5,24572.7,3410.3,33120.7,3443.8,5231
DTSGWK04,Ewulu / Isheagu,Aniocha South,Delta,18600.6,13511.1,1879.0,13605.3,2635.1,2008
DTSKWC03,Emu,Ndokwa West,Delta,15483.5,15926.4,1997.3,18018.1,1871.9,2738
DTSKWC06,Ndemili,Ndokwa West,Delta,12134.9,12159.1,1523.3,14314.5,1465.7,2171
DTSKWC04,Etua,Ndokwa West,Delta,5035.1,7374.5,929.3,9247.0,610.0,1384
DTSLEH06,Irri 11,Isoko South,Delta,27390.7,26970.1,3336.2,23222.7,3633.3,3869
ABSUNC12,Mbala / Achara,Umu-Nneochi,Abia,9207.5,13752.7,1596.3,7953.4,1032.1,1300
DTSLEH01,Avsiara,Isoko South,Delta,57268.0,54350.5,6736.7,56558.1,8200.1,9871
ABSKEK07,Ikwuriator East,Ukwa East,Abia,1132.0,997.4,124.7,642.5,139.4,104
ABSUNC01,Amauba / Umuogbuele,Umu-Nneochi,Abia,3617.4,1507.1,171.6,2694.3,414.7,435
RVSABU07,Aboward 7,Abua/Odual,Rivers,8278.4,17628.6,2098.1,6255.3,2350.9,1149
RVSABU10,Aboward 10,Abua/Odual,Rivers,11474.4,34870.5,4150.9,7957.3,4346.7,1305
RVSABU04,Aboward 4,Abua/Odual,Rivers,13184.0,44176.5,5259.8,10113.9,4674.2,1603
RVSAHD10,Aheward 10,Ahoada East,Rivers,38245.3,43400.5,5399.0,35932.9,4964.5,5560
RVSAHD09,Aheward 9,Ahoada East,Rivers,11656.6,12250.1,1529.2,12236.0,1471.4,2046
RVSAHD07,Aheward 7,Ahoada East,Rivers,78970.8,100461.4,12625.9,82668.0,10278.8,12617
RVSAHD01,Aheward 1,Ahoada East,Rivers,4721.0,3554.2,447.7,2687.3,732.1,419
RVSAHD04,Aheward 4,Ahoada East,Rivers,43371.7,47727.6,5958.1,46528.6,6101.6,6694
RVSBER09,Omward 9,Omumma,Rivers,5921.1,4243.5,494.0,4336.6,684.4,564
RVSAHD12,Aheward 12,Ahoada East,Rivers,14951.1,17206.5,2234.1,11470.7,2619.7,1784
RVSAHD08,Aheward 8,Ahoada East,Rivers,19417.4,21368.9,2667.6,21009.1,2546.2,3408
RVSAHD13,Aheward 13,Ahoada East,Rivers,19293.5,23690.5,3061.7,17272.3,2696.4,2849
RVSAHD03,Aheward 3,Ahoada East,Rivers,3067.7,2545.2,317.7,2586.9,452.3,394
RVSBER02,Omward 2,Omumma,Rivers,10512.5,8127.7,942.5,6216.2,1188.1,808
RVSBER01,Omward 1,Omumma,Rivers,11282.6,9354.7,1083.4,7516.8,1296.6,1000
RVSKHE19,Igbodo,Etche,Rivers,13078.2,16970.8,1988.9,18629.1,1489.3,2698
RVSKHE06,Igbo,Etche,Rivers,20975.4,22846.4,2641.7,15868.9,2478.4,2206
RVSKHE02,Egwi / Opiro,Etche,Rivers,13959.4,15093.1,1843.9,21380.0,1662.9,3008
RVSKHE14,Afara,Etche,Rivers,45374.1,56930.5,6565.7,40043.4,5369.1,5537
RVSKHE07,Elele / Ozuzu,Etche,Rivers,194631.9,185939.5,22229.2,222699.5,23945.5,31459
RVSKHE09,Obite,Etche,Rivers,2646.7,2288.2,272.0,2848.2,313.0,459
RVSKHE18,Akpoku / Umuoye,Etche,Rivers,8472.7,9894.1,1161.7,11881.9,967.3,1660
RVSKHE10,Chokocho,Etche,Rivers,4250.4,6403.1,738.4,5922.5,472.6,852
RVSKNM11,Akinima,Ahoada West,Rivers,5561.5,11149.5,1340.7,4566.7,2073.6,755
RVSKNM06,Upatabo,Ahoada West,Rivers,15571.6,29025.0,3565.6,10961.8,2353.8,1684
RVSKPR08,Goward 8,Gokana,Rivers,12735.4,11079.1,1304.6,13758.5,1486.4,1939
RVSRGM11,Omoku 2,Ogba/Egbema/Ndoni,Rivers,54771.8,57891.5,7402.6,58800.6,7687.4,8912
RVSMHA01,Emward 1,Emuoha,Rivers,21468.5,28765.4,3752.6,22403.3,3258.9,4389
RVSMHA12,Emward 12,Emuoha,Rivers,22802.5,32983.2,4320.6,28423.3,3409.6,5246
KGSAJK05,Ekwuloko,Igalamela-Odolu,Kogi,5384.0,7172.3,1037.9,5354.0,812.7,887
RVSMHA03,Emward 3,Emuoha,Rivers,23312.8,25640.1,3369.0,22172.6,3316.4,3847
RVSMHA07,Emward 7,Emuoha,Rivers,23783.9,29284.4,3836.3,24854.8,3297.4,4205
RVSMHA09,Emward 9,Emuoha,Rivers,36352.1,51140.4,6718.7,32803.0,6184.0,5180
RVSMHA08,Emward 8,Emuoha,Rivers,10524.5,14954.5,1965.0,11148.6,1472.6,1605
RVSMHA13,Emward 13,Emuoha,Rivers,16531.1,12929.5,1525.9,24411.4,1906.3,4030
RVSRGM17,Ndoni C2,Ogba/Egbema/Ndoni,Rivers,57225.1,55976.5,7131.7,55514.2,8227.2,8067
RVSRGM03,Usomili South,Ogba/Egbema/Ndoni,Rivers,16596.5,21361.4,2698.6,19150.4,2121.0,2850
RVSRGM04,Egbema North,Ogba/Egbema/Ndoni,Rivers,6072.7,4922.9,628.5,3873.2,800.8,503
RVSRGM10,Ndoni C1,Ogba/Egbema/Ndoni,Rivers,10862.9,7623.6,979.8,8830.8,1508.5,1313
RVSRGM16,Egbema East,Ogba/Egbema/Ndoni,Rivers,7580.4,9066.3,1153.8,8317.9,938.0,1169
RVSRUM16,Obward 16,Obio/Akpor,Rivers,74653.3,73238.8,8681.0,149112.4,8706.0,22570
RVSSPK13,Ikward 13,Ikwerre,Rivers,13224.6,12645.6,1528.7,28153.6,1555.6,4415
NASNSW06,Loko,Nasarawa,Nasarawa,32891.3,25698.4,4901.3,28648.5,6454.7,5157
RVSRUM03,Obward 3,Obio/Akpor,Rivers,78991.9,90505.7,11047.0,186652.1,9485.3,27186
RVSSPK05,Ikward 5,Ikwerre,Rivers,12413.9,11503.0,1421.5,19296.1,1491.8,2822
RVSSPK03,Ikward 3,Ikwerre,Rivers,8219.3,7787.8,922.8,16192.9,946.8,2297
RVSSPK07,Ikward 7,Ikwerre,Rivers,10499.3,9277.7,1096.5,19580.7,1206.9,2897
RVSSPK12,Ikward 12,Ikwerre,Rivers,11724.8,10118.0,1194.1,29985.5,1346.3,4710
BYSKMK03,Kaiama / Olobiri,Kolokuma/Opokuma,Bayelsa,9088.8,12360.8,1517.2,10502.9,1172.1,2074
KGSKKH09,Ohueta,Okehi,Kogi,9124.8,12003.6,2371.2,5956.6,1963.8,973
RVSSPK10,Ikward 10,Ikwerre,Rivers,52407.6,54241.0,6401.4,105446.5,6032.3,14727
RVSSPK04,Ikward 4,Ikwerre,Rivers,27521.6,26507.8,3128.4,57248.5,3160.1,8461
RVSSPK11,Ikward 11,Ikwerre,Rivers,5102.2,5992.4,748.8,7772.9,618.3,1124
BNSBGT03,Ai-Ona,Ogbadibo,Benue,7563.6,10397.4,1964.4,10612.6,1391.5,1495
RVSSPK09,Ikward 9,Ikwerre,Rivers,80826.4,80030.6,9493.3,126219.3,9699.4,18778
RVSSPK01,Ikward 1,Ikwerre,Rivers,8642.5,8892.5,1049.5,17263.2,992.4,2606
DTSGWK05,Nsukwa,Aniocha South,Delta,4799.2,8128.8,1130.5,9871.5,639.2,1478
BYSKMK06,Odi South,Kolokuma/Opokuma,Bayelsa,9160.8,11919.9,1463.0,10212.0,1368.0,1874
BYSKMK11,Sampou / Kalama,Kolokuma/Opokuma,Bayelsa,9153.8,9416.6,1155.8,9869.0,1426.7,1543
BYSKMK05,Odi North,Kolokuma/Opokuma,Bayelsa,2889.7,4319.2,530.1,4051.8,451.1,1138
IMSAFR04,Mpam,Ahiazu-Mbaise,Imo,11981.8,10039.5,1206.7,14052.1,1394.1,2023
IMSABB08,Lagwa,Aboh-Mbaise,Imo,16473.4,19381.9,2272.3,16610.7,1871.0,2411
IMSNWA02,Amaike,Mbatoli,Imo,31887.7,35082.4,4199.7,42672.7,3690.7,6122
IMSRLU17,Umutanze,Orlu,Imo,11174.0,9703.5,1110.1,16643.1,1229.8,2417
IMSRRT01,Agbala / Ulakwo / Obube,Owerri North,Imo,5319.5,4672.5,533.3,7734.6,585.5,1267
ANSUMZ06,Ihite,Orumba South,Anambra,12681.9,14183.6,1631.2,10648.8,1468.0,1589
IMSURU08,Ndimoko,Ideato North,Imo,13291.7,5689.9,678.8,10243.9,1535.5,1471
IMSABB09,Lorji,Aboh-Mbaise,Imo,34739.0,48821.5,5722.1,27317.8,3942.2,3931
IMSAWD10,Okwuetiti,Orsu,Imo,11775.2,9466.1,1120.8,15871.8,1347.7,2273
ENSAWG01,Anikenano / Ugwueme / Nkwe / Awgunta / Ezerre / Nenwenta,Awgu,Enugu,14870.1,21330.9,2475.6,15776.7,1689.2,2581
ANSATN05,Iyiowa / Od / Ohi,Ogbaru,Anambra,57689.7,257379.2,25342.5,42762.8,25567.0,6566
IMSAWD02,Amaruru,Orsu,Imo,10342.2,8849.9,1047.9,17127.4,1183.7,2454
IMSDFB15,Umuma / Isiaku / Umulewe,Ideato South,Imo,38061.1,43971.3,5584.1,20041.0,5383.2,2877
IMSTTK14,Umuosochie,Obowo,Imo,3004.4,2200.9,270.8,1908.6,372.7,275
ANSUMZ01,Agbudu,Orumba South,Anambra,5169.1,573.5,66.0,2771.9,577.4,410
ENSJRV12,Awlaw,Oji-River,Enugu,11776.5,12838.1,1461.4,13165.4,1265.0,2052
DTSAKU03,Ezukwu / Ogboli / Achalla,Oshimili North,Delta,9428.5,7931.5,1035.1,7677.2,1194.3,1115
RVSKHE11,Obibi,Etche,Rivers,9546.8,6958.8,826.9,13255.7,1103.1,1944
ANSAJL11,Ndiokpaleke,Orumba North,Anambra,4477.4,706.0,79.1,4584.4,485.6,678
DTSGWK10,Ubulu-Unor,Aniocha South,Delta,5046.0,7069.9,983.3,7611.2,672.1,1108
DTSKWC10,Utagba Uno,Ndokwa West,Delta,12908.4,12718.8,1595.0,15462.0,1559.3,2333
BYSKMK02,Kaiama,Kolokuma/Opokuma,Bayelsa,8292.4,9779.7,1200.3,10356.6,1165.5,2293
DTSASB02,Cable Point,Oshimili South,Delta,15118.2,9210.6,1199.6,9966.1,2204.3,1489
DTSASB03,Oko Anala / Amakom,Oshimili South,Delta,9994.5,5405.2,706.1,5130.1,1402.4,759
RVSKHE01,Nihi,Etche,Rivers,869.6,707.9,84.1,580.4,100.4,75
ABSMBA05,Amaitolu,Isiala-Ngwa South,Abia,3670.1,5640.5,679.6,4316.3,428.2,696
80805,Kagara,Kaura Namoda,Zamfara,13129.6,19436.7,3886.4,15482.8,2609.1,2954
ABSKPU13,Isiala Nsulu / Isiala Amapu,Isiala-Ngwa North,Abia,49061.8,69189.0,7991.6,47657.9,5478.6,7694
KGSLKJ08,Lokoja D,Lokoja,Kogi,1511.5,788.4,129.0,1843.0,241.9,351
KGSKFU05,Igo,Ofu,Kogi,19142.5,20291.0,3902.7,28932.5,3616.0,4897
ABSMBA03,Amaise,Isiala-Ngwa South,Abia,18031.3,15635.7,1884.9,13843.4,2105.3,2233
RVSKHE04,Odufor,Etche,Rivers,6750.3,8445.1,1003.7,9598.7,779.5,1280
RVSKHE08,Mba,Etche,Rivers,9236.9,10083.0,1198.4,11910.1,1075.1,1726
RVSKHE13,Okehi,Etche,Rivers,8698.0,9001.3,1069.7,11467.3,1005.7,1541
RVSKHE17,Ndashi,Etche,Rivers,5597.6,5398.8,640.7,6577.2,647.5,955
RVSKHE16,Isu / Orwu / Ogida,Etche,Rivers,3837.8,4089.3,486.1,5885.0,443.2,831
RVSKNM10,Okarki,Ahoada West,Rivers,15127.6,24765.5,3039.3,11820.3,4637.7,2089
RVSKNM05,Joinkrama,Ahoada West,Rivers,10742.9,14769.7,1812.5,7155.1,2436.1,1113
RVSRGM14,Eji Central,Ogba/Egbema/Ndoni,Rivers,49971.1,53555.9,6848.4,43970.9,6814.6,6501
RVSRGM13,Usozimili,Ogba/Egbema/Ndoni,Rivers,40662.7,37679.1,4818.1,28827.0,6514.9,4092
RVSRGM15,Igburu,Ogba/Egbema/Ndoni,Rivers,38185.3,40620.8,5194.4,29985.2,4964.2,4152
ABSSSM18,Uratta Amaise,Osisioma Ngwa,Abia,14066.9,12005.8,1574.7,15838.2,1794.2,2555
ABSUNC07,Ezingodo,Umu-Nneochi,Abia,10291.8,13264.9,1510.0,10147.6,1175.9,1789
BYSSAG07,Odoni,Sagbama,Bayelsa,11669.1,20178.0,2548.2,11075.5,2414.0,1604
IMSETU06,Ife,Ezinihitte,Imo,3925.3,3160.1,358.3,1654.5,439.0,237
BYSYEN08,Epie 1,Yenegoa,Bayelsa,132645.0,151194.8,18513.7,185479.7,18744.1,35112
BYSSAG02,Agbere,Sagbama,Bayelsa,7455.6,14210.2,1808.5,7352.5,1991.0,1265
BYSSAG14,Trofani,Sagbama,Bayelsa,8925.9,8024.6,1037.3,8873.4,1390.3,1450
BYSYEN15,Zarama,Yenegoa,Bayelsa,10177.4,10214.4,1251.3,9953.5,1528.0,1707
BYSSAG10,Osekwenike,Sagbama,Bayelsa,7298.0,10317.6,1315.5,7163.4,1305.7,1041
ABSKKE20,Ipu West,Ukwa West,Abia,2095.2,2145.4,256.7,2423.1,242.8,391
BYSYEN11,Gbarain 1,Yenegoa,Bayelsa,21321.7,19016.7,2327.0,26292.0,2679.7,5018
IMSKED11,Inyishi,Ikeduru,Imo,9481.0,11338.5,1261.7,8736.9,1016.4,1252
BYSYEN04,Biseni 1,Yenegoa,Bayelsa,4036.6,5052.1,618.2,5354.3,480.5,1014
IMSETU11,Okpofe,Ezinihitte,Imo,14007.1,8895.9,1009.4,9655.0,1553.9,1383
BYSSAG05,Asamabiri,Sagbama,Bayelsa,7825.0,12326.4,1568.7,6268.9,1776.2,869
BYSGBB03,Imiringi-Ward 8,Ogbia,Bayelsa,40392.6,53556.9,6692.6,38809.1,5276.3,5913
BYSYEN14,Okordia,Yenegoa,Bayelsa,24546.3,32784.4,4020.5,19472.9,4436.8,3061
BYSYEN12,Gbarain 2,Yenegoa,Bayelsa,20313.4,16347.6,2000.4,24554.3,3374.2,5068
BYSYEN05,Biseni 2,Yenegoa,Bayelsa,5236.6,6073.5,743.4,6602.6,661.7,1140
80504,Bungudu,Bungudu,Zamfara,27164.1,26692.8,5221.4,24189.1,5745.6,4939
ABSUNC15,Ubahu / Akawa,Umu-Nneochi,Abia,10814.1,7236.7,823.8,9367.6,1211.2,1513
IMSRRT10,Naze,Owerri North,Imo,38989.9,38230.7,4368.5,58690.1,4355.6,9172
ABSUMA16,Umuhu,Umuahia North,Abia,7336.4,6340.2,704.7,8613.7,798.0,1429
DTSKWC07,Ogume 6,Ndokwa West,Delta,23693.5,21052.2,2640.1,28108.7,2876.7,4290
DTSKWC09,Onitcha Ukwuani,Ndokwa West,Delta,14075.1,16610.4,2083.1,22399.4,1700.3,3418
ABSNGK07,Alaukwu Ohanze,Obi Nwga,Abia,18529.6,16264.1,1920.7,47128.8,2121.9,7623
IMSNGN15,Umuhu,Ngor-Okpala,Imo,10016.2,3630.8,419.1,10119.5,1113.6,1451
RVSRUM09,Obward 9,Obio/Akpor,Rivers,37288.7,42985.1,5309.4,62013.2,4545.2,8210
DTSABH09,Ossissa,Ndokwa East,Delta,5696.0,12100.8,1595.4,14199.4,725.8,2110
DTSABH03,Afor / Obikwele,Ndokwa East,Delta,9919.0,13513.6,1781.3,17712.6,1263.6,2709
KN3604,Gediya,Sumaila,Kano,42595.9,43535.4,8647.1,42728.6,8606.4,8435
51108,Magaji A,Jega,Kebbi,16985.6,24185.0,4766.1,22107.4,5804.1,5249
12708,Lakundum,Shani,Borno,9967.3,7782.7,1609.0,12700.5,2027.2,1874
AKSDYY08,Etoi 2,Uyo,Akwa Ibom,47516.4,70931.5,8256.0,51675.1,5477.0,6406
70109,Sarkin Hausawa,Bade,Yobe,6006.8,7176.3,1383.4,9208.1,1636.7,2279
10407,Limanti,Bayo,Borno,21029.3,10830.4,2127.5,26895.3,4109.5,4455
EDSEHR06,Ehor,Uhunmwonde,Edo,7594.3,6631.5,819.5,18669.1,910.3,2796
81108,Shanawa,Shinkafi,Zamfara,5184.0,8481.1,1707.6,4678.1,1042.2,837
CRSKTA05,Atimbo West,Akpabuyo,Cross River,16119.3,18602.8,2511.9,8648.9,2141.2,1015
EDSABD09,Igbanke East,Orhionmwon,Edo,15685.0,16866.8,2075.6,14228.3,1894.9,2108
BNSWDP05,Mbadura,Kwande,Benue,18362.7,19240.2,3506.2,28053.6,3282.7,3954
BA0910,Zirami,Giade,Bauchi,25335.6,23468.3,4729.2,28334.7,5030.6,5617
71703,Gumshi,Yusufari,Yobe,17796.2,11041.9,2047.4,20886.7,3255.4,3773
71409,Yerimaram,Potiskum,Yobe,90316.0,137687.5,27045.4,131420.3,23966.5,26280
BA0703,Gololo North,Gamawa,Bauchi,17681.4,19216.0,3788.3,17805.8,3718.8,4278
KGSKAB10,Odolu,Kabba/Bunu,Kogi,25827.0,25389.7,4745.4,31076.8,4905.3,5254
11101,Ashigashiya,Gwoza,Borno,8624.8,8576.8,1639.8,1422.1,1870.2,204
ODSIOU08,Oke-Igbo 2,Ile Oluji/Okeigbo,Ondo,5200.2,3442.9,426.0,10680.9,664.9,1565
TRSGAS02,Gunduma,Gassol,Taraba,24346.7,33252.4,6428.0,30689.7,4631.2,4931
KN3103,Gawuna,Nassarawa,Kano,6132.5,5603.8,1140.2,9606.0,1386.9,2936
AKSDYY01,Urban 3,Uyo,Akwa Ibom,12152.6,8005.8,880.2,18866.7,1344.2,2476
12711,Walama,Shani,Borno,17915.9,13958.1,2708.4,17862.5,3421.4,2599
TRSGAS04,Mutum Biyu B,Gassol,Taraba,14491.4,27854.6,5384.5,19449.5,2766.6,3149
GMSKLT07,Tungo,Kaltungo,Gombe,13034.3,13576.7,2689.3,12926.5,2601.7,2308
AKSDYY03,Oku 1,Uyo,Akwa Ibom,25227.0,34542.5,3979.6,32779.2,2830.6,4089
KGSNDG09,Ujeh,Ibaji,Kogi,10410.4,13199.8,2604.6,8124.5,2529.1,1517
KN1405,Kafin Malamai,Garko,Kano,29976.5,31246.8,5742.4,39701.5,5600.2,7267
ODSIDNE05,Ijomu-Isurin,Idanre,Ondo,7404.6,6023.4,905.3,9772.9,1093.2,1527
DTSWWR01,Avenue,Warri South,Delta,45016.6,58843.4,7395.4,55005.3,7864.4,8890
KGSKAB08,Iluke,Kabba/Bunu,Kogi,6917.6,6822.7,1275.2,7776.5,1261.4,1320
51104,Gindi Nassarawa Kyarmi Galbi,Jega,Kebbi,25934.7,47255.3,9202.8,13397.4,8741.5,2759
BYSSAG09,Ofoni 2,Sagbama,Bayelsa,4736.9,9256.7,1178.3,4567.6,814.9,889
GMSNFD09,Nafada East,Nafada,Gombe,12190.9,7188.7,1300.4,7954.6,2618.3,1804
TRSGAS06,Sabon Gida,Gassol,Taraba,60324.0,39269.9,7587.0,45429.1,11643.1,7307
70506,Alagarno,Fune,Yobe,12995.6,6731.5,1348.8,8131.9,2537.7,1326
ODSIDNE07,Isalu-Ehinpeti,Idanre,Ondo,13333.3,10955.9,1646.7,23766.0,1980.8,3574
DTSWWR03,Ekurede,Warri South,Delta,56064.1,108132.8,13100.6,66054.4,11792.0,12157
70209,Bayamari,Bursari,Yobe,8262.2,10550.2,1965.5,19551.0,1514.2,3543
AKSDYY04,Ikono 2,Uyo,Akwa Ibom,10761.9,3512.5,393.6,4209.6,1203.0,521
ODSIDE06,Ikota / Irese,Ifedore,Ondo,191631.3,194752.6,25554.8,354341.2,24807.4,50191
11510,Rann,Kala Balge,Borno,14747.3,39113.7,7697.0,13695.3,5809.9,3359
CRSBRA01,Ofodua,Obubra,Cross River,7825.9,5846.3,777.6,5088.6,1143.3,627
10406,Jaragol,Bayo,Borno,12458.7,7333.9,1442.9,17644.6,2414.4,2661
ODSIDNE01,Alade-Atosin,Idanre,Ondo,31500.3,45617.9,6849.3,40811.0,4693.0,6012
BA2011,Mainako North,Zaki,Bauchi,11680.9,17087.2,3401.7,15095.3,2330.4,3905
10102,Banowa,Abadam,Borno,29159.9,18835.7,3488.8,17080.3,5334.8,2466
ODSIDE08,Ilara-2,Ifedore,Ondo,24278.2,39977.4,4593.7,21068.8,4102.7,3082
TRSBAL09,Maihula,Bali,Taraba,54908.4,66818.9,12697.4,58619.0,10257.1,9417
EDSABD01,Urhonige South,Orhionmwon,Edo,10960.1,13665.7,1683.4,12003.0,1307.1,1782
DTSUGH01,Afiesere / Ereumukohwaren,Ughelli North,Delta,76329.8,80634.2,10463.6,108601.5,9970.8,17057
EDSEHR08,Egbede,Uhunmwonde,Edo,12479.3,9319.2,1230.3,41632.4,1588.5,6219
ODSIDNE09,Ofosu-Onisere,Idanre,Ondo,22717.4,28295.3,4186.3,38377.9,3279.4,6201
CRSEFE04,Bendeghe Ekiem,Etung,Cross River,15399.2,18740.5,2419.6,8786.2,2225.2,1044
71402,Hausawa Asibiti,Potiskum,Yobe,9127.0,8504.8,1678.9,24373.2,1771.7,7168
OSSODN09,Oba / Ojomo,Odo Otin,Osun,25947.0,30826.9,3956.6,30077.5,3437.3,4195
BYSGBB05,Ogbia-Ward 1,Ogbia,Bayelsa,12028.3,14168.8,1771.0,10130.8,2361.1,1805
BYSSAG01,Adagbabiri,Sagbama,Bayelsa,23322.3,36391.1,4630.7,22677.4,5388.8,3628
KGSNDG05,Iyano,Ibaji,Kogi,14929.7,14731.1,2906.8,9174.3,3925.6,1711
EDSEKP07,Illeh,Esan West,Edo,13350.0,11922.3,1439.7,13980.0,1639.1,2083
OYSAKE12,Onidundun,Akinyele,Oyo,3981.2,3032.3,414.2,7190.6,525.6,1045
71203,Watinani,Nangere,Yobe,10364.8,7290.4,1439.1,26196.7,2012.0,4192
EDSABD03,Ukpato,Orhionmwon,Edo,21910.7,22879.4,2818.4,26208.8,2616.9,3934
DTSWWR09,Pessu,Warri South,Delta,13906.0,26189.5,3172.9,18475.0,3206.9,3959
BYSGBB07,Ologi-Ward 3,Ogbia,Bayelsa,15177.1,17479.7,2184.9,12457.2,3380.5,2218
JI1809,Tasheguwa,Kiri Kasama,Jigawa,15081.7,18109.1,3591.2,14432.2,3312.3,3312
71201,Chillariye,Nangere,Yobe,3663.4,3766.3,743.5,10895.8,713.8,1753
CRSCKK13,Mfuma,Yala,Cross River,3506.9,3006.2,438.4,1778.3,496.7,209
KN0801,Ajumawa,Dambatta,Kano,36358.6,51246.8,10491.7,38638.1,9485.5,9207
70203,Kurnawa,Bursari,Yobe,16854.1,16010.9,2982.9,16549.1,3088.9,2703
BYSGBB01,Ayama-Ward 4,Ogbia,Bayelsa,7972.5,11020.5,1377.7,7712.8,1781.0,1167
80105,Magaji,Anka,Zamfara,27085.0,36359.2,7334.5,9882.3,8462.2,1725
EDSEKP05,Iruekpen,Esan West,Edo,21751.9,19339.0,2174.5,31746.6,2380.3,5003
KGSNDG07,Ojila,Ibaji,Kogi,9392.1,13975.8,2756.7,9590.8,2043.5,1970
71410,Dogo Tebo,Potiskum,Yobe,5677.3,5076.8,1002.2,14082.6,1102.7,4799
70401,Garu,Fika,Yobe,16633.3,22366.9,4317.8,29248.7,3182.3,5080
EDSABD07,Ugbeka,Orhionmwon,Edo,13183.7,12595.6,1548.5,10759.1,1576.9,1594
ODSIOU02,Ileoluji 2,Ile Oluji/Okeigbo,Ondo,7962.8,9479.9,1161.5,24820.7,1082.7,4270
DTSUGH03,Agbarho 1,Ughelli North,Delta,51107.0,66590.4,8549.5,110048.2,6848.6,19269
KN2004,Garo,Kabo,Kano,28025.3,26669.8,5503.1,39889.0,6977.0,11362
ODSIOU04,Ileoluji 4,Ile Oluji/Okeigbo,Ondo,24257.5,79122.2,9741.7,23619.6,7850.5,3686
BNSTKP11,Ugboju Ehaje,Oturkpo,Benue,20144.4,21528.9,3832.3,22281.1,3685.9,3327
BYSSAG13,Toru-Ebeni,Sagbama,Bayelsa,14357.9,36041.5,4484.9,16196.7,3997.7,2987
DTSUGH05,Evwreni,Ughelli North,Delta,23956.3,15782.1,2047.2,26849.0,3183.0,5421
EDSEKP03,Ujiogba,Esan West,Edo,7760.7,6941.7,785.7,9746.1,858.6,1448
AKSDYY11,Oku 2,Uyo,Akwa Ibom,21676.5,23578.8,2592.5,41052.2,2460.7,5379
AKSENW01,Ebughu 1,Mbo,Akwa Ibom,11963.7,17503.9,2208.2,5427.3,1955.6,676
80503,Bingi South,Bungudu,Zamfara,29231.8,26233.4,5098.2,22892.2,5649.9,4033
52101,Bedi,Zuru,Kebbi,55310.4,58351.3,11801.4,36119.2,11468.4,6940
BA0716,Marana,Gamawa,Bauchi,38399.6,23370.6,4599.9,40693.4,7441.2,7891
ODSIOU06,Ileoluji 6,Ile Oluji/Okeigbo,Ondo,28892.6,37816.7,4598.2,39422.2,4927.6,6288
BYSSAG11,Ossiama,Sagbama,Bayelsa,5568.9,12676.1,1610.9,7108.3,1771.3,1462
OYSATIB07,Obada,Atisbo,Oyo,64.2,0.0,0.0,33.5,7.9,5
EDSEKP01,Ogwa,Esan West,Edo,17565.6,14251.9,1734.1,14213.6,2290.3,2123
AKSENW04,Uda 2,Mbo,Akwa Ibom,6577.2,11821.1,1512.5,4326.2,867.1,543
81009,Mayanchi,Maru,Zamfara,10625.6,11598.2,2381.1,9778.2,2155.5,1721
70207,Guba Dapso,Bursari,Yobe,12631.6,7014.4,1306.8,15851.7,2315.0,2732
EDSEHR02,Uhi,Uhunmwonde,Edo,2748.4,2380.0,306.8,7906.4,341.6,1173
AKSENW10,Uda 1,Mbo,Akwa Ibom,15675.7,16042.5,2030.3,6772.4,2746.6,840
AKSENW03,Ebughu 2,Mbo,Akwa Ibom,16193.1,24431.3,3126.0,7759.5,3333.1,961
KGSKNA12,Okura,Dekina,Kogi,19890.6,19853.9,3699.3,34146.5,3655.8,6106
BA0105,Maimadi,Alkaleri,Bauchi,60557.2,52739.6,10569.1,50621.4,12048.0,9608
70810,Kushimaga,Gulani,Yobe,18799.8,23970.8,4514.1,25117.5,3501.0,4425
71209,Degubi,Nangere,Yobe,6408.2,4841.2,969.1,12399.8,1276.1,2079
BA0512,Darazo West,Darazo,Bauchi,39567.9,36238.5,7414.4,32412.0,8815.3,6983
DTSUGH09,Ughelli Urban 1,Ughelli North,Delta,93821.7,83730.3,10870.2,122157.2,12897.6,20613
BA1212,Gambaki,Katagum,Bauchi,18457.9,17741.0,3498.7,32917.6,3558.0,6561
EDSEHR04,Irhue,Uhunmwonde,Edo,5177.6,6738.8,854.9,13245.2,645.7,2004
OYSOIE05,Igbori,Ori Ire,Oyo,3827.0,3881.3,443.8,3957.6,430.6,558
70410,Zangaya Mazawaun,Fika,Yobe,31624.7,23908.5,4459.9,23276.4,5835.7,4088
JI1804,Gayin,Kiri Kasama,Jigawa,10769.1,20060.8,3985.9,11863.6,2642.6,2794
EDSABD10,Iyoba,Orhionmwon,Edo,17858.9,20948.6,2580.5,15413.1,2121.4,2283
KGSKAB03,Aiyewa,Kabba/Bunu,Kogi,4325.3,4355.2,814.0,6725.8,906.0,1428
TRSBAL02,Bali B,Bali,Taraba,20603.2,7635.2,1451.0,30529.5,4166.8,4907
70104,Dawayo,Bade,Yobe,28124.5,43350.9,8379.3,19716.1,7249.7,3975
BYSYEN03,Atissa 3,Yenegoa,Bayelsa,46953.3,40552.1,4962.0,55100.6,6826.6,10173
KGSKAB05,Asuta,Kabba/Bunu,Kogi,18355.9,19713.1,3684.4,19973.8,3488.7,3326
AKSETN11,South Iman 4,Etinan,Akwa Ibom,31169.8,43081.8,5263.3,7968.3,3791.9,987
AKSETN06,South Iman 1,Etinan,Akwa Ibom,23001.2,39732.9,4856.6,7161.9,2732.4,887
AKSETN03,North Iman 1,Etinan,Akwa Ibom,19165.3,12239.6,1479.5,9898.5,2239.5,1241
51706,Sakace,Shanga,Kebbi,58988.6,48400.6,9506.6,36153.5,12233.1,7153
EDSEKP09,Ejoro,Esan West,Edo,14524.4,11562.6,1343.3,15706.9,1671.3,2357
EDSEKP10,Emuhi,Esan West,Edo,20742.8,20661.0,2323.2,39948.6,2269.9,6574
50207,Gumumunde-Rafin Tsaka,Arewa Dandi,Kebbi,23817.6,23348.4,4810.8,15037.3,4842.4,2882
KGSKAB15,Out / Egunbe,Kabba/Bunu,Kogi,17372.8,15519.7,2900.6,17067.1,3273.6,2824
AKSETN02,North Iman 2,Etinan,Akwa Ibom,35565.0,21078.2,2579.5,16683.6,4396.5,2100
OSSADE04,Ijugbe / Amola,Ayedade,Osun,13298.5,32164.8,3784.0,15661.8,1727.1,2330
OSSOUA08,Ogbagba 1,Ola Oluwa,Osun,17717.4,18775.5,2273.1,16643.8,2283.9,2529
TRSGAS09,Tutare,Gassol,Taraba,10846.1,17011.8,3288.5,15652.4,2063.6,2524
DTSUGH10,Ughelli Urban 2,Ughelli North,Delta,39458.1,39667.9,5147.4,63957.0,5297.6,10238
OSSOBN03,Ibala / Eesun,Obokun,Osun,3070.2,3084.6,363.8,4523.9,351.9,605
51008,Malisa,Gwandu,Kebbi,25250.3,20664.4,4212.4,16142.5,5052.0,3102
KGSKAB13,Okekoko,Kabba/Bunu,Kogi,25258.3,24176.2,4518.6,24465.7,4731.4,4083
AKSETN01,Urban 3,Etinan,Akwa Ibom,17089.1,23039.8,2824.0,6710.8,2059.7,831
81306,Kwaren Ganuwa,Tsafe,Zamfara,20625.0,26807.2,5430.7,25666.2,4361.1,4977
71702,Bulatura,Yusufari,Yobe,14453.2,19413.5,3616.8,29814.5,2657.7,5000
KGSNDG04,Ejule,Ibaji,Kogi,22476.8,20677.2,4058.1,19143.8,5376.5,3382
KGSKAB09,Odoape,Kabba/Bunu,Kogi,8549.6,8878.1,1646.3,15678.5,1542.7,2649
BA0718,Udubo North East,Gamawa,Bauchi,27798.5,38157.0,7516.7,33806.9,5391.7,7421
KGSKAB07,Egbeda / Oke Eja,Kabba/Bunu,Kogi,5493.4,4847.4,906.0,6419.0,1021.2,1078
BNSTKP07,Otobi,Oturkpo,Benue,12802.0,15472.9,2756.3,18656.7,2235.3,2671
BYSYEN07,Ekpetiama 2,Yenegoa,Bayelsa,21169.5,18225.1,2231.8,23922.8,3324.7,4552
ODSIOU09,Oke-Igbo 3,Ile Oluji/Okeigbo,Ondo,11360.7,5023.9,620.0,8482.7,1750.6,1244
71408,Danchuwa,Potiskum,Yobe,10889.9,12632.4,2493.6,33130.4,2113.9,6315
JI0405,Fagi,Biriniwa,Jigawa,15515.7,12994.8,2653.0,12263.4,3138.1,2509
71309,Dumsai,Nguru,Yobe,17422.7,15493.4,2838.9,8289.0,3472.1,1457
KGSKAB11,Okebunkun,Kabba/Bunu,Kogi,10067.9,10420.4,1918.3,18499.5,1825.4,3124
ODSIDNE04,Idale-Logbosere,Idanre,Ondo,71027.9,47688.5,7167.5,95306.2,10812.2,14884
50505,Kaoje Gwamba,Bagudu,Kebbi,78739.5,81059.1,16264.7,83814.5,15804.2,16149
AKSETN09,South Iman 2,Etinan,Akwa Ibom,29402.0,16269.4,1987.6,5536.0,3595.2,685
71110,Lamisu,Machina,Yobe,16192.5,13641.3,2505.5,14344.4,2943.0,2394
AKSKET03,Central 5,Eket,Akwa Ibom,6024.1,3881.6,480.3,2301.2,757.7,285
JI1001,Abunabo,Guri,Jigawa,21457.6,18093.9,3559.4,14966.7,4342.0,3681
AKSETN07,South Iman 3,Etinan,Akwa Ibom,14872.8,19759.4,2413.9,4079.5,1767.3,505
BA2016,Lodiyo,Zaki,Bauchi,18025.5,28084.5,5599.6,26322.2,3541.6,5477
PLSWAS15,Nyalun,Wase,Plateau,3578.6,3558.2,695.7,4462.4,688.5,677
ODSIDE05,Ijare-2,Ifedore,Ondo,13137.9,18945.1,2218.5,17686.9,2130.5,2718
ODSIDNE06,Irowo,Idanre,Ondo,3746.2,1497.2,225.0,3858.1,553.9,556
BA0502,Tauya West,Darazo,Bauchi,18143.4,25675.2,5283.0,28318.3,3701.4,5723
ODSIDE07,Ilara-1,Ifedore,Ondo,9333.1,12345.5,1414.9,7666.7,1749.1,1265
70505,Daura B,Fune,Yobe,37181.1,43016.2,8505.5,43265.2,7133.8,7829
AKSETN04,Urban 2,Etinan,Akwa Ibom,15689.0,11539.4,1409.8,7380.6,1903.9,914
AKSETN05,Urban 4,Etinan,Akwa Ibom,24607.0,11789.6,1440.3,8304.5,3103.6,1028
12703,Gasi,Shani,Borno,34771.6,21006.9,4170.0,53409.8,6844.6,8408
81006,Kanoma,Maru,Zamfara,43818.1,40136.1,8210.4,31541.4,8963.8,5612
EDSEHR09,Isi South,Uhunmwonde,Edo,1312.5,1314.1,173.7,4113.5,167.3,609
ODSIDE09,Ipogun / Ibule,Ifedore,Ondo,27213.3,34475.6,4096.1,23492.0,4077.0,3350
KGSKNA04,Egume,Dekina,Kogi,31672.5,28707.7,5338.9,45013.9,5798.6,9023
TRSGAS03,Mutum Biyu A,Gassol,Taraba,23404.4,34793.0,6727.3,30708.7,4467.8,5112
ODSIDNE02,Ala-Elefosu,Idanre,Ondo,19066.9,28352.9,4232.9,26248.0,2834.7,3931
71301,Afunori,Nguru,Yobe,24222.0,31198.9,5616.7,36559.8,4300.5,6284
GMSKLT05,Kaltungo West,Kaltungo,Gombe,54429.8,57121.6,11496.1,52626.9,12886.0,10122
AKSKET07,Urban 4,Eket,Akwa Ibom,40003.5,38443.3,4757.2,43905.7,5518.3,5621
AKSKET08,Central 4,Eket,Akwa Ibom,12248.6,14150.4,1775.4,9353.2,1526.3,1158
ODSAKN02,Igbatoro,Akure North,Ondo,12112.9,9318.9,1219.4,26422.5,1537.9,3624
ODSAKN12,Osi-Igoba,Akure North,Ondo,47555.5,45874.4,6011.2,121509.7,6036.0,16574
DTSJRT01,Ekakpamre,Ughelli South,Delta,56939.9,91232.5,12042.3,93652.1,8266.9,15460
ODSASW12,Okia,Akoko South West,Ondo,10175.9,8207.4,977.9,6589.7,1378.3,918
AKSKET09,Okon 1,Eket,Akwa Ibom,26988.0,32968.6,4150.3,13602.9,3320.5,1687
ODSAKN06,Obaile,Akure North,Ondo,38662.3,45298.2,5935.7,118199.0,4907.2,16141
ODSAKN04,Isimija,Akure North,Ondo,624.5,302.1,39.6,1402.9,79.3,190
ODSASW04,Ayegunle,Akoko South West,Ondo,35418.6,33104.9,3842.3,19377.7,4740.2,2636
ODSAKN09,Oke-Afa,Akure North,Ondo,5164.3,3535.9,463.3,12764.1,655.5,1838
AKSKET11,Central 2,Eket,Akwa Ibom,39283.6,47860.5,5922.8,44870.9,4792.1,5629
ODSASW11,Oka-Odo,Akoko South West,Ondo,7433.5,9518.3,1104.7,6364.4,1051.1,949
ODSASW08,Ikun,Akoko South West,Ondo,14897.4,20758.1,2447.7,7438.6,2069.4,1002
KGSKNE05,Obehira Eba,Okene,Kogi,25881.2,427246.3,85101.6,17313.9,41171.6,2886
ODSASW07,Ikese,Akoko South West,Ondo,23501.5,42475.6,4929.9,19558.0,3441.7,2838
ODSASW13,Owalusi,Akoko South West,Ondo,28635.2,28997.5,3365.6,21468.1,3928.7,3103
OSSIAE11,Okesa,Ilesha East,Osun,2102.0,1782.4,210.0,1614.0,299.7,210
ODSASW06,Ikanmu,Akoko South West,Ondo,4592.2,4293.5,507.5,4104.0,657.8,595
ODSASW05,Ibaka,Akoko South West,Ondo,9130.6,19641.5,2288.8,9450.0,1384.9,1417
70202,Kaliyari,Bursari,Yobe,19347.0,16968.1,3161.1,27288.9,3547.8,4790
OSSILA07,Oke Ede,Ila,Osun,3756.4,3832.5,481.3,5552.9,458.0,747
ODSASW01,Agba,Akoko South West,Ondo,14366.4,27850.2,3239.8,12197.1,2006.5,1744
12302,Kaguram,Monguno,Borno,11834.8,26560.6,4819.8,11503.0,2868.5,1671
AKSKTM03,Ndot Ikot Okoro 3,Oruk Anam,Akwa Ibom,43572.1,43194.1,5352.9,31912.4,5212.0,4032
AKSKET01,Central 1,Eket,Akwa Ibom,23590.8,22225.2,2750.5,15499.6,2871.8,1923
OGSSAU12,Ogijo,Shagamu,Ogun,42854.0,47715.7,6959.7,130782.7,6067.0,15361
51702,Gebbe,Shanga,Kebbi,25364.0,31514.8,6181.7,30286.5,6121.4,5974
AKSKET06,Okon 2,Eket,Akwa Ibom,12355.0,14268.8,1778.6,8810.4,1497.9,1093
OSSIAE04,Ijamo,Ilesha East,Osun,1480.1,1420.2,167.3,899.3,199.6,117
GMSBLR01,Banganje North,Billiri,Gombe,14020.8,13859.6,2765.0,13515.0,2762.8,2405
81010,Ruwan Doruma,Maru,Zamfara,21539.8,20100.9,3993.6,18160.0,4368.3,3320
AKSKET05,Urban 3,Eket,Akwa Ibom,18329.0,15828.0,1958.7,20999.8,2892.9,2771
BA0109,Futuk East,Alkaleri,Bauchi,28250.7,29356.9,5807.4,26882.3,5865.3,5806
BYSNEM10,Ogbolomabiri 3,Nembe,Bayelsa,5816.3,15523.0,1958.2,3864.4,2330.8,542
BYSNEM06,Mini,Nembe,Bayelsa,2845.5,7452.0,939.3,1933.0,1354.6,333
BYSNEM05,Ikensi,Nembe,Bayelsa,2353.6,10523.5,1327.5,2016.2,844.0,264
BYSGBB09,Opume-Ward 11,Ogbia,Bayelsa,11288.7,13268.0,1658.4,9580.2,2172.3,1623
RVSABM04,Aktward 4,Akuku Toru,Rivers,832.0,11234.8,1344.1,984.7,678.0,148
RVSABM10,Aktward 10,Akuku Toru,Rivers,0.0,6622.8,792.1,159.0,0.0,21
TRSLAU09,Mayo-Lope,Lau,Taraba,5857.0,7300.1,1297.3,6478.0,1019.4,1042
KGSLKJ10,Oworo,Lokoja,Kogi,86069.6,96348.3,16676.2,137323.2,15075.0,23183
DTSJRT09,Olomu 1,Ughelli South,Delta,20538.3,28409.8,3739.7,25683.8,2789.8,4277
KGSKNE03,Idoji,Okene,Kogi,11117.7,14874.4,2940.4,11162.6,2837.6,2104
KGSKPF08,Osshobane,Ogori/Magongo,Kogi,2300.8,2552.5,469.3,1841.6,652.4,357
EDSDGE04,Oregbeni,Ikpoba-Okha,Edo,21968.5,20337.1,2695.6,55931.8,2822.1,8719
KGSKPF04,Obatigben,Ogori/Magongo,Kogi,1752.0,2343.3,430.8,1187.4,484.9,217
EDSAGD02,Agenebode,Etsako East,Edo,52100.7,47813.3,7098.4,26183.5,10450.3,3922
EBSSKA11,Ndiokoro / Ndiokoro Ukwu,Ivo,Ebonyi,11458.1,15514.4,1788.1,5259.6,1368.6,900
EDSAGD01,Egori,Etsako East,Edo,12116.1,10561.4,1459.9,8991.5,1655.4,1334
AKSKKN05,Ediene 1,Ikono,Akwa Ibom,21029.5,14538.2,1752.3,16857.9,2447.9,2117
EDSAGD08,Iviukwe,Etsako East,Edo,22899.3,20760.7,2857.8,17966.8,3060.1,2685
EDSAGD04,Imiegba,Etsako East,Edo,16545.3,17612.5,2391.6,16352.8,2180.4,2475
DTSJRT11,Olomu 3-Effurun-Otor,Ughelli South,Delta,30294.1,33728.9,4436.5,34080.0,4305.5,5650
AKSKKN04,Nkwot 1,Ikono,Akwa Ibom,12838.7,20047.6,2473.3,6540.2,1552.0,810
AKSKKN07,Ediene 2,Ikono,Akwa Ibom,28874.3,31295.9,3820.7,16509.6,3424.3,2045
EDSAGD06,Iddo,Etsako East,Edo,22104.6,36124.9,4905.5,30088.1,2911.0,4505
KGSBJK10,Olla,Omala,Kogi,7690.7,905.0,178.8,8475.4,1570.5,1681
EDSAGD07,Okpekpe,Etsako East,Edo,13850.5,10414.5,1427.0,12337.0,1832.5,1889
EBSAKL20,Timber Shade,Abakaliki,Ebonyi,13508.2,8178.3,1300.4,18509.0,2109.9,3164
EDSDGE07,Ogheghe,Ikpoba-Okha,Edo,92045.8,87801.6,11614.7,221563.9,11819.8,33052
EDSDGE10,Irhinwinri,Ikpoba-Okha,Edo,118934.3,143559.9,19017.6,366435.2,15271.4,55218
AKSKTD01,Ubium North 1,Nsit Ubium,Akwa Ibom,30436.8,23534.9,2973.1,16275.3,3714.1,2030
EDSDGE06,Ukhiri,Ikpoba-Okha,Edo,38268.9,38617.5,5118.6,103684.4,4916.1,15938
EDSDGE05,Ologbo,Ikpoba-Okha,Edo,15299.1,14279.0,1879.9,34357.0,1983.9,5459
EDSFUG05,Ogbona,Etsako Central,Edo,19429.4,21515.7,2767.4,12652.0,2462.2,1886
AKSKKN06,Nkwot 2,Ikono,Akwa Ibom,4803.0,8183.8,986.5,2894.1,558.9,358
EDSFUG09,Iraokhor,Etsako Central,Edo,7889.6,10224.3,1315.1,6142.8,997.4,926
LASBDY12,Ikoga,Badagry,Lagos,11493.9,8310.8,1248.7,19830.3,1734.6,2236
EDSFUG03,Ivhiarua,Etsako Central,Edo,14913.1,12910.2,1676.0,10544.6,1925.5,1571
EDSFUG10,Ugbekpe,Etsako Central,Edo,16392.8,23362.7,3004.3,15842.0,2065.3,2357
EDSFUG06,Oghomere,Etsako Central,Edo,6841.5,9615.7,1237.4,6742.3,854.0,999
EDSFUG04,Anegbete,Etsako Central,Edo,12167.1,9810.7,1261.9,6498.6,1818.2,983
AKSKPD10,Nung Atai Ube 1,Okobo,Akwa Ibom,10371.6,11168.8,1420.2,5811.4,1485.6,721
KGSBJK07,Ogodu,Omala,Kogi,10872.3,2704.0,534.3,10501.5,2295.8,2172
KGSKFU08,Ofoke,Ofu,Kogi,10539.4,14013.4,2679.0,15176.0,1997.0,2506
KGSKFU06,Itobe / Okokenyi,Ofu,Kogi,32830.0,29371.0,5644.8,25265.3,8076.3,4225
KGSKFU04,Iboko / Efakwu,Ofu,Kogi,12665.6,12766.2,2454.7,15013.8,2391.4,2490
KGSKNE07,Okene-Eba / Agassa,Okene,Kogi,14488.7,17712.1,3501.3,11454.9,3524.2,1892
KGSKNE11,Ukpogoro / Odenku,Okene,Kogi,13811.0,19416.4,3843.5,8185.0,5361.6,1350
KGSKKF09,Odaki,Kogi,Kogi,11801.7,11540.0,2264.0,5293.3,2613.2,991
EBSBKL14,Ndiezoke,Izzi,Ebonyi,10361.8,5737.6,1077.5,10115.6,1902.1,1733
KGSKKF06,Girinya,Kogi,Kogi,21544.0,22039.1,4323.9,14989.2,4574.8,2662
KGSKKF11,Ukwo,Kogi,Kogi,8941.4,9416.5,1847.4,6199.8,2634.0,1151
KGSKKF07,Irenodu Riverine,Kogi,Kogi,6643.0,4974.1,973.1,3457.8,1633.8,627
KGSKKH11,Uboro / Ohuepe / Omare,Okehi,Kogi,4666.6,3998.3,777.5,4381.0,939.4,719
KGSKKH03,Obangede,Okehi,Kogi,51019.4,58473.7,11550.7,31965.1,10990.9,5252
KGSKKH06,Oboroke Eba,Okehi,Kogi,7765.7,9693.4,1914.8,7686.6,1788.3,1402
KGSKNE02,Bariki,Okene,Kogi,6550.7,8133.4,1607.8,8064.4,2398.4,1725
KGSKNE01,Abuga / Ozuja,Okene,Kogi,17234.6,22522.6,4452.3,18333.8,4166.2,3332
KGSKNE10,Oyunkoko,Okene,Kogi,27986.7,42445.3,8405.3,21674.2,9324.4,3717
KGSKNE06,Obehira Uvete,Okene,Kogi,21458.6,25602.9,5061.2,16288.1,5282.5,2758
KGSKPF09,Oturu-Opu,Ogori/Magongo,Kogi,5800.4,7015.9,1290.0,2391.4,1446.3,391
KGSKPF06,Okesi,Ogori/Magongo,Kogi,1382.0,1645.9,302.6,703.7,313.1,133
AKSKPD06,Okopedi 1,Okobo,Akwa Ibom,13190.6,8019.4,1021.1,10990.3,1807.9,1378
AKSKPD08,Offi 1,Okobo,Akwa Ibom,13982.8,13349.9,1699.8,6831.6,1842.1,846
KGSKPF10,Ugugu,Ogori/Magongo,Kogi,7919.5,10992.0,2056.9,4060.3,3686.6,696
KGSKPF07,Okibo,Ogori/Magongo,Kogi,1371.6,2134.1,392.4,1067.5,362.8,194
KGSKPF01,Aiyeromi,Ogori/Magongo,Kogi,6835.4,9847.4,1810.6,2446.7,1728.2,400
LASLMD08,Botanical Garden,Lagos Mainland,Lagos,7232.0,24947.5,2794.9,10608.0,2897.5,1693
KGSKPF05,Obinoyen,Ogori/Magongo,Kogi,3635.5,5049.2,928.4,2112.0,1192.3,383
KGSKPF03,Ileteju,Ogori/Magongo,Kogi,5608.1,7071.7,1300.2,1914.7,1312.1,313
KGSKPF02,Eni,Ogori/Magongo,Kogi,5198.1,6778.8,1246.4,2583.2,1252.6,476
DTSJRT06,Jeremi 2,Ughelli South,Delta,44410.4,38798.8,5103.3,41890.6,6402.1,6851
EBSHKW19,Nsurakpa,Ohaukwu,Ebonyi,12065.8,805.1,121.0,8253.0,1761.0,1418
ODSOWT05,Laje,Ondo West,Ondo,35632.5,25954.1,3415.2,29768.1,5167.4,4638
KGSLAM03,Efofe,Olamaboro,Kogi,20569.1,19014.1,3510.2,40076.1,3707.5,6615
KGSLAM10,Okpo,Olamaboro,Kogi,22969.6,24034.7,4437.1,47144.6,4139.6,7887
KGSLKJ05,Lokoja A,Lokoja,Kogi,53884.2,47523.0,7775.8,80857.0,8957.4,14095
KGSLKJ07,Lokoja C,Lokoja,Kogi,2909.2,1952.7,319.5,5183.1,467.6,1235
AKSKPD04,Nung Atai Ube 2,Okobo,Akwa Ibom,27718.8,27742.1,3532.3,14993.2,3794.8,1875
KGSLKJ04,Kupa South,Lokoja,Kogi,9651.2,10463.6,1738.6,22080.8,1609.5,4306
KGSLKJ02,Kakanda,Lokoja,Kogi,14303.5,13486.9,2332.4,35457.0,2727.7,5993
KGSLKJ01,Eggan,Lokoja,Kogi,3915.8,3022.7,608.3,3038.4,1194.6,619
KGSLKJ03,Kupa North,Lokoja,Kogi,9979.3,9299.5,1613.7,15336.3,1753.7,2911
AKSKPD02,Eweme 2,Okobo,Akwa Ibom,11553.4,15411.0,1962.2,5875.9,1447.9,728
ODSOWT06,Lekere / Abu,Ondo West,Ondo,6297.2,3813.4,505.1,5152.3,919.8,706
ODSOWT04,Jilalu,Ondo West,Ondo,36112.2,58062.5,7707.0,41036.3,7001.6,6975
TRSLAU01,Abbare,Lau,Taraba,2900.1,5763.6,1024.3,5819.6,504.7,951
ODSOWT10,Okelisa / O,Ondo West,Ondo,53213.3,83973.6,11117.4,71664.5,10420.7,12293
AKSKPD09,Okopedi 2,Okobo,Akwa Ibom,10631.3,7320.5,932.1,6062.1,1557.1,751
ODSOWT12,Yaba,Ondo West,Ondo,4039.8,3603.5,441.7,13301.4,497.1,2478
DTSJRT07,Jeremi 3,Ughelli South,Delta,45523.8,36926.7,4862.4,47199.8,7619.9,8570
DTSJRT10,Olomu 2,Ughelli South,Delta,6185.0,10354.2,1363.2,8636.1,910.0,1557
TRSLAU02,Dobeli,Lau,Taraba,6375.6,8788.0,1561.8,7393.4,1109.6,1188
AKSNGD04,Ibesikpo 4,Ibesikpo Asutan,Akwa Ibom,3164.1,6434.3,812.6,2625.0,388.1,325
ODSOWT09,Oka,Ondo West,Ondo,69224.4,107954.2,14329.3,77368.0,12793.5,12233
ODSOWT03,Ilunla,Ondo West,Ondo,16969.1,17021.5,2259.4,12514.4,2661.4,1692
ODSOWT02,Igunshin,Ondo West,Ondo,27860.1,30011.4,4002.8,23584.0,4439.7,3532
ODSOWT01,Igbindo,Ondo West,Ondo,41507.3,43516.7,5777.0,39328.0,6227.4,5922
AKSKPK06,Ward 11,Ukanafun,Akwa Ibom,15685.6,22626.0,2872.8,13640.5,1923.4,1689
TRSLAU03,Donadda,Lau,Taraba,18014.6,14207.7,2606.0,22038.8,3246.5,3617
AKSKPD03,Eweme 1,Okobo,Akwa Ibom,9495.9,11369.9,1447.3,4151.9,1192.7,514
AKSKPD07,Akai Mbokpo Udung,Okobo,Akwa Ibom,6631.3,10068.1,1281.8,3614.8,830.8,448
TRSLAU04,Garin Dogo,Lau,Taraba,7305.8,11277.0,2004.1,10530.2,1271.5,1691
TRSTZG10,Zing,Zing,Taraba,39967.8,65353.7,11702.5,41747.4,7271.5,7023
AKSKPK05,Ward 9,Ukanafun,Akwa Ibom,23406.9,21520.5,2737.9,16404.7,2881.4,2031
AKSKPK11,Ward 6,Ukanafun,Akwa Ibom,21559.8,20240.8,2575.1,16456.5,2652.6,2106
TRSTZG08,Tagallang,Zing,Taraba,20364.9,19659.7,3459.8,25416.8,3620.2,4107
60404,Kadadi,Gada,Sokoto,42237.0,37537.5,7859.1,38930.4,8816.0,7226
TRSTZG03,Dingding,Zing,Taraba,8632.7,8035.4,1439.0,11340.6,1515.8,1821
AKSKPK08,Ward 4,Ukanafun,Akwa Ibom,13870.4,17435.4,2218.2,8152.0,1704.7,1009
TRSTZG01,Bitako,Zing,Taraba,18338.2,8981.4,1608.5,20353.5,3233.5,3269
KGSLKJ09,Lokoja E,Lokoja,Kogi,21711.9,13820.4,2261.3,28203.4,3664.3,5283
TRSTZG06,Lamma,Zing,Taraba,17726.0,9244.1,1647.0,18560.3,3087.5,2981
AKSKPK09,Ward 2,Ukanafun,Akwa Ibom,16251.1,20265.4,2578.2,7968.7,1996.6,987
AKSKPK03,Ward 8,Ukanafun,Akwa Ibom,17668.9,12832.5,1609.3,14134.9,2145.5,1750
TRSYRR01,Dankum,Yorro,Taraba,17636.1,7451.0,1304.8,23460.2,3011.0,3772
TRSTZG05,Kosensi,Zing,Taraba,9493.6,3933.9,674.6,15318.9,1596.9,2460
TRSTZG04,Kakulu,Zing,Taraba,6269.6,8662.0,1489.1,13922.7,1057.4,2284
AKSKPK07,Ward 10,Ukanafun,Akwa Ibom,4522.0,4254.6,534.1,3263.8,547.8,404
AKSKRT02,Okorobilom,Eastern Obolo,Akwa Ibom,6208.8,13083.5,1667.5,3246.5,1679.5,412
TRSTZG09,Yakoko,Zing,Taraba,28314.0,17897.5,3133.1,40646.9,4845.4,6544
TRSTZG07,Monkin,Zing,Taraba,10724.5,6978.7,1249.8,7556.0,1931.8,1213
AKSKPK10,Ward 7,Ukanafun,Akwa Ibom,31834.7,17344.8,2187.5,15037.7,3899.1,1862
TRSYRR06,Mannang,Yorro,Taraba,9468.2,12630.9,2178.8,19143.9,1607.4,3090
TRSYRR08,Nyaja,Yorro,Taraba,8528.7,3685.7,631.2,9500.6,1428.8,1526
TRSYRR07,Mika,Yorro,Taraba,2151.8,2739.0,469.1,3278.2,360.2,528
TRSYRR03,Kajong,Yorro,Taraba,3142.7,3981.4,682.8,6384.6,527.0,1029
EDSFUG01,Adachi,Etsako Central,Edo,12770.2,9297.8,1195.9,6092.0,1616.9,906
TRSYRR04,Kassa,Yorro,Taraba,9904.7,7768.2,1330.3,16244.4,1657.7,2621
AKSKPK02,Ward 3,Ukanafun,Akwa Ibom,23210.7,14776.9,1866.2,16220.2,2837.2,2016
TRSYRR09,Pantisawa,Yorro,Taraba,26196.8,27134.5,4657.5,33336.8,4506.4,5378
EDSAGD05,Ogute,Etsako East,Edo,8977.3,11857.7,1610.2,16699.3,1198.5,2927
EDSAGD03,Okhashia,Etsako East,Edo,13931.5,17964.8,2439.4,16216.1,1836.7,2478
AKSKTD05,Ubium North 2,Nsit Ubium,Akwa Ibom,8281.1,8989.9,1135.9,5178.3,1009.7,641
TRSLAU07,Kunini,Lau,Taraba,23499.7,15788.2,2977.7,23858.9,4476.6,3972
AKSKPK04,Ward 1,Ukanafun,Akwa Ibom,1326.8,1587.3,201.9,1150.2,163.0,142
AKSKRT07,Emeroeke,Eastern Obolo,Akwa Ibom,2381.5,3655.3,463.7,1676.9,488.7,211
TRSLAU06,Jimlari,Lau,Taraba,15249.5,15392.9,2735.5,25632.6,2654.0,4150
TRSLAU05,Garin Magaji,Lau,Taraba,8787.9,6083.5,1081.1,9002.2,1529.5,1446
EDSAGD09,Afokpella,Etsako East,Edo,26463.6,26376.0,3581.7,27968.6,3817.7,4282
AKSKRT10,Atabrikang,Eastern Obolo,Akwa Ibom,1689.7,2572.6,327.5,1084.6,283.9,134
AKSKRT01,Amadaka,Eastern Obolo,Akwa Ibom,12195.3,19285.7,2449.3,4762.9,2694.1,597
EDSFUG08,Udochi,Etsako Central,Edo,1215.9,381.5,51.3,592.7,157.2,88
TRSTZG02,Bubong,Zing,Taraba,17685.2,12753.4,2284.0,13015.6,3108.6,2090
TRSYRR10,Pupule,Yorro,Taraba,4750.7,4867.6,841.3,7979.7,810.1,1282
AKSKTD04,Obiakpan Obiotim 1,Nsit Ubium,Akwa Ibom,5694.0,6449.6,795.3,1590.3,680.8,197
AKSKTD10,Ubium South 1,Nsit Ubium,Akwa Ibom,16458.7,26834.8,3409.8,11498.1,2025.1,1443
KGSKKH01,Ekaeika-Ohizenye,Okehi,Kogi,67312.1,51393.0,9754.9,43170.9,14036.1,7231
AKSKTS08,Ukpon Ete1,Ikot Abasi,Akwa Ibom,9157.5,12718.0,1525.6,10987.1,1074.2,1437
KGSKKH10,Okaito,Okehi,Kogi,15283.8,13827.9,2729.5,11358.6,3323.0,1875
EDSAGD10,Iviari,Etsako East,Edo,12720.2,9775.2,1327.4,13890.0,1670.9,2152
AKSKTD08,Ubium South 2,Nsit Ubium,Akwa Ibom,24530.2,42204.9,5331.7,17402.1,3032.4,2155
EDSFUG07,Osomegbe / Udaba,Etsako Central,Edo,26702.3,22831.8,2975.3,14480.1,3978.0,2245
EDSFUG02,Ivhinone,Etsako Central,Edo,10937.4,8785.3,1136.2,7153.7,1395.4,1066
LASBDY15,Iworo-Gbanko,Badagry,Lagos,21659.7,16949.2,2534.9,34064.1,3826.1,3819
LASBDY17,Kweme,Badagry,Lagos,3649.7,9519.1,1526.2,11671.1,534.4,1303
AKSKTD06,Ubium North 3,Nsit Ubium,Akwa Ibom,16625.4,11631.3,1466.6,10685.7,2025.5,1331
LASKSE22,Ikosi Isheri,Kosofe,Lagos,25532.9,53009.5,6476.4,15257.3,6445.1,1690
LASEPE13,Naforija / Poka,Epe,Lagos,8810.4,10312.8,1310.9,10851.6,1084.7,1230
LASAON08,Ijegun,Amuwo Odofin,Lagos,29497.9,30678.8,3271.7,53588.1,3315.6,6632
LASBDY04,Ajido,Badagry,Lagos,29842.0,30278.3,4549.4,78096.2,4410.5,8688
LASBDY07,Aradagun-Mowo,Badagry,Lagos,7179.0,11053.8,1660.9,31809.8,1051.1,3545
LASEPE09,Ifesowapo / Temu Oke-Oso,Epe,Lagos,23760.5,18715.1,2379.0,27792.9,2994.4,3107
LASIKU09,Baiyeku / Orita / Offin,Ikorodu,Lagos,18488.5,27995.0,3151.5,22029.6,2390.3,2606
LASOJO09,Irewe,Ojo,Lagos,7114.5,8045.2,1172.0,3609.6,2858.0,391
AKSKTM05,Ndot Ikot Okoro 1,Oruk Anam,Akwa Ibom,12501.1,6139.8,769.6,8853.8,1512.0,1105
LASBDY02,Ajara Topa,Badagry,Lagos,6518.9,7368.2,1107.1,19665.8,954.4,2242
LASLMD02,Abule Oja,Lagos Mainland,Lagos,17800.1,42151.7,4659.9,23487.9,5031.8,5359
LASBDY19,Topo-Idale,Badagry,Lagos,4667.6,7455.8,1120.3,14559.6,685.2,1578
LASEPE07,Ejirin / Ketu,Epe,Lagos,8424.2,6466.4,822.0,9027.9,1044.8,1021
LASIKU13,Ibeshe,Ikorodu,Lagos,20093.6,16368.8,2301.9,38006.7,2986.9,4496
LASEPE03,Aiyetoro / Lagbade / Agbala / Olota,Epe,Lagos,8173.9,7064.4,898.0,12983.8,1053.7,1636
LASIKU11,Elepe,Ikorodu,Lagos,16745.3,21644.2,3132.4,43877.2,2371.2,4829
LASIKU07,Atere,Ikorodu,Lagos,32621.4,33922.6,5053.0,64586.3,4740.6,7102
AKSMKP01,Ikpa Ikono 2,Mkpat Enin,Akwa Ibom,20774.5,21553.1,2688.0,9394.1,2535.8,1163
LASIKU21,Maja,Ikorodu,Lagos,18605.7,18508.6,2726.7,30143.2,2672.5,3286
LASBDY06,Apa,Badagry,Lagos,12781.7,12562.4,1887.6,25373.1,1896.2,2768
LASIKU19,Itumokun,Ikorodu,Lagos,35811.5,49819.3,6215.4,66380.0,4939.5,7531
LASIKU25,Oke-Oyinbo /  Aiyetoro,Ikorodu,Lagos,15979.7,25424.9,2864.0,26091.0,2143.7,3237
LASBDY14,Isalu / Iyafin,Badagry,Lagos,14192.2,16437.7,2469.8,53154.6,2077.9,5796
LASEPE14,Odomola,Epe,Lagos,19746.9,22201.7,2822.1,41117.3,2435.2,4720
61905,Raka,Tangaza,Sokoto,14350.1,7553.1,1545.0,10066.6,2959.5,1824
LASIKU18,Isiu,Ikorodu,Lagos,29414.2,33662.2,4980.1,68089.4,4239.2,7598
LASIKU08,Ayegbami / Odoro,Ikorodu,Lagos,12635.0,17363.6,1958.9,10363.8,1743.5,1248
LASEPE08,Ibonwon,Epe,Lagos,8823.7,9446.2,1200.7,18624.4,1087.1,2108
LASEOA17,Okun Ajah / Okunmopo,Eti Osa,Lagos,26324.5,33857.5,3633.1,73734.2,2777.4,8795
LASOJO06,Ijanikin,Ojo,Lagos,39170.6,67454.8,9883.8,48023.6,8004.5,6460
LASOJO04,Iba,Ojo,Lagos,49444.3,85768.7,12553.2,68589.0,10326.0,8909
LASAON02,Ado Soba,Amuwo Odofin,Lagos,15060.9,19753.9,2106.6,28873.8,1559.6,3475
AKSKTM08,Ikot Ibritam 2,Oruk Anam,Akwa Ibom,18546.9,14076.3,1752.6,11577.5,2230.7,1434
LASAON10,Irepodun,Amuwo Odofin,Lagos,7954.9,8864.1,945.3,16355.2,822.9,2053
LASIKU22,Majidun,Ikorodu,Lagos,17612.4,10529.7,1520.1,25995.3,3122.1,3576
ADSTNG08,Toungo 1,Toungo,Adamawa,11456.3,15516.8,2770.4,15913.9,2018.3,2782
LASAON05,I Irede,Amuwo Odofin,Lagos,16580.3,14390.9,1534.7,21148.2,2204.9,2504
LASBDY03,Ajara Vetho,Badagry,Lagos,19415.7,22612.4,3397.6,76077.4,2842.7,8991
LASEPE05,Ajebo Orugbo,Epe,Lagos,23065.6,21269.2,2703.6,19882.3,2840.5,2171
LASBDY05,Akoro,Badagry,Lagos,16766.9,6956.8,1045.3,13508.8,2479.7,1501
AKSKTM10,Ndot Ikot Okoro 2,Oruk Anam,Akwa Ibom,34323.1,34430.0,4198.9,36418.3,4066.8,4554
LASEOA18,Sangotedo,Eti Osa,Lagos,53952.2,66513.0,7141.2,140184.1,5676.3,16721
LASLID06,Epetedo East,Lagos Island,Lagos,1383.5,2505.6,269.9,1748.8,208.6,233
LASEPE15,Odoragunsin,Epe,Lagos,32964.1,33742.8,4289.6,39514.0,4059.5,4384
LASBDY09,Awhanjigoh,Badagry,Lagos,6686.2,4307.1,647.2,8757.7,998.9,991
LASBDY01,Ahovikoh,Badagry,Lagos,3251.9,3326.6,499.8,9716.0,476.1,1089
LASBDY16,Jegba Quarters,Badagry,Lagos,13399.9,6889.6,1035.2,22453.4,1992.0,3122
LASBDY20,Wesere,Badagry,Lagos,5090.0,3884.0,583.6,7371.2,745.2,806
LASIUI03,Ise / Igbogun,Ibeju Lekki,Lagos,2702.9,1256.5,157.4,4078.2,331.3,500
LASLID17,Okepopo West,Lagos Island,Lagos,960.0,1536.9,165.5,1226.3,159.9,262
LASLID07,Epetedo West,Lagos Island,Lagos,1408.0,2621.8,282.4,2657.0,252.7,387
LASATO14,Owoyemi,Ajeromi/Ifelodun,Lagos,9152.0,113568.0,14441.5,13048.4,16944.3,1742
AKSKTS03,Ikpa Ibekwe 2,Ikot Abasi,Akwa Ibom,23877.5,20069.8,2407.5,13020.4,3721.6,1627
NISNAS04,Kawo,Magama,Niger,48146.1,63170.0,13019.6,59052.3,9795.8,9674
LASBDY10,Gbethrome,Badagry,Lagos,31287.7,32302.8,5085.0,43925.0,4586.2,5196
AKSKTS06,Ukpum Okon,Ikot Abasi,Akwa Ibom,9821.8,13720.1,1645.8,9123.2,1141.2,1133
AKSKTS09,Edemaya 3,Ikot Abasi,Akwa Ibom,11544.2,14666.0,1759.3,8507.3,1341.9,1053
LASEPE19,Sagida / Okeposu,Epe,Lagos,5924.1,4231.5,537.9,9879.6,932.7,1629
LASAPA04,Anjorin,Apapa,Lagos,6145.9,13179.2,1514.7,4779.1,1476.9,536
LASAPA01,Abete,Apapa,Lagos,1728.0,3345.5,389.7,3298.0,393.2,517
LASEPE11,Mayunre-Oriba,Epe,Lagos,28929.5,28508.5,3625.5,48608.9,3673.3,5484
LASEPE10,Ilara,Epe,Lagos,6794.8,7447.7,948.5,9498.5,838.4,1062
AKSKTS10,Edemaya 2,Ikot Abasi,Akwa Ibom,13290.4,19188.5,2304.5,11912.5,1544.9,1481
AKSMKP04,Ikpa Ikono 3,Mkpat Enin,Akwa Ibom,14715.2,15294.9,1896.4,3936.3,1794.5,487
LASEOA01,1004 / Aboyade,Eti Osa,Lagos,14498.5,10191.4,1084.0,20959.8,1716.9,2469
NISGWU02,Boyi,Gurara,Niger,5854.6,4709.3,928.1,7026.1,1135.9,1137
LASEPE17,Owu / Ota,Epe,Lagos,4403.9,2949.4,374.9,4602.5,542.2,502
LASEPE12,Mayunre-Oriba / Orepete-Ito Omu,Epe,Lagos,8539.8,7048.2,887.1,12056.2,1097.9,1350
LASEPE16,Olugbokere / Abomiti,Epe,Lagos,21191.5,22926.4,2920.7,30592.0,2949.6,3575
LASAON09,Ilado Tomaro,Amuwo Odofin,Lagos,23744.5,23720.4,2671.8,21779.9,4437.1,2993
DTSAGB08,Emuhu,Ika South,Delta,25092.9,21367.1,2616.1,40838.6,2998.1,6087
LASOJO03,Etegbin,Ojo,Lagos,40250.9,71019.2,10406.1,55482.9,11794.2,7816
60203,Bangi Dabaga,Bodinga,Sokoto,36448.8,36054.3,7317.4,32927.8,7243.5,5825
LASOJO02,Egan,Ojo,Lagos,8097.3,11327.0,1659.7,7338.7,2551.4,966
AKSMKP07,Ukpum Minya 1,Mkpat Enin,Akwa Ibom,7051.3,8374.6,1041.4,4420.2,865.9,547
LASOJO15,Taffi,Ojo,Lagos,20857.3,14386.1,2068.5,12518.9,5040.4,1382
AKSMKP06,Ikpa Ibom 3,Mkpat Enin,Akwa Ibom,36861.9,36099.2,4493.4,21872.6,4751.4,2715
AKSMKP05,Ukpum Minya 4,Mkpat Enin,Akwa Ibom,12151.5,15747.1,1963.9,12265.8,1484.8,1529
AKSMKP02,Ikpa Ibom 4,Mkpat Enin,Akwa Ibom,11983.5,17830.1,2221.7,5811.3,1552.7,720
LASIKU14,Igbokuta / Oke-Agbo / Igbalu,Ikorodu,Lagos,16818.7,17346.1,2478.4,35415.1,2364.5,4418
AKSMKP09,Ibiaku 3,Mkpat Enin,Akwa Ibom,14036.4,15663.6,1953.5,5622.3,1732.1,696
60809,Rungumawa Gatti,Illela,Sokoto,25308.1,27553.8,5727.9,22236.5,5299.5,4024
LASIKA13,Onilekere,Ikeja,Lagos,14140.6,32896.7,3694.1,18938.7,3121.3,2525
DTSBMA02,Akugbene 2,Bomadi,Delta,9584.6,13535.3,1755.7,9247.4,2656.2,2028
AKSMKP03,Ukpum Minya 3,Mkpat Enin,Akwa Ibom,1844.2,2078.0,259.2,680.5,225.5,84
LASIKU10,Egbin / Itunoliwo,Ikorodu,Lagos,95.0,160.9,22.4,198.3,13.8,21
LASIKU30,Tonabu / Opopo,Ikorodu,Lagos,22958.4,26951.5,4000.4,49777.0,3320.7,5424
AKSNGD06,Asutan 4,Ibesikpo Asutan,Akwa Ibom,9671.7,9627.3,1208.3,3906.8,1175.9,484
AKSNGD08,Ibesikpo 2,Ibesikpo Asutan,Akwa Ibom,33409.9,26920.4,3379.7,33595.2,4030.3,4162
LASOIO12,Ilamoshe,Oshodi/Isolo,Lagos,28592.9,107254.6,13147.0,32630.2,12161.9,4005
AKSNGD07,Asutan 2,Ibesikpo Asutan,Akwa Ibom,10258.1,5151.8,650.4,7470.9,1252.9,925
AKSNGD09,Asutan 5,Ibesikpo Asutan,Akwa Ibom,17702.4,12792.1,1621.1,12601.7,2171.6,1562
LASSMU08,Igbobi / Fadeyi,Shomolu,Lagos,4441.5,12422.8,1392.6,4804.9,1227.7,669
LASLID02,Alagba / Obadina,Lagos Island,Lagos,512.0,723.3,77.9,784.0,95.2,180
60501,Birjingo,Goronyo,Sokoto,14952.8,17324.4,3593.9,12686.1,3782.0,2394
AKSNGD05,Ibesikpo 1,Ibesikpo Asutan,Akwa Ibom,71475.5,84880.7,10008.5,98411.9,8189.5,12294
AKSNGD01,Asutan 1,Ibesikpo Asutan,Akwa Ibom,20718.6,9704.7,1221.2,13429.2,2522.2,1663
AKSNTE04,Obot Akara 1,Obot Akara,Akwa Ibom,19616.2,31272.1,3920.3,10515.2,2465.3,1304
AKSNTE01,Nto-Edino 3,Obot Akara,Akwa Ibom,11476.9,19075.5,2451.4,3803.4,1467.2,471
AKSNTE06,Nto-Edino 2,Obot Akara,Akwa Ibom,23500.4,28166.0,3619.7,9752.1,3034.0,1208
LASMUN08,Ilupeju,Mushin,Lagos,7744.0,34224.1,3939.1,11987.0,4256.2,1754
LASAMO15,Bada-Megida,Alimosho,Lagos,97767.1,197899.8,28267.6,150198.5,22991.2,19362
LASAMO24,Ijegun,Alimosho,Lagos,47193.4,72097.7,8226.5,108566.3,6016.2,13463
LASAMO05,Abule Egba,Alimosho,Lagos,37046.5,160181.3,20855.2,63048.6,22829.9,10359
AKSNTE07,Obot Akara 2,Obot Akara,Akwa Ibom,37664.3,32881.4,4132.7,25847.5,4639.5,3201
AKSNTE09,Ikot Abia 3,Obot Akara,Akwa Ibom,22948.1,5050.3,649.0,11225.5,2933.5,1390
OSSAME08,Iwara,Atakunmosa East,Osun,14120.5,14143.5,1608.0,17066.7,1607.3,2372
OSSAME06,Iperindo,Atakunmosa East,Osun,5910.0,5781.2,703.5,15408.1,696.8,2177
OSSENH07,Ologun / Agbaakin,Ede North,Osun,11222.6,10310.0,1257.7,8361.9,1341.1,1089
62106,Gumbi,Wamakko,Sokoto,11609.6,12186.5,2278.6,24004.7,2133.6,4297
60702,Atakwanyo,Gwadabawa,Sokoto,25426.3,18293.2,3752.4,19979.3,5148.1,3558
60509,Sabon Gari Dole,Goronyo,Sokoto,24764.8,32894.2,6750.7,18247.0,5867.3,3328
61808,Sabon Birni,Tambuwal,Sokoto,25792.7,16560.3,3295.8,12361.1,5255.1,2253
AKSNTE05,Ikot Abia 2,Obot Akara,Akwa Ibom,28959.9,33417.3,4270.6,18551.8,3672.1,2297
AKSNTE08,Obot Akara 3,Obot Akara,Akwa Ibom,29397.4,27386.8,3519.5,13369.0,3831.3,1655
60908,Tozai,Isa,Sokoto,9187.0,10645.8,2171.4,6051.4,2033.4,1075
60811,Darna Tsolawo,Illela,Sokoto,16131.7,19059.1,3962.0,12850.1,3376.7,2314
KD0103,Magajin Gari 1,Birnin Gwari,Kaduna,27002.6,23581.9,4972.3,19607.8,6523.4,3667
60610,Tullun Doya,Gudu,Sokoto,9500.8,8840.5,1774.6,7580.7,1886.1,1367
ADSGUY03,Bodeno,Guyuk,Adamawa,16217.4,19509.1,3618.0,16638.1,3256.3,3021
81007,Kuyanbana,Maru,Zamfara,48152.9,46702.1,9594.5,31444.2,9763.7,5550
AKSMKP10,Ibiaku 1,Mkpat Enin,Akwa Ibom,27746.4,29625.1,3694.7,14625.4,3418.6,1841
AKSAED04,Ward 4,Nsit Atai,Akwa Ibom,10068.9,8251.2,1058.9,5747.6,1266.8,718
60608,Kurdula,Gudu,Sokoto,19189.6,22455.4,4507.7,15538.0,3803.7,2748
60107,Samama,Binji,Sokoto,7546.2,12444.5,2642.8,6896.4,1723.5,1240
KD0104,Magajin Gari 2,Birnin Gwari,Kaduna,56617.4,54425.6,11475.1,47984.6,14100.2,8633
60803,Darna Sabon Gari,Illela,Sokoto,33945.9,33827.0,7027.7,26735.9,7010.4,4905
KD0105,Magajin Gari 3,Birnin Gwari,Kaduna,37643.7,32659.9,6879.1,32518.2,7821.8,5769
60709,Mammande,Gwadabawa,Sokoto,23315.6,36612.6,7606.0,24084.4,4814.0,4421
61809,Saida Goshe,Tambuwal,Sokoto,14189.4,16877.2,3420.7,10268.7,2858.0,1816
AKSNTE10,Nto-Edino 1,Obot Akara,Akwa Ibom,21416.2,27617.7,3549.2,9238.5,2753.1,1144
AKSABK03,Abak 2,Abak,Akwa Ibom,16003.0,10512.2,1258.8,9624.2,1861.2,1192
AKSKTM11,Ibesit Nung Ikot 1,Oruk Anam,Akwa Ibom,15324.4,18808.8,2339.6,12259.7,1841.5,1528
AKSNGD10,Asutan 3,Ibesikpo Asutan,Akwa Ibom,8275.7,4089.4,517.8,6438.5,1022.6,797
OGSODA02,Alagbagba,Odeda,Ogun,3576.5,3671.1,511.8,9805.9,479.6,1184
OGSOGU02,Ibefun,Odogbolu,Ogun,12677.1,12609.7,1562.3,15067.3,1519.1,1843
OGSOGU04,Igbile,Odogbolu,Ogun,14434.7,16071.8,1991.4,23649.4,1730.1,2870
OGSWSD06,Ilushin,Ogun Waterside,Ogun,8771.8,9909.7,1294.0,8284.0,1110.3,989
KD0102,Kakangi,Birnin Gwari,Kaduna,34021.6,50957.0,10726.5,26291.8,7056.4,4453
60205,Danchadi,Bodinga,Sokoto,32844.9,25484.4,5087.0,20698.1,6598.1,3684
60106,Maikulki,Binji,Sokoto,27833.3,25885.6,5497.2,14846.0,6224.9,2695
60903,Bargaja,Isa,Sokoto,19362.2,26532.0,5398.5,14022.5,6482.8,2507
62303,Binjin Muza,Yabo,Sokoto,16214.3,12316.7,2615.3,12390.3,3383.3,2226
OGSSAU11,Odelemo,Shagamu,Ogun,25580.8,20378.7,2951.8,45624.4,3601.1,5552
OGSIUU04,Ikija,Ijebu East,Ogun,9421.5,5434.6,755.0,13088.2,1265.8,1593
OGSOGU06,Ilado,Odogbolu,Ogun,3962.7,3630.2,448.4,4451.1,472.9,531
OGSIKA03,Ajegunle,Ipokia,Ogun,15735.9,23518.6,3387.9,44286.7,2101.6,5238
OGSIKA01,Agada,Ipokia,Ogun,9843.0,7745.3,1083.7,10264.3,1334.7,1201
OGSIKA07,Ijofin,Ipokia,Ogun,24339.2,23114.1,3327.0,33109.8,3251.3,3873
OGSIUN08,Oke Agbo,Ijebu North,Ogun,37740.5,28323.1,3341.8,40446.5,5737.8,5334
OGSIUN05,Mamu,Ijebu North,Ogun,3239.2,2761.3,345.4,4019.2,407.1,493
70301,Maisandari / Waziri Ibrahim,Damaturu,Yobe,22290.7,24429.2,4232.1,49773.8,3790.3,8283
JI0308,Surko,Birnin Kudu,Jigawa,27521.1,25703.8,5176.0,25402.5,5482.5,5251
OGSOGU16,Ososa,Odogbolu,Ogun,18883.5,16682.2,2123.1,32215.1,2340.3,3864
OGSWSD01,Abigi,Ogun Waterside,Ogun,16424.1,17965.8,2281.8,21093.5,2023.6,2635
AKSABK10,Abak 4,Abak,Akwa Ibom,24721.4,25026.4,3041.7,27212.9,2909.6,3382
OGSODA09,Opebi,Odeda,Ogun,21614.7,16855.2,2411.2,25606.6,3003.8,2993
AKSNYA01,Ito 3,Ika,Akwa Ibom,13668.8,8322.2,1027.1,8757.7,1635.2,1127
OGSIUN02,Ago Iwoye 2,Ijebu North,Ogun,18427.6,24689.2,2915.0,12981.4,2323.7,1543
OGSIUN04,Atikori,Ijebu North,Ogun,42266.6,9676.9,1141.2,42116.9,6442.9,5379
OGSRMN07,Iyankan / Imagbon,Remo North,Ogun,1403.2,1102.6,135.4,910.2,173.3,106
OGSIUU10,Ogbere,Ijebu East,Ogun,47608.4,62962.4,8730.0,107336.9,6495.0,15199
OGSWSD03,Ayila,Ogun Waterside,Ogun,12717.1,15252.1,1936.2,15181.1,1571.7,1848
OGSRMN02,Akaka,Remo North,Ogun,3881.7,3768.7,462.8,3605.7,515.7,519
OGSODA05,Obantoto,Odeda,Ogun,59767.1,72358.0,10229.0,137132.0,8140.6,16244
OGSIUU09,Itele,Ijebu East,Ogun,4421.9,4531.3,630.6,4521.5,594.7,547
OGSIUN06,Obada,Ijebu North,Ogun,42038.2,42840.8,5052.4,45756.1,6445.0,5946
OGSODA07,Odeda,Odeda,Ogun,15884.1,13443.1,1899.8,27764.8,2160.5,3325
70302,Damakasu,Damaturu,Yobe,3385.5,2106.5,364.9,11460.1,575.7,2218
OGSODA10,Osiele,Odeda,Ogun,20659.1,19273.9,2723.8,37509.0,2814.1,4614
OGSOGU07,Imodi,Odogbolu,Ogun,8063.7,3665.3,451.1,10997.9,961.9,1490
OGSODA01,Alabata,Odeda,Ogun,18010.4,16367.8,2313.1,33712.2,2453.7,4044
OGSIUN10,Oru / Awa,Ijebu North,Ogun,51025.2,92109.7,10867.5,43543.6,7459.7,5557
OGSODA03,Ilugun,Odeda,Ogun,17093.2,14936.2,2089.6,36263.0,2293.4,4461
OGSSAU14,Simawa,Shagamu,Ogun,14111.4,13373.7,1935.3,37257.4,1983.1,4417
JI1411,Kanwa,Jahun,Jigawa,21210.1,27894.7,5722.6,24465.4,4337.7,4944
OGSINE01,Atan,Ijebu North East,Ogun,4634.4,6653.8,873.4,6392.4,612.4,778
OGSOGU13,Ogbo,Odogbolu,Ogun,18375.8,21493.2,2686.7,27702.7,2211.2,3365
OGSIUN09,Omen,Ijebu North,Ogun,10124.6,4925.1,586.3,6920.1,1276.8,815
AKSNGD03,Ibesikpo 3,Ibesikpo Asutan,Akwa Ibom,24895.2,34704.8,4367.4,28915.5,3030.9,3646
AKSMKP13,Ukpum Minya 2,Mkpat Enin,Akwa Ibom,16870.7,16657.3,2068.4,8683.3,2135.4,1076
OGSSAU04,Ayegbami,Shagamu,Ogun,22981.9,19816.7,2867.3,64742.1,3228.9,8392
ADSMCH04,Jigalambu,Michika,Adamawa,15529.1,13058.8,2336.1,16323.9,2699.1,2775
OGSIUN03,Ako Gelete,Ijebu North,Ogun,9062.9,15121.2,1783.5,4113.5,1230.5,481
OGSIUU11,Owu,Ijebu East,Ogun,23443.6,28158.2,3918.7,60558.9,3156.0,8604
OGSRMN01,Ilara,Remo North,Ogun,7708.3,6409.9,786.8,5844.3,972.8,745
OGSODA08,Olodo,Odeda,Ogun,4045.2,4168.0,589.0,9464.6,550.0,1180
AKSKTM06,Ikot Ibritam 1,Oruk Anam,Akwa Ibom,29031.4,35282.1,4443.1,20125.2,3525.7,2496
AKSKTD09,Ubium South 3,Nsit Ubium,Akwa Ibom,9569.8,14320.0,1812.5,5015.4,1169.5,621
OGSODA06,Obete,Odeda,Ogun,6105.9,5135.3,711.9,7276.4,818.4,860
OGSIUN01,Ago Iwoye 1,Ijebu North,Ogun,83308.3,167894.7,19835.6,79159.8,12555.2,10180
OGSOGU08,Imosan,Odogbolu,Ogun,9744.4,11508.8,1527.7,14353.3,1292.7,1730
KN0210,Tsangaya,Albasu,Kano,34333.0,31429.8,6171.5,29402.6,6790.9,7295
OGSIUN07,Ojowo,Ijebu North,Ogun,25972.7,21322.0,2514.6,26564.6,4387.6,3615
OGSODA04,Itesi,Odeda,Ogun,6838.6,3622.4,511.9,6840.3,938.7,810
OGSIKA12,Tube,Ipokia,Ogun,23527.4,22823.8,3158.0,29147.1,3142.2,3464
OGSIUE04,Isiwo,Ijebu Ode,Ogun,8849.1,13540.9,1838.9,12459.4,1164.8,1505
OGSIUN11,Osun,Ijebu North,Ogun,23558.1,11136.0,1332.5,23614.9,2913.3,2946
ADSMUB10,Vimtim,Mubi North,Adamawa,15095.7,15506.1,2629.8,19195.8,2495.3,3335
PLSDNG11,Jarmai,Kanam,Plateau,4914.3,7781.2,1522.0,8736.6,946.2,1451
PLSDNG17,Kyansar,Kanam,Plateau,2409.5,2288.2,450.3,2433.8,465.4,369
PLSDNG06,Garga,Kanam,Plateau,6010.6,8432.9,1656.9,9024.1,1160.1,1389
PLSWAS20,Yuli,Wase,Plateau,3971.3,6326.5,1236.9,6528.1,764.1,1021
PLSDNG19,Munbutbo,Kanam,Plateau,8752.3,9647.8,1903.3,7496.1,1773.5,1202
PLSWAS06,Gudus,Wase,Plateau,2137.6,4462.0,872.4,6320.7,411.3,1049
PLSDNG01,Birbyen,Kanam,Plateau,877.6,555.2,109.3,799.8,169.5,121
PLSWAS05,Gimbi / Pinau,Wase,Plateau,10250.4,4312.6,843.2,35670.9,1972.2,5424
PLSWAS03,Gaji,Wase,Plateau,7682.9,4853.4,948.9,15223.8,1478.2,2334
PLSDNG18,Kyaram,Kanam,Plateau,11920.9,8811.9,1728.3,11278.2,2305.3,1735
PLSWAS01,Bashaar,Wase,Plateau,12610.8,13122.7,2565.7,26936.2,2426.3,4148
61210,Yarstakuwa,Rabah,Sokoto,20314.5,23554.0,4720.7,15474.7,4121.5,2879
OGSIKA04,Idiiroko,Ipokia,Ogun,30758.3,36202.4,5047.4,73376.8,4108.0,8955
OGSIUE07,Itamapako,Ijebu Ode,Ogun,12414.8,17248.8,2352.2,16095.3,1639.8,1908
OGSIKA06,Ihunbo Ilashe,Ipokia,Ogun,29037.6,29104.4,4251.4,42026.8,4101.4,4949
ADSLMR05,Ngbakawo,Lamurde,Adamawa,5023.9,2279.4,409.0,5648.4,948.9,1074
ADSGMB04,Gabon,Gombi,Adamawa,23244.1,24247.4,4960.0,15182.1,4808.7,2592
OGSRMN10,Orile Oko,Remo North,Ogun,2947.6,1170.4,150.8,4366.5,375.3,530
OGSIKA02,Agosasa,Ipokia,Ogun,40627.9,43423.9,6094.3,64724.0,5428.9,7754
ADSMAH04,Maiha Gari,Maiha,Adamawa,17621.5,20953.5,4114.8,14599.3,4002.3,2531
ADSMUB08,Muchalla,Mubi North,Adamawa,26384.4,28577.0,4855.9,36502.1,4362.2,6497
ADSTNG05,Kiri 2,Toungo,Adamawa,3864.0,5053.0,902.2,6677.4,678.7,1134
ADSGUY05,Dukul,Guyuk,Adamawa,18102.3,13285.8,2680.1,19381.8,3595.1,3312
ADSSHG07,Kiri,Shelleng,Adamawa,13974.7,15775.2,2908.2,14640.3,3539.0,2996
ADSGRE09,Tambo,Girei,Adamawa,4265.2,2185.5,398.0,5702.7,758.6,979
ADSGRE01,Dakri,Girei,Adamawa,15132.6,15847.3,2884.1,20726.4,2709.9,3591
ADSHNG08,Kwarhi,Hong,Adamawa,3305.6,4529.2,786.1,6169.5,557.9,1048
ADSMDG03,Gulak,Madagali,Adamawa,64630.1,68155.4,12628.7,37616.1,13296.5,6567
ADSHNG10,Shangui,Hong,Adamawa,7776.8,6545.8,1136.1,13803.7,1312.5,2365
ADSJAD04,Koma 1,Jada,Adamawa,21808.4,18677.2,3262.7,16638.7,3693.2,2826
ADSHNG12,Uba,Hong,Adamawa,4070.5,2550.8,461.4,5313.0,714.7,1016
ADSLMR01,Dubange,Lamurde,Adamawa,4533.8,3166.2,568.1,5711.0,815.2,1145
ADSYLA08,Namtari,Yola South,Adamawa,60384.5,70528.4,12791.2,169230.8,10699.0,30455
ADSMCH09,Munkavachitta,Michika,Adamawa,6625.4,5501.7,949.7,5628.0,1113.0,956
ADSGRE03,Gereng,Girei,Adamawa,5068.4,3528.6,641.6,9363.5,894.7,1652
ADSNUM04,Imburu,Numan,Adamawa,27069.5,20441.3,3667.9,32949.4,5411.1,7210
ADSJAD06,Leko,Jada,Adamawa,41591.2,60444.8,10437.4,28668.3,6972.1,4869
ADSMAH02,Humbutudi,Maiha,Adamawa,5525.5,6267.0,1087.7,11672.1,932.6,1990
ADSLMR03,Lafiya,Lamurde,Adamawa,12508.8,24023.8,4324.8,31395.6,2210.5,6146
ADSNUM02,Bwalki,Numan,Adamawa,12844.2,6742.1,1208.8,10754.9,2174.0,1876
ADSSNG10,Waltandi,Song,Adamawa,19865.5,23780.9,4895.5,21055.9,4231.4,3738
ADSGAN09,Timdore,Ganye,Adamawa,25248.5,20565.3,3753.9,29758.0,4520.1,5076
ADSGMB09,Tawa,Gombi,Adamawa,33342.7,29123.6,5194.7,34984.7,5953.3,5984
ADSSHG06,Ketembere,Shelleng,Adamawa,22004.6,25244.1,4740.6,24306.2,4315.2,4798
ADSTNG07,Kogin Baba 2,Toungo,Adamawa,5453.3,2863.7,525.2,3516.9,974.6,613
ADSGUY08,Kola,Guyuk,Adamawa,19805.5,23460.5,4309.4,26317.0,3625.6,4660
ADSGRE07,Jera Bonyo,Girei,Adamawa,11064.9,9758.5,1780.6,11463.5,1952.6,1953
ADSJAD10,Nyibago,Jada,Adamawa,21980.0,23844.8,3967.2,32540.3,3589.6,5559
ADSGUY06,Dumna,Guyuk,Adamawa,14960.7,21777.7,3944.5,25962.0,2663.3,4573
ADSDSA07,Gwamba,Demsa,Adamawa,3597.7,2359.6,431.2,11363.4,650.2,2031
61407,Lambara,Shagari,Sokoto,36710.7,36909.2,7692.2,15435.8,7793.5,2728
ADSTNG09,Toungo 2,Toungo,Adamawa,19526.3,15664.2,2796.7,21428.1,3441.6,3657
ADSMUB01,Bahuli,Mubi North,Adamawa,27836.3,69745.0,12795.7,17590.6,7858.6,3077
ADSSNG01,Dirma,Song,Adamawa,27420.0,25259.0,4845.4,35550.7,5273.2,6132
ADSGUY04,Chikila,Guyuk,Adamawa,34346.1,35627.5,6922.7,41479.4,6750.2,7252
ADSMCH01,Bazza Margi,Michika,Adamawa,11302.0,9503.0,1775.6,12276.1,2057.0,2103
ADSMUB02,Betso,Mubi North,Adamawa,15800.3,20093.1,3544.9,18898.9,2728.4,3238
ADSSHG04,Gwapopolok,Shelleng,Adamawa,10181.9,7676.2,1583.6,14368.3,2064.3,2548
ADSGYL06,Lamurde,Mubi South,Adamawa,40301.5,35179.0,6024.9,68873.4,6999.2,14124
ADSGRE05,Girei 2,Girei,Adamawa,17345.5,19765.7,3608.3,20359.5,3159.7,3704
ADSLMR10,Waduku,Lamurde,Adamawa,18712.8,16569.6,2995.4,25088.3,3394.2,5516
ADSGAN01,Bakari Goso,Ganye,Adamawa,23271.7,28521.6,4868.7,23423.5,3891.9,4012
ADSMDG08,Sukur,Madagali,Adamawa,33745.2,39621.5,7271.0,30563.6,6145.4,5295
ADSDSA04,Dilli,Demsa,Adamawa,9935.7,5033.6,832.5,12931.6,1615.8,2912
ADSMUB07,Mijilu,Mubi North,Adamawa,24142.7,23025.1,3904.6,22736.3,4002.7,3894
ADSGUY02,Bobini,Guyuk,Adamawa,19013.4,14567.8,2938.8,28150.1,3764.7,5122
ADSSHG02,Bodwai,Shelleng,Adamawa,26539.9,28186.1,5591.8,25850.7,5559.7,4845
ADSMCH07,Michika 2,Michika,Adamawa,22662.2,18775.8,3242.6,22062.3,3832.8,3775
ADSFUR01,Beti,Fufore,Adamawa,44207.5,57146.8,9944.0,49016.0,7584.2,8530
ADSMUB05,Lokuwa,Mubi North,Adamawa,26192.4,26530.4,4527.7,33413.0,4694.9,6651
ADSJAD08,Mayo Kalaye,Jada,Adamawa,19825.6,19145.4,3147.2,24127.2,3203.0,4098
ADSMCH05,Madzi,Michika,Adamawa,17766.4,15174.1,2725.0,17240.9,3104.1,2928
ADSMDG10,Wula,Madagali,Adamawa,3618.7,10207.3,1995.6,5985.7,655.5,1017
ADSYLA03,Bole Yolde Pate,Yola South,Adamawa,119746.4,129876.0,21995.3,99175.4,23160.7,17568
ADSTNG03,Gumti,Toungo,Adamawa,3282.0,2553.8,465.1,5606.5,591.1,964
ADSGYL08,Mujara,Mubi South,Adamawa,46350.2,71170.0,12484.5,29387.7,13005.9,5171
ADSLMR02,Gyawana,Lamurde,Adamawa,15344.8,12848.2,2305.4,18367.0,2855.4,4149
ADSSNG03,Gudu Mboi,Song,Adamawa,15184.2,13394.9,2441.8,19048.4,2712.8,3282
ADSGYL04,Gude,Mubi South,Adamawa,20134.2,21449.6,3637.4,27319.0,3644.5,5344
ADSDSA06,Dwam,Demsa,Adamawa,18674.9,19033.4,3094.7,25669.3,2982.8,4681
ADSFUR05,Karlahi,Fufore,Adamawa,19798.3,17084.5,3064.9,21010.0,3479.1,3572
ADSHNG06,Hong,Hong,Adamawa,14244.8,12144.6,2130.9,25900.1,2451.8,4656
ADSSNG05,Kilange Hirna,Song,Adamawa,20016.2,15900.9,2899.1,23559.8,3570.8,4035
ADSFUR07,Pariya,Fufore,Adamawa,55847.4,55534.0,10080.9,50942.8,9831.9,8841
ADSMWA03,Gang Fada,Mayo-Belwa,Adamawa,12274.7,10457.0,1860.6,19049.0,2114.6,3261
ADSSNG07,Song Gari,Song,Adamawa,56419.1,57428.4,10469.0,75433.9,10355.3,14022
ADSGAN04,Ganye 2,Ganye,Adamawa,42469.7,46751.8,8423.1,45483.4,7974.8,8088
ADSMCH14,Vih / Boka,Michika,Adamawa,18305.4,15251.8,2632.8,15420.2,3075.4,2619
ADSGUY10,Purakayo,Guyuk,Adamawa,14047.0,17259.7,3182.4,13409.2,2827.4,2463
ADSMDG04,Hyambula,Madagali,Adamawa,12233.9,14971.1,2747.4,8721.4,2233.4,1496
ADSFUR11,Yadim,Fufore,Adamawa,23420.1,15456.8,2760.3,20660.0,4099.3,3509
ADSGMB06,Gombi North,Gombi,Adamawa,40410.6,39286.5,7002.9,52089.7,7472.3,9661
ADSFUR09,Uki Tuki,Fufore,Adamawa,8439.6,8205.0,1451.0,11238.6,1478.0,1909
ADSSNG09,Suktu,Song,Adamawa,21695.7,21316.8,4027.2,33260.2,4082.2,5820
ADSSHG08,Libbo,Shelleng,Adamawa,33097.8,24392.9,4990.9,31739.8,7009.5,5864
ADSHNG02,Daksiri,Hong,Adamawa,12130.4,11178.6,1953.6,30626.0,2093.0,5324
ADSMCH16,Zah,Michika,Adamawa,30048.1,26165.6,4482.3,23290.9,5004.6,3956
ADSGAN07,Sangassumi,Ganye,Adamawa,23376.7,28163.4,5140.9,27828.5,4576.8,5252
ADSLMR08,Rigange,Lamurde,Adamawa,6457.8,5936.7,1065.3,8049.6,1143.9,1472
ADSNUM09,Sabon Pegi,Numan,Adamawa,17875.2,21479.0,3471.9,25137.4,3008.5,5150
ADSLMR04,Lamurde,Lamurde,Adamawa,9065.9,13383.2,2401.4,18588.3,1597.1,3532
ADSGMB02,Duwa,Gombi,Adamawa,40089.8,45610.7,9342.2,29312.6,8489.3,5086
ADSMAH01,Belel,Maiha,Adamawa,30245.0,43263.4,8338.6,20390.0,8486.0,3532
ADSGAN02,Gamu,Ganye,Adamawa,19336.5,19556.2,3566.1,28349.0,3482.6,4909
ADSNUM10,Vulpi,Numan,Adamawa,5579.9,3345.7,562.2,10190.5,922.0,2016
ADSMCH12,Tsukumu / Tilijo,Michika,Adamawa,21257.8,19224.0,3555.6,20152.5,3829.6,3428
ADSLMR06,Ngbebogun,Lamurde,Adamawa,11596.5,8879.8,1646.9,18402.4,2111.3,3288
ADSGRE10,Wuro Dole,Girei,Adamawa,29532.8,28488.6,5200.7,26908.8,5288.1,4837
ADSNUM07,Numan 2,Numan,Adamawa,4813.1,4754.2,768.5,7613.0,892.9,1758
ADSYLA09,Ngurore,Yola South,Adamawa,21618.8,17017.7,3088.8,62441.6,3832.8,12376
ADSGAN06,Jaggu,Ganye,Adamawa,22146.6,21604.8,3775.6,23132.9,3796.3,3931
ADSNUM05,Kodomti,Numan,Adamawa,6567.5,3127.9,513.3,13330.3,1060.1,2893
ADSGYL09,Nassarawo,Mubi South,Adamawa,28945.3,29333.8,4974.4,42604.5,5480.7,8971
ADSJAD05,Koma 2,Jada,Adamawa,20535.2,22764.4,3976.0,17370.5,3487.9,2950
ADSDSA10,Nassarawo Demsa,Demsa,Adamawa,36721.8,36758.3,5985.6,56500.2,6272.0,12345
ADSMWA09,Ndikong,Mayo-Belwa,Adamawa,15722.5,12132.1,2108.2,31191.1,2677.4,5341
ADSGMB03,Gaanda,Gombi,Adamawa,17178.7,22045.0,3929.8,19614.0,3065.9,3345
ADSFUR04,Gurin,Fufore,Adamawa,39309.0,48263.7,8658.6,49500.1,6958.2,8946
ADSHNG11,Thilbang,Hong,Adamawa,19968.1,16809.7,2938.6,35615.5,3428.8,6146
ADSMAH03,Konkol,Maiha,Adamawa,16282.6,22603.5,4099.8,17749.5,2887.7,3020
ADSMWA11,Tola,Mayo-Belwa,Adamawa,17285.1,12183.3,2024.1,20788.9,2803.1,3543
ADSNUM03,Gamadiyo,Numan,Adamawa,8584.8,4347.3,813.7,8353.7,1605.3,1487
ADSNUM08,Numan 3,Numan,Adamawa,3183.1,2992.6,483.7,4949.7,661.2,1313
ADSGMB08,Guyaku,Gombi,Adamawa,21998.8,20167.5,3679.8,18359.0,3993.8,3122
ADSSNG11,Zumo,Song,Adamawa,20760.2,20329.4,3703.6,15325.8,3702.2,2622
ADSGUY09,Lokoro,Guyuk,Adamawa,8040.4,7145.1,1441.4,13154.4,1591.0,2294
ADSMCH02,Futuless,Michika,Adamawa,16313.9,20295.9,3503.5,17634.5,2740.5,2995
ADSGAN08,Sugu,Ganye,Adamawa,32444.1,32236.9,5881.5,34608.4,5845.3,5959
ADSMAH05,Manjekin,Maiha,Adamawa,7264.3,5994.8,1040.8,14620.6,1235.9,2511
ADSNUM01,Bare,Numan,Adamawa,9402.0,7351.2,1319.1,13776.9,1651.4,2638
ADSJAD01,Danaba,Jada,Adamawa,20581.7,20568.8,3604.9,30642.3,3564.7,5222
ADSGMB01,Boga,Gombi,Adamawa,27623.8,33911.4,6702.1,21310.6,5507.2,3691
ADSDSA02,Borrong,Demsa,Adamawa,5861.3,4108.5,745.4,13029.5,1038.6,2442
ADSGRE06,Jera Bakari,Girei,Adamawa,11664.3,11307.9,2064.3,10844.4,2037.9,1855
ADSGUY07,Guyuk,Guyuk,Adamawa,32480.8,43262.8,8275.5,38261.3,6288.5,7089
ADSSHG10,Talum,Shelleng,Adamawa,16099.4,10125.3,1908.1,14642.2,3271.0,2744
ADSMCH06,Michika 1,Michika,Adamawa,13624.3,10800.6,1864.4,19100.0,2407.8,3780
ADSDSA08,Kpasham,Demsa,Adamawa,28381.1,32316.8,5501.4,47376.0,4797.8,8084
ADSMUB06,Mayo Bani,Mubi North,Adamawa,9647.0,8361.4,1461.1,13969.6,1652.3,2386
62001,Dangulbi,Tureta,Sokoto,14343.0,13199.8,2802.4,8465.9,3016.4,1491
ADSMCH11,Sina Kamale,Michika,Adamawa,9120.0,29245.2,5686.5,17999.2,1532.0,3060
ADSSHG05,Jumbul,Shelleng,Adamawa,25301.3,24904.6,4867.9,22456.9,5198.9,4026
ADSDSA05,Dong,Demsa,Adamawa,9044.9,11340.0,1886.0,23093.6,1487.8,4074
ADSDSA03,Demsa,Demsa,Adamawa,12862.9,15539.0,2757.9,41130.7,2228.2,7517
ADSGUY01,Banjiram,Guyuk,Adamawa,19875.5,21120.1,3894.2,16836.0,4174.0,2965
ADSMDG09,Waga-Chakawa,Madagali,Adamawa,19899.0,24108.7,4671.6,18618.9,3730.7,3181
ADSSHG03,Gundo,Shelleng,Adamawa,19728.7,20152.1,3667.7,29694.5,3714.9,6032
ADSJAD09,Mbullo,Jada,Adamawa,21591.6,20991.3,3571.9,31635.9,3584.4,5379
ADSFUR02,Farang,Fufore,Adamawa,40811.7,45553.1,8180.1,45093.9,7179.7,7711
ADSMCH08,Moda / Dlaka,Michika,Adamawa,13761.6,10655.0,1839.2,13333.0,2311.7,2273
ADSTNG02,Dawo 2,Toungo,Adamawa,9013.7,5424.9,968.6,10731.0,1583.4,1867
ADSDSA09,Mbula,Demsa,Adamawa,4617.7,3367.2,592.9,8635.1,792.8,1512
ADSNUM06,Numan 1,Numan,Adamawa,9540.4,8595.8,1389.4,8347.6,1605.6,1683
ADSSNG02,Dumne,Song,Adamawa,16788.2,20764.5,3785.3,29809.6,2998.4,5392
ADSSHG01,Bakta,Shelleng,Adamawa,11252.5,11576.0,2383.0,7917.1,2401.8,1382
ADSJAD11,Yeli,Jada,Adamawa,69526.2,69898.6,12009.1,50861.0,12044.4,8662
ADSDSA01,Bille,Demsa,Adamawa,5603.0,6457.1,1169.8,16525.6,988.6,2809
ADSMWA06,Jereng,Mayo-Belwa,Adamawa,21569.7,21838.7,3855.6,24401.4,3725.9,4151
ADSGMB10,Yang,Gombi,Adamawa,21243.7,28068.3,5790.6,22254.1,4494.3,3966
ADSSNG04,Kilange Funa,Song,Adamawa,25305.4,18575.6,3368.8,30079.8,4522.2,5151
ADSHNG07,Hoserezum,Hong,Adamawa,12372.8,15861.2,2754.5,33223.4,2089.0,5759
ADSGAN05,Gurumpawo,Ganye,Adamawa,26157.2,23704.9,4327.1,29839.3,4691.3,5165
ADSGYL07,Mugulbu,Mubi South,Adamawa,9332.1,8845.9,1527.9,17609.8,1568.4,3023
61810,Sanyinna,Tambuwal,Sokoto,13028.5,13553.6,2741.7,8607.5,3004.5,1590
ADSMWA04,Gengle,Mayo-Belwa,Adamawa,14520.7,14014.3,2351.2,34327.1,2380.4,5865
ADSFUR10,Wuro Bokki,Fufore,Adamawa,40326.2,43924.9,7909.8,49208.5,7126.2,8702
ADSMWA12,Yoffo,Mayo-Belwa,Adamawa,17637.4,17714.2,2973.5,23854.6,2894.6,4092
ADSHNG03,Garaha,Hong,Adamawa,14362.6,10423.3,1830.1,18392.6,2502.6,3124
ADSSNG06,Sigire,Song,Adamawa,23229.0,30692.6,5586.6,30424.5,4151.4,5188
ADSGAN10,Yebbi,Ganye,Adamawa,24156.4,18810.1,3443.2,30727.8,4329.2,5297
AKSDYY02,Offot 2,Uyo,Akwa Ibom,71254.4,61339.7,6873.4,107145.4,7926.8,13774
ADSFUR06,Mayo Inne,Fufore,Adamawa,52642.0,41601.6,7145.4,71915.2,8904.0,12312
ADSTNG06,Kogin Baba 1,Toungo,Adamawa,1901.1,955.3,171.6,1613.0,343.2,299
ADSYLA11,Yolde Kohi,Yola South,Adamawa,9957.9,9430.3,1711.7,32054.9,1765.4,5579
ADSTNG01,Dawo 1,Toungo,Adamawa,3960.6,3604.1,661.5,4356.3,709.0,752
ADSMCH15,Wambilimi / Tili,Michika,Adamawa,15875.9,13213.4,2280.9,14363.6,2667.7,2439
AKSTTU03,East Itam 5,Itu,Akwa Ibom,10653.4,7598.6,901.3,8098.6,1507.1,1003
ADSGMB05,Garkida,Gombi,Adamawa,25813.4,20956.8,4186.7,22668.1,5068.0,3871
ADSMWA02,Binyeri,Mayo-Belwa,Adamawa,17292.2,15783.4,2798.2,22212.0,2995.9,3774
ADSSNG08,Song Waje,Song,Adamawa,41962.4,25771.5,4698.1,54752.4,7495.1,9394
ADSFUR08,Ribadu,Fufore,Adamawa,38589.8,36278.9,6553.7,31968.3,7577.5,5982
ADSTNG04,Kiri 1,Toungo,Adamawa,7364.6,8274.2,1477.3,11015.8,1293.5,1918
ADSLMR09,Suwa,Lamurde,Adamawa,18300.7,23920.7,4553.0,33706.2,3413.7,5945
ADSMAH07,Pakka,Maiha,Adamawa,10493.3,13156.6,2507.7,12531.0,2323.6,2181
ADSSHG09,Shelleng,Shelleng,Adamawa,36034.9,41149.2,7587.3,32373.5,9845.9,6917
ADSHNG01,Bangshika,Hong,Adamawa,15070.5,20470.6,3552.8,37118.8,2543.5,6347
ADSTNG10,Toungo 3,Toungo,Adamawa,18570.8,21461.4,3848.8,19378.6,3272.2,3325
ADSMAH06,Mayo Nguli,Maiha,Adamawa,26788.1,26380.4,5006.7,30167.1,6259.7,5490
ADSMWA05,Gorobi,Mayo-Belwa,Adamawa,13571.3,12332.5,2135.9,28613.3,2317.1,4870
ADSLMR07,Opalo,Lamurde,Adamawa,5468.0,2902.4,520.8,7084.2,1043.9,1357
ADSMDG01,Bebel,Madagali,Adamawa,20068.4,21329.6,4009.6,17006.3,3768.4,2954
AKSDUU06,North Uruan 1,Uruan,Akwa Ibom,12172.5,14704.1,1812.9,6469.3,1484.3,801
AKSAUQ06,Uquo 1,Esit Eket,Akwa Ibom,15432.4,15964.2,2054.6,8419.8,2015.8,1043
ADSMWA07,Mayo Farang,Mayo-Belwa,Adamawa,24887.1,27987.2,4673.9,34127.8,4057.4,5805
ADSMDG02,Duhu,Madagali,Adamawa,25016.6,26547.6,4663.8,30802.9,4395.8,5253
ADSMCH10,Ninkisi / Wuro Ngiki,Michika,Adamawa,21545.2,18442.1,3193.4,20014.6,3632.0,3410
ADSMCH03,Garta,Michika,Adamawa,12953.8,16411.4,2832.9,14472.0,2176.0,2458
ADSMDG07,Pallam,Madagali,Adamawa,19106.0,27272.2,4873.5,24308.2,3309.0,4129
ADSJAD02,Jada 1,Jada,Adamawa,17233.8,18433.6,3007.7,25816.6,2746.9,4458
ADSHNG09,Mayo Lope,Hong,Adamawa,17578.6,15815.0,2744.8,31040.7,2966.8,5350
AKSABK02,Midim 1,Abak,Akwa Ibom,11235.7,12572.3,1519.6,9933.7,1314.0,1230
ADSMUB11,Yelwa,Mubi North,Adamawa,22941.2,18992.9,3294.0,47572.8,3870.5,9686
ADSMUB03,Digil,Mubi North,Adamawa,15761.8,12920.1,2238.3,26331.2,2656.4,4627
ADSMWA10,Ribadu,Mayo-Belwa,Adamawa,11693.2,7298.3,1190.8,15081.9,1869.2,2592
ADSMWA08,Mbilla,Mayo-Belwa,Adamawa,26617.8,21186.4,3456.9,37437.3,4245.4,6713
ADSYLA05,Makama B,Yola South,Adamawa,12470.8,20556.6,3097.5,17188.3,3776.8,4032
ADSGYL01,Dirbishi,Mubi South,Adamawa,27296.9,45816.0,8199.0,10855.3,8936.2,1913
ADSGMB07,Gombi South,Gombi,Adamawa,40711.0,44099.4,7860.8,45986.3,7452.0,8081
60306,Rudu Amanawa,Dange Shuni,Sokoto,32190.4,39187.5,7848.6,29978.9,6338.3,5290
62108,Kalambaina,Wamakko,Sokoto,25532.2,23823.1,4454.4,42117.9,4692.2,7996
ADSFUR03,Fufore,Fufore,Adamawa,31386.4,35750.2,6427.9,27332.6,5954.2,5225
60308,Shuni,Dange Shuni,Sokoto,30496.2,32806.7,6580.1,22380.3,6250.4,3967
ADSGYL10,Nduku,Mubi South,Adamawa,15341.7,17159.9,3307.5,12089.1,3235.1,2120
62111,Wamakko,Wamakko,Sokoto,7431.8,7998.2,1495.5,13226.0,1365.8,2412
ADSHNG04,Gaya-Sikalmi,Hong,Adamawa,15116.6,18684.2,3242.8,35722.5,2551.3,6071
ADSMDG05,Kirchinga,Madagali,Adamawa,16051.5,16963.2,3165.6,21354.0,2936.8,3643
ADSJAD07,Mapeo,Jada,Adamawa,35718.5,33092.6,5673.9,24901.8,6016.0,4229
ADSJAD03,Jada 2,Jada,Adamawa,27799.9,28326.9,4701.5,31591.5,4533.6,5394
ADSGRE04,Girei 1,Girei,Adamawa,45676.0,49782.0,9087.8,46617.4,8775.0,8393
60309,Tsafanade,Dange Shuni,Sokoto,19664.5,23023.1,4624.3,16987.8,3892.2,3019
62101,Arkilla,Wamakko,Sokoto,64019.5,63531.9,11879.1,95946.3,11765.2,17457
ADSMAH10,Tambajam,Maiha,Adamawa,14593.7,16690.7,3234.4,11674.1,3106.4,2016
ADSYLN06,Karewa,Yola North,Adamawa,92467.7,124492.2,19771.4,100932.6,18053.4,17735
ADSGYL03,Gella,Mubi South,Adamawa,6485.9,8794.7,1491.6,9883.6,1070.8,1702
ADSMAH08,Sorau A,Maiha,Adamawa,26306.3,29178.2,5594.3,25017.7,5590.5,4364
62110,Kaura,Wamakko,Sokoto,16530.8,16029.3,3041.6,30887.1,3085.3,5584
ADSGYL05,Kwaja,Mubi South,Adamawa,3902.4,10366.5,2024.2,2860.9,751.1,491
60310,Tuntube-Tsefe,Dange Shuni,Sokoto,52888.4,75204.9,13767.1,50783.0,13456.4,8998
AKSKPK01,Ward 5,Ukanafun,Akwa Ibom,13530.0,13485.7,1704.6,8896.5,1649.1,1103
OGSINE06,Isoyin,Ijebu North East,Ogun,23768.4,12073.1,1506.6,22284.1,3332.4,2655
OGSINE04,Ilese,Ijebu North East,Ogun,11446.2,11501.5,1470.1,8884.8,1514.7,1048
OGSWSD04,Efire,Ogun Waterside,Ogun,4641.4,9163.5,1153.5,3416.0,631.2,399
OGSWSD02,Ayede,Ogun Waterside,Ogun,7451.3,5405.4,686.5,7247.8,976.3,859
OGSWSD07,Irokun,Ogun Waterside,Ogun,15854.9,16888.6,2145.0,14964.4,1954.6,1771
OGSWSD05,Ibiade,Ogun Waterside,Ogun,2345.2,2540.4,340.9,5489.8,305.0,660
OGSOGU01,Aiyepe,Odogbolu,Ogun,1773.6,2347.7,290.0,2511.2,211.7,293
OGSOGU05,Ikise,Odogbolu,Ogun,3438.6,3953.5,488.3,6419.4,410.4,783
OGSOGU09,Itaepo,Odogbolu,Ogun,835.4,1231.6,154.0,1072.0,101.4,126
OGSOGU15,Omu,Odogbolu,Ogun,16098.9,17467.5,2157.4,28075.1,1936.3,3381
OGSOGU14,Okun Owa,Odogbolu,Ogun,24432.5,22094.0,2728.9,30377.5,2924.9,3785
OGSIUU01,Ajebandele,Ijebu East,Ogun,5091.0,6117.1,847.4,29198.7,663.5,4662
OGSIUE05,Isoku / Ososa,Ijebu Ode,Ogun,12528.6,8446.4,1136.6,21624.2,1652.1,2571
OGSIUE01,Ijada / Imepe 2,Ijebu Ode,Ogun,10136.9,10419.9,1292.7,17633.1,1218.7,2396
OGSIKE08,Irolu,Ikenne,Ogun,15164.6,13971.0,1666.5,17981.1,1834.5,2327
OGSSAU01,Agbowa,Shagamu,Ogun,5291.4,5521.5,799.0,13947.7,743.6,1643
OGSSAU08,Isote,Shagamu,Ogun,18338.4,17445.8,2524.6,32011.4,2577.1,3780
60808,Kalmalo,Illela,Sokoto,17368.4,14021.8,2904.4,16913.5,3869.8,3135
61205,Maikujera,Rabah,Sokoto,11782.6,14453.4,2900.1,11489.1,2680.9,2155
61203,Goddodi,Rabah,Sokoto,14783.9,16821.3,3371.3,12710.2,3013.0,2396
61403,Jaredi,Shagari,Sokoto,14981.3,14961.3,3140.8,9808.1,3102.8,1739
61907,Sakkwai,Tangaza,Sokoto,17613.6,15269.0,3114.5,12681.5,3562.7,2233
ADSHNG05,Hildi,Hong,Adamawa,12350.3,11587.3,2011.1,25426.3,2084.4,4456
61301,Gangara,Sabon Birni,Sokoto,17113.6,16634.8,3417.6,13194.4,3783.9,2347
61211,Tsamiya,Rabah,Sokoto,12528.5,12175.5,2440.2,9512.4,2759.5,1758
60706,Gwadabawa,Gwadabawa,Sokoto,66302.3,50710.1,10530.8,38997.4,14452.1,7299
62006,Kwarare,Tureta,Sokoto,3708.4,4309.2,886.2,2222.1,753.6,391
61306,Makuwana,Sabon Birni,Sokoto,32101.2,39034.3,8023.2,31627.8,6647.0,5643
61904,Magonho,Tangaza,Sokoto,20061.0,19433.0,3963.6,15188.9,4067.7,2682
60602,Bachaka,Gudu,Sokoto,19810.3,19152.9,3845.5,15124.5,4453.1,2735
62104,Gidan Bubu,Wamakko,Sokoto,14257.3,12355.4,2359.3,21375.6,2653.6,3841
61406,Kambama,Shagari,Sokoto,25530.1,32420.3,6773.5,11743.1,5495.5,2080
60109,Soron Yamma,Binji,Sokoto,11819.6,13546.3,2739.0,11401.2,2377.4,2061
61806,Jabo-Kagara,Tambuwal,Sokoto,57206.2,46515.7,9613.4,33908.2,12522.0,6268
OGSRMN03,Ipara,Remo North,Ogun,11418.2,10919.5,1341.0,10473.3,1497.5,1363
60208,Sifawa Lukuyawa,Bodinga,Sokoto,19015.9,19092.6,4068.8,19114.4,3979.0,3453
60401,Dukamaje,Gada,Sokoto,31867.0,26023.2,5517.7,38862.6,6568.0,6968
62205,Dinawa,Wurno,Sokoto,21406.1,18358.1,3670.1,10436.1,4782.1,1969
61309,Tarah,Sabon Birni,Sokoto,16038.5,19881.6,4084.7,16349.8,3339.3,2910
62203,Chacho-Marnona,Wurno,Sokoto,50367.2,50567.1,10133.1,27172.2,10075.0,4933
61010,Ungushi,Kebbe,Sokoto,9852.9,13083.6,2675.6,6777.8,2011.2,1260
61007,Margai West,Kebbe,Sokoto,9979.0,8701.0,1760.1,5817.3,2055.4,1045
61906,Ruwa Wuri,Tangaza,Sokoto,16755.8,19796.6,4049.4,21678.4,3379.4,3980
61108,Gidan Rugga More,Kware,Sokoto,31841.7,40538.7,7798.4,21306.6,8541.3,3869
62201,Achida,Wurno,Sokoto,21824.9,24870.1,4971.9,13189.4,5410.5,2483
61001,Fakku,Kebbe,Sokoto,23852.9,19421.4,4106.0,13328.6,5447.8,2359
61802,Barkeji-Nabaguda,Tambuwal,Sokoto,28144.9,28907.6,5865.0,14732.9,5607.1,2605
61902,Kalanjeni,Tangaza,Sokoto,9342.6,8894.1,1819.4,10671.3,1884.6,1920
61606,Magajin Gari B,Sokoto North,Sokoto,9110.0,11093.4,2093.0,18821.0,2231.1,5120
62102,Bado,Wamakko,Sokoto,31724.1,32682.5,6145.1,44595.2,5873.4,8034
62004,Gidan Kare,Tureta,Sokoto,12728.4,18503.9,3922.8,7589.5,2660.3,1340
62309,Yabo A,Yabo,Sokoto,14003.7,13170.6,2819.7,13688.9,2944.3,2522
61003,Kebbe East,Kebbe,Sokoto,15183.6,14295.1,2891.6,7921.8,3420.6,1441
KD0809,Katari,Kachia,Kaduna,27443.6,27188.6,5301.0,25642.5,5379.7,4478
AKSUFG03,Oruko 7,Urue Offong/Oruko,Akwa Ibom,14033.1,14819.7,1848.6,7063.6,1996.3,884
60211,Tulluwa,Bodinga,Sokoto,18931.8,20118.1,4000.2,14888.2,3706.0,2622
61611,Waziri C,Sokoto North,Sokoto,6465.9,11383.0,2163.3,7529.7,3171.4,1508
60302,Dange,Dange Shuni,Sokoto,27809.4,29874.0,5991.0,24173.2,5940.9,4459
60202,Bagarawa,Bodinga,Sokoto,15477.4,14232.0,2840.9,10969.6,3038.7,1931
60410,Kadassaka,Gada,Sokoto,13938.0,17614.9,3724.0,19558.5,2877.0,3555
60204,Bodinga Tauma,Bodinga,Sokoto,20057.2,20644.3,4166.0,16962.6,4242.0,3054
60101,Binji,Binji,Sokoto,18398.1,17682.9,3755.2,8597.1,5096.1,1569
60304,Ge Ere Gajara,Dange Shuni,Sokoto,45762.1,36902.4,7415.1,36671.0,9029.2,6617
60103,Gawazai,Binji,Sokoto,14209.4,14220.5,3019.9,7649.3,3227.8,1354
62002,Duma,Tureta,Sokoto,22363.7,33982.2,7252.3,16640.0,4749.9,2931
61311,Unguwar Lalle,Sabon Birni,Sokoto,41901.2,40364.2,8292.9,43573.7,8556.1,7744
61710,Tudun Wada A,Sokoto South,Sokoto,10184.3,19433.3,3693.1,11606.4,4333.6,2474
60206,Kaura Miyo,Bodinga,Sokoto,45356.1,44303.3,9136.4,34729.9,9181.8,6163
62208,Lahodu,Wurno,Sokoto,18582.6,19882.4,4005.6,14885.4,4035.5,2649
61111,Tunga Mallamawa,Kware,Sokoto,12608.1,15414.6,3138.4,20111.2,2529.6,3790
60711,Tambagarka,Gwadabawa,Sokoto,19512.1,22321.4,4635.8,17108.7,4156.7,3529
KD0804,Bishini,Kachia,Kaduna,30278.3,29589.6,5808.3,29865.1,5859.9,5118
CRSANA10,Ward 10,Calabar South,Cross River,13378.6,11061.4,1263.8,20460.4,1568.8,2895
62210,Marafa,Wurno,Sokoto,14244.8,22678.7,4574.6,15352.6,3955.4,3036
61410,Shagari,Shagari,Sokoto,25896.5,20795.3,4444.5,17901.6,5439.6,3254
60506,Kojiyo,Goronyo,Sokoto,12663.0,19169.5,3974.2,13546.9,2973.1,2588
ADSMDG06,Madagali,Madagali,Adamawa,27526.7,33919.2,6224.5,36328.7,5857.9,7667
ADSGYL02,Duvu,Mubi South,Adamawa,19065.7,40218.9,7150.7,10031.4,5649.6,1746
BNSWDP07,Mbaketsa,Kwande,Benue,10977.3,8794.8,1602.7,24071.4,1962.2,3383
GMSKLT09,Wange,Kaltungo,Gombe,29114.4,28525.1,5582.6,21417.8,5813.6,3980
CRSBRA03,Obubra Urban,Obubra,Cross River,38354.5,23133.9,3076.9,12282.3,6232.5,1451
OYSSWT07,Iya,Saki West,Oyo,44180.7,46203.4,5914.3,68511.2,5478.6,9734
OSSAME03,Eti-Oni,Atakunmosa East,Osun,2295.4,2024.5,247.6,5948.3,271.5,823
OYSIDO08,Ilaju,Ido,Oyo,2198.7,1330.3,168.1,7674.0,269.4,1087
ABSHAF10,Ebemoha,Ohafia,Abia,37908.0,45014.6,5286.2,25827.1,4931.3,4442
ABSMBL05,Ezere,Isuikwuato,Abia,8039.7,11117.8,1143.9,7332.9,831.5,1197
BNSTSE10,Mbawar,Konshisha,Benue,32208.1,50284.1,9256.6,41752.9,5799.2,5868
GMSBLG05,Gelengu,Balanga,Gombe,51290.9,57501.4,11376.4,65192.2,10559.4,12671
OSSEGO09,Ola,Ejigbo,Osun,29066.6,20766.0,2459.4,27234.8,3416.3,3890
CRSKTA07,Atimbo East,Akpabuyo,Cross River,57745.3,61229.5,8268.9,34510.1,7830.7,4056
CRSEFE02,Agbokim,Etung,Cross River,10499.8,13805.3,1782.6,7487.0,1851.8,1003
OSSISO11,Oranran,Isokan,Osun,10279.5,17634.3,2185.5,6372.5,4588.6,880
OYSEGA04,Egbeda,Egbeda,Oyo,147805.3,70088.8,9990.7,201622.9,20864.9,28720
OYSIBE10,Sango,Ibarapa East,Oyo,9812.8,8340.1,1003.3,8049.0,1152.6,1140
GMSKLT10,Yiri,Kaltungo,Gombe,6744.8,6314.9,1237.8,4771.2,1315.1,840
OYSOWT10,Parakoyi / Idode,Oyo West,Oyo,1108.1,1153.9,150.1,615.0,149.5,87
OYSSWT05,Eko Kan,Saki West,Oyo,56478.6,76780.6,10816.3,44393.3,8009.7,6277
OYSISN08,Koso 1,Iseyin,Oyo,42268.0,46634.6,5674.0,24667.9,5433.5,3494
ABSHAF14,Ndiagbo,Ohafia,Abia,11014.7,9672.9,1138.3,7143.1,1372.0,1258
DTSKWC08,Ogume 7,Ndokwa West,Delta,78094.5,73058.7,9168.9,110310.5,9533.8,17163
ADSMAH09,Sorau B,Maiha,Adamawa,20063.3,25663.1,4906.1,22065.1,4453.2,3821
ADSMCH13,Tumbara / Ngabili,Michika,Adamawa,5851.9,5769.8,1078.6,6944.7,1070.1,1179
CRSABE01,Otukpuru,Bekwarra,Cross River,12131.6,8539.0,1107.3,7974.5,1524.6,936
GMSBLG03,Dadiya,Balanga,Gombe,16869.3,9734.7,1963.5,15992.6,3345.0,2839
BNSBKB01,Binev,Buruku,Benue,22416.9,9851.9,1900.2,36676.8,4241.2,5170
ABSHAF16,Okamu,Ohafia,Abia,31408.7,29757.8,3527.5,19702.9,4309.3,3685
BNSVDY07,Mbakyaha,Vandeikya,Benue,25003.0,12320.3,2192.2,35719.1,4308.8,5020
OGSINE09,Odosenlu,Ijebu North East,Ogun,6838.3,9548.3,1191.3,5408.4,946.2,653
PLSWAS08,Kampani,Wase,Plateau,17471.9,12126.4,2370.9,24153.9,3361.6,3702
OYSAFO01,Akinmorin,Afijio,Oyo,40706.0,39271.1,3917.6,33974.8,3954.0,4853
GMSDKU11,Zaune,Dukku,Gombe,15186.7,7999.5,1598.2,15801.2,2978.7,3023
BNSBKB10,Mbatyough,Buruku,Benue,9670.0,6555.9,1244.8,26703.5,1798.9,3753
DTSBKW01,Akoku,Ukwuani,Delta,22786.0,23415.7,2897.6,21825.9,2799.3,3321
ADSMWA01,Bajama,Mayo-Belwa,Adamawa,11536.7,14013.1,2426.8,18630.4,1958.3,3164
ANSNZM04,Nzam,Anambra West,Anambra,20146.3,20291.6,2509.1,6297.8,4182.4,1000
CRSABE03,Okpeche,Bekwarra,Cross River,11339.3,8102.0,1050.7,6368.7,1446.0,750
DTSABH02,Aboh / Akarai,Ndokwa East,Delta,23916.3,20943.0,2761.3,28939.4,3097.3,4420
DTSABH05,Ashaka / Ushie,Ndokwa East,Delta,21194.8,22487.2,2948.0,27022.8,2712.1,4063
DTSABH01,Aballa / Inyi / Onuaboh,Ndokwa East,Delta,7935.4,9219.4,1215.4,10824.7,1011.7,1626
60105,Jamali,Binji,Sokoto,11911.6,12453.3,2631.0,7207.7,2727.0,1287
61504,Marafa,Silame,Sokoto,9910.0,11709.5,2388.4,13418.3,2104.7,2480
60604,Chilas,Gudu,Sokoto,12408.5,11482.2,2304.9,13167.2,2454.0,2381
61107,Kware,Kware,Sokoto,9409.8,7707.8,1582.2,11492.8,1897.6,2346
61705,Rijia B,Sokoto South,Sokoto,5418.1,5106.1,954.9,7707.3,995.7,1523
60502,Boyekai,Goronyo,Sokoto,12715.5,19356.7,4000.1,11756.5,2895.8,2280
OYSEGA06,Monatan,Egbeda,Oyo,4410.1,5421.4,658.9,10950.4,516.8,1672
OYSOGN10,Saja / Isale Ora,Ogbomosho North,Oyo,48792.7,53291.9,5908.3,100671.9,5269.1,15061
OGSINE05,Imewuro,Ijebu North East,Ogun,5633.0,9235.6,1153.4,5553.7,838.6,699
BNSTKP05,Ewulo,Oturkpo,Benue,51923.0,54869.2,9742.4,49368.3,9019.7,7037
OSSODN06,Igbayi / Emuleke,Odo Otin,Osun,9889.9,8466.5,1284.1,12326.1,1517.0,1773
OSSADE02,Balogun,Ayedade,Osun,6973.8,8957.2,1114.3,3929.8,980.1,525
BNSJUX08,Okpokpo,Oju,Benue,15477.0,12442.8,2206.4,10867.8,2688.5,1528
OYSSET01,Alamodu,Saki East,Oyo,1450.2,1832.2,234.5,3660.1,179.8,516
CRSGEP04,Ijom,Yakurr,Cross River,16768.8,24150.4,3039.9,7427.8,3117.7,896
CRSBRA07,Ochon,Obubra,Cross River,12931.9,25274.1,3363.9,15705.8,1796.8,2012
OYSICL08,Okeserin,Ibarapa Central,Oyo,47830.5,60330.3,7155.4,40021.0,6336.4,5888
OYSIDO04,Erinwusi / Koguo,Ido,Oyo,3227.3,2259.5,288.0,10228.8,397.4,1446
OSSBOE08,Oke-Aree,Boripe,Osun,21455.5,25118.6,3085.2,29939.3,3047.9,4207
CRSEFE06,Ekim-Effraya,Etung,Cross River,19369.9,22380.4,2886.6,12087.0,2761.3,1445
OSSISH11,Osi,Ife South,Osun,8407.6,10650.6,1276.0,8217.1,1223.5,1282
OYSOGN02,Abogunde,Ogbomosho North,Oyo,10707.0,9207.1,1019.9,23066.5,1171.2,4263
OYSOIE08,Olorunda,Ori Ire,Oyo,34080.5,32756.6,4342.4,53149.2,4542.8,8069
CRSKMM08,Nta-Nselle,Ikom,Cross River,12438.4,16193.6,2188.5,11798.6,1779.0,1415
BNSTSE01,Ikyurav,Konshisha,Benue,28748.8,37963.6,6980.4,50597.5,5163.9,7126
OYSSET03,Isale Adu,Saki East,Oyo,9598.8,8436.5,1079.9,12290.2,1190.3,1734
BNSBGT07,Ai-Oono 2,Ogbadibo,Benue,11475.2,14650.3,2782.3,9907.2,2171.3,1394
OSSOBN09,Ipetu Ile,Obokun,Osun,9661.4,8677.2,1028.3,8731.8,1248.9,1234
CRSABE05,Gakem,Bekwarra,Cross River,13315.7,13914.8,2182.9,11682.2,2004.3,1371
GMSBLG07,Mona,Balanga,Gombe,22452.0,29017.9,5849.4,37169.0,4441.4,6681
OYSIRO05,Iba 2,Irepo,Oyo,1915.1,743.0,110.3,1758.4,258.5,248
BNSWDP09,Menev,Kwande,Benue,41798.6,31875.2,5842.4,80265.1,7507.5,11287
OSSILA03,Iperin,Ila,Osun,21080.3,19338.1,2437.5,33626.3,2576.4,4954
GMSYDB10,Nono / Kunuwal / Wuro Birdeka,Yamaltu/Deba,Gombe,13805.3,9700.7,1906.4,41818.2,2655.2,8570
OYSIWU08,Otuibise,Itesiwaju,Oyo,19312.9,22455.7,2740.6,15705.4,2839.1,2250
ABSACH13,Isu,Arochukwu,Abia,12862.3,15896.6,1799.0,4173.8,1599.5,673
OSSAYE04,Idi-Ogun,Ayedire,Osun,15155.3,17151.3,2095.2,21953.7,1944.4,3824
OSSILA11,Oke Ola,Ila,Osun,6050.9,4241.2,544.8,8282.8,764.6,1085
CRSDUK12,Eki,Odukpani,Cross River,11553.2,22487.4,2887.7,5272.3,1953.4,619
OYSSWT11,Otun,Saki West,Oyo,1459.1,1478.2,198.8,663.2,193.8,93
DTSABH07,Ibrede / Onu / Iyede-Ame,Ndokwa East,Delta,9911.1,12024.8,1579.2,16587.8,1291.8,2640
OSSEGO05,Ilawo,Ejigbo,Osun,49560.5,46583.5,5504.7,49593.9,5805.9,6803
OYSOYE01,Abanla,Oluyole,Oyo,17186.3,11774.6,1574.3,14665.2,2224.2,2114
OSSISH01,Abiri Ogudu,Ife South,Osun,9961.3,85075.3,9968.5,5679.0,9343.8,773
BNSBRT05,Itogo,Obi,Benue,11650.5,12748.9,2440.0,21310.9,2186.7,3062
CRSBKS07,Akwa,Bakassi,Cross River,2042.6,4776.3,639.7,1507.1,312.9,178
BNSSEL09,Mbakuha,Ushongo,Benue,46143.3,23622.8,4341.8,86735.7,8329.2,12279
CRSABE04,Beten,Bekwarra,Cross River,20448.6,18075.0,2422.0,15946.5,2645.7,1871
OSSOUA02,Asa / Ajagunlase,Ola Oluwa,Osun,6844.1,7417.8,897.9,6712.2,873.1,1023
BNSTSE03,Mbaikyase,Konshisha,Benue,76084.5,69329.0,12293.5,117486.9,13295.0,16578
GMSSHM08,Kushi,Shomgom,Gombe,13402.4,12952.8,2608.6,13721.2,2657.2,2428
OSSADE06,Ode Omu Rural,Ayedade,Osun,17640.2,46315.3,5346.2,19600.0,2100.8,2649
OYSSET05,Isale Ola,Saki East,Oyo,981.6,390.5,50.0,3465.3,121.7,488
CRSGEP08,Mkpolo / Ukpawen,Yakurr,Cross River,18412.0,22502.6,2847.5,10085.9,3233.3,1311
CRSABE07,Ukpah,Bekwarra,Cross River,23665.4,21907.8,2841.0,12171.1,2980.1,1429
CRSBJE10,Boje,Boki,Cross River,33850.5,45600.1,5808.4,17885.7,4933.7,2179
BNSGBK02,Gboko East,Gboko,Benue,65887.1,93465.0,14860.8,105191.8,10320.9,15372
GMSAKK06,Kumo East,Akko,Gombe,29311.4,16558.2,3266.2,55928.3,5763.1,11380
OYSISN02,Akinwumi,Iseyin,Oyo,5817.7,4831.9,586.5,5589.3,690.8,791
OYSIRO07,Iba 4,Irepo,Oyo,3633.9,3083.7,421.2,4295.6,486.2,605
GMSNFD05,Birin Fulani West,Nafada,Gombe,13710.3,14435.1,2611.3,14688.6,2523.4,3493
OSSAMW08,Okebode,Atakunmosa West,Osun,29119.4,28446.4,3478.3,21758.4,3857.4,2875
CRSKAM08,Ojuk North,Akamkpa,Cross River,16064.8,21345.3,2829.8,18515.6,2108.7,2260
GMSFKY03,Bajoga East,Funakaye,Gombe,42956.7,52921.7,9859.1,43636.0,10608.4,9926
OSSODN07,Ilaodo / Ijabe,Odo Otin,Osun,9296.8,8460.5,1394.7,12737.6,1449.7,1795
CRSBKS05,Amoto,Bakassi,Cross River,17057.1,23325.1,2876.1,10092.8,3356.2,1202
OSSINH01,Asipa / Akinlalu,Ife North,Osun,3827.8,317.6,36.8,9341.1,439.8,1333
OSSOSO06,Ataoja 4,Osogbo,Osun,12629.1,8614.1,1057.9,8440.9,1568.3,1100
OYSOWT06,Iyaji,Oyo West,Oyo,26909.3,26226.3,3370.0,8609.0,4599.4,1212
OYSOYE05,Idi Ayunre,Oluyole,Oyo,7272.0,4665.6,623.6,7575.8,940.7,1096
BNSTSE05,Mbanor,Konshisha,Benue,34461.5,24248.2,4382.5,48604.4,6107.7,6833
GMSSHM06,Gwandum,Shomgom,Gombe,25557.6,29460.4,5844.4,32448.7,5013.8,5727
OYSSET07,Oke Agoro,Saki East,Oyo,7783.9,5323.9,681.5,11253.5,965.2,1595
ABSBND18,Umuimenyi,Bende,Abia,16713.9,18675.2,2158.2,12597.8,2137.0,2204
OYSOET06,Araromi,Oyo East,Oyo,29823.3,43222.1,5218.7,26713.4,4825.2,3769
GMSYDB04,Jagali North,Yamaltu/Deba,Gombe,37219.6,32952.4,6512.1,68552.6,7225.4,14858
CRSBNS07,Bishiri North,Obanliku,Cross River,11392.2,12225.1,1787.5,11207.6,1567.1,1319
CRSBJE09,Buda,Boki,Cross River,17453.2,22820.0,2941.1,8475.4,2534.5,995
CRSBRA09,Osopong 1,Obubra,Cross River,17418.6,27199.9,3810.9,11056.2,2458.7,1328
DTSABH08,Okpi / Utchi / Beneku,Ndokwa East,Delta,33914.6,29800.7,3887.2,35544.1,4464.0,5292
ANSATN02,Akili / Obeagwe,Ogbaru,Anambra,11097.0,21337.6,2267.6,5610.2,2476.4,868
ANSATN16,Ossomala,Ogbaru,Anambra,16525.9,37274.4,3933.7,7746.3,3958.7,1187
ABSKWU13,Oboro 4,Ikwuano,Abia,27431.3,24814.6,2699.8,14497.2,3153.5,2340
CRSCKK08,Ooh,Yala,Cross River,27172.9,26717.2,3895.6,19011.5,3851.6,2237
BNSKAL09,Tiir,Katsina-Ala,Benue,41227.6,55687.4,10295.4,144946.3,7481.0,20410
OSSEGO04,Ika,Ejigbo,Osun,12809.1,13402.2,1586.0,13640.3,1486.1,1788
CRSABE09,Nyanya,Bekwarra,Cross River,18613.1,14803.7,1951.1,12057.5,2362.9,1415
BNSPKG08,Okpoga Central,Okpokwu,Benue,32434.9,36683.6,6975.7,20050.2,6341.0,2867
OYSISN10,Ladogan,Iseyin,Oyo,3298.5,3644.8,443.3,2871.7,389.2,405
RVSRGM09,Ndoni Cn,Ogba/Egbema/Ndoni,Rivers,22804.2,17850.6,2297.1,22813.8,3220.5,3168
ANSATN08,Ogwu-Ikpele,Ogbaru,Anambra,15414.9,27096.5,2904.5,8166.0,3609.4,1251
ANSATN06,Mputu / Umuna,Ogbaru,Anambra,12661.0,22363.7,2351.3,4878.3,2450.2,734
ANSHAL06,Ihite Abu-Ihite Ward Okija,Ihiala,Anambra,14969.9,15331.4,1687.1,9886.9,1733.0,1461
OYSONA02,Akanran,Ona Ara,Oyo,60081.9,30969.2,4554.7,74464.1,8746.1,10548
ANSHTE10,Nteje 4,Oyi,Anambra,10747.0,12671.6,1525.7,13932.2,1270.8,2075
GMSBLR05,Billiri South,Billiri,Gombe,68622.4,75470.3,15087.7,61689.4,16022.9,11713
OSSISO01,Abiri,Isokan,Osun,37956.3,24473.1,2988.2,40545.6,5380.9,5540
OSSIWO07,Isale Oba 4,Iwo,Osun,13593.4,12404.4,1517.4,14470.9,1665.9,2125
OYSAFO09,Imini / Abanti,Afijio,Oyo,12844.2,13132.5,1373.7,17976.4,1310.0,2554
OYSAKE02,Alabata,Akinyele,Oyo,11814.3,9131.8,1245.7,22282.9,1557.5,3184
ANSHAL15,Uhuobo Ward Okija,Ihiala,Anambra,15446.5,17211.5,1828.0,18952.8,1622.0,2806
61502,Katami North,Silame,Sokoto,8810.4,5637.5,1149.3,8801.3,1773.0,1678
62304,Birniruwa,Yabo,Sokoto,6809.5,5602.4,1199.4,6110.4,1431.6,1079
60311,Wababe-Salau,Dange Shuni,Sokoto,33619.7,29124.2,5849.8,27126.1,6626.7,4812
OSSOUA06,Ile Ogo / Obamoro,Ola Oluwa,Osun,6653.4,6904.1,835.9,6099.9,792.8,841
OYSOGN08,Osupa,Ogbomosho North,Oyo,94736.1,87720.0,10019.7,129657.9,10986.9,19588
BNSBKB09,Mbakyaan,Buruku,Benue,12858.7,2356.1,454.4,29913.6,2432.3,4204
AKSTTU02,East Itam 2,Itu,Akwa Ibom,13215.7,6912.4,819.9,10363.7,1518.5,1283
40708,Mahuta B,Dandume,Katsina,10731.9,9079.2,1828.5,11069.9,2194.3,2970
BNSSEL05,Mbaaka,Ushongo,Benue,24888.1,6929.6,1254.3,46880.6,4440.8,6590
GMSYDB02,Gwani / Shinga / Wade,Yamaltu/Deba,Gombe,52810.4,57479.8,11327.6,80489.6,10339.4,15687
CRSBNS01,Bendi 2,Obanliku,Cross River,9220.8,10523.9,1334.3,8233.1,1136.9,969
CRSBJE07,Ekpashi,Boki,Cross River,18416.6,16110.4,2052.2,12205.4,2856.6,1496
OYSOWT04,Iseke,Oyo West,Oyo,50032.4,55581.7,6997.3,82212.8,6129.6,11765
CRSKMM02,Ofutop 2,Ikom,Cross River,9569.1,12424.3,1675.8,9470.5,1257.5,1133
BNSTSE07,Mbatsen,Konshisha,Benue,22275.1,9890.8,1755.6,38582.8,3885.0,5427
ANSACA14,Urum,Awka North,Anambra,3780.3,2136.0,253.9,8352.7,434.7,1257
GMSSHM04,Filiya,Shomgom,Gombe,26406.1,26885.4,5411.7,29596.9,5235.3,5369
CRSCKK06,Igede,Yala,Cross River,9462.8,8482.6,1237.0,4791.5,1346.8,562
GMSNFD01,Barwo Nasarawo,Nafada,Gombe,8477.4,9450.2,1709.5,9706.0,1503.2,1983
BNSGBK06,Mbaakun,Gboko,Benue,18069.0,11318.3,1814.2,39731.4,2820.4,5584
OYSIRO03,Atipa,Irepo,Oyo,3647.3,4326.4,649.4,5567.3,518.4,784
ABSHAF02,Akanukwu,Ohafia,Abia,4193.1,4036.3,475.3,2440.9,496.2,424
ABSACH15,Ohafor 1,Arochukwu,Abia,16637.9,17977.3,2058.1,9949.0,2136.1,1763
OYSKAA03,Gbelekale,Kajola,Oyo,6784.3,5790.4,719.7,3724.4,875.7,525
OSSIRE02,Atile,Irewole,Osun,24493.2,33587.2,4101.1,28761.9,3026.4,3915
CRSBJE05,Abo,Boki,Cross River,29859.1,50319.6,6425.3,20723.1,4383.7,2520
OYSISN06,Isalu 1,Iseyin,Oyo,4375.5,4108.0,499.6,3336.2,521.1,470
OYSONA04,Badeku,Ona Ara,Oyo,6066.2,14519.9,1801.7,3058.1,2260.8,435
GMSBLR07,Tal,Billiri,Gombe,32906.7,38206.5,7638.1,27428.8,6532.1,4873
OYSOLA08,Opete,Ogo Oluwa,Oyo,40606.9,47337.6,5820.0,35602.1,5836.8,5068
OYSODS04,Ibapon,Ogbomosho South,Oyo,38703.3,51316.1,6270.8,37285.0,6049.5,5813
CRSDUK10,Creek Town 2,Odukpani,Cross River,45818.7,33792.0,4323.8,13882.8,7300.4,1635
OSSBOLUW09,Oke-Otan,Boluwaduro,Osun,13429.0,15835.6,2002.2,8653.0,1972.4,1315
CRSCKK10,Okpoma,Yala,Cross River,23121.7,20556.7,3029.6,12367.3,3301.7,1455
OYSAKE04,Ijaye,Akinyele,Oyo,5649.9,3937.3,532.9,8944.6,738.9,1277
OSSIDN03,Eko Ende / Eko Ajala,Ifelodun,Osun,7191.6,5778.7,721.7,5004.5,1064.1,709
OSSOUA04,Ikire-Ile / Iwara,Ola Oluwa,Osun,10128.8,8980.4,1087.3,8494.0,1228.8,1192
GMSSHM02,Boh,Shomgom,Gombe,12454.0,13864.2,2792.7,10598.6,2478.4,1862
CRSKTA08,Ikot Eyo,Akpabuyo,Cross River,10044.5,13831.3,1867.9,5374.1,1319.4,631
OYSLAU01,Ejioku,Lagelu,Oyo,10885.9,2352.0,285.8,23964.0,1275.7,3445
BNSBRT03,Ikwokwu,Obi,Benue,40792.9,41080.3,7929.2,28375.1,7939.4,4106
CRSUDU03,Ipong,Obudu,Cross River,40498.5,34700.1,4437.0,17789.2,5154.1,2094
GMSKWM07,Komfulata,Kwami,Gombe,19173.3,20272.2,3985.6,43082.8,3689.5,8101
CRSBNS03,Becheve,Obanliku,Cross River,17893.3,14652.9,1883.1,15744.3,2336.0,1869
OYSOSO01,Aboke,Olorunsogo,Oyo,41299.5,43096.3,5250.9,27697.1,5274.9,4032
OSSADE08,Otun Balogun,Ayedade,Osun,19416.8,2261.7,260.0,31474.3,2356.2,4851
KGSLAM08,Ogugu 1 / Ofante,Olamaboro,Kogi,19304.3,18058.4,3089.7,45211.4,3351.5,7504
60606,Karfe Chana,Gudu,Sokoto,5181.7,3118.5,626.0,4243.2,1030.2,747
BNSVDY11,Nyumagbagh,Vandeikya,Benue,11776.1,16657.8,2546.3,10633.3,1766.9,1494
OYSOET02,Ajagba,Oyo East,Oyo,43975.4,57041.5,7162.1,27970.6,6889.8,3953
BNSGBK04,Gboko South,Gboko,Benue,30884.9,44651.5,7099.5,54655.0,4830.7,7908
BNSWDP14,Usar,Kwande,Benue,33876.3,21834.3,4021.3,58902.7,6106.8,8279
BNSGMU07,Ogege,Ado,Benue,23391.9,24898.8,4944.1,20176.9,4547.1,2899
ABSACH04,Arochukwu 4,Arochukwu,Abia,10624.6,15099.2,1708.8,4315.1,1289.3,696
GMSAKK08,Kumo West,Akko,Gombe,30578.8,31805.9,6272.8,65334.8,6070.6,15170
60408,Kaddi,Gada,Sokoto,19136.6,17285.1,3656.7,17778.7,4041.8,3197
OSSINH07,Moro,Ife North,Osun,31672.2,48538.0,5584.2,41575.6,3793.1,5695
OYSISN04,Ekunle 2,Iseyin,Oyo,80633.9,86794.8,10559.0,59259.4,10518.4,8412
BNSTSE11,Mbayegh,Konshisha,Benue,63631.3,48214.2,8592.9,81357.9,11129.0,11434
OYSONA06,Gbedu,Ona Ara,Oyo,5032.3,357.6,50.4,5873.7,705.5,829
BNSUKM12,Ugbaam,Ukum,Benue,19905.7,4786.2,902.6,49233.8,3686.5,6998
OYSAKE06,Iroko,Akinyele,Oyo,8168.4,6586.8,699.9,5326.1,857.7,750
OSSIDN05,Iba 1,Ifelodun,Osun,7530.0,5564.8,694.8,5414.1,978.7,757
GMSNFD03,Birin Bolawa,Nafada,Gombe,17688.3,24527.3,4535.9,23556.8,3224.0,4573
GMSFKY02,Bage,Funakaye,Gombe,65213.5,54682.2,10126.5,53909.2,12144.2,10405
OSSICL02,Ilare 1,Ife Central,Osun,8443.9,9821.1,1166.4,24253.3,969.8,3326
OYSLAU07,Olorunda 1,Lagelu,Oyo,65987.0,92232.0,11701.7,170875.1,8189.3,24490
CRSCKK02,Yache,Yala,Cross River,23186.7,32796.9,4811.1,24836.1,3295.5,2922
CRSKTA10,Idundu-Anyaganse,Akpabuyo,Cross River,44854.6,41758.2,5583.7,30921.3,6543.4,3648
OSSOBN10,Otan Ile,Obokun,Osun,7161.8,6330.4,747.1,9449.7,819.4,1423
CRSUDU01,Alege / Ubang,Obudu,Cross River,24006.3,26991.7,3495.2,10778.3,3322.8,1267
BNSSEL01,Atirkyese,Ushongo,Benue,23436.2,28370.7,5231.6,47465.6,4266.6,6870
GMSKWM05,Gadam,Kwami,Gombe,39025.2,45533.8,9198.2,38609.9,8538.9,7763
61101,Bankanu,Kware,Sokoto,35418.6,23763.9,4878.9,27942.7,7148.9,4978
GMSAKK10,Tukulma,Akko,Gombe,13346.0,10982.3,2155.1,45086.1,2562.9,9234
ABSBND10,Item 4,Bende,Abia,14671.9,14518.7,1702.5,11545.8,1730.3,1992
BNSDKP07,Oglewu Ehaje,Ohimini,Benue,3105.0,1895.0,370.7,1769.4,657.6,251
ABSBND16,Ugwueke,Bende,Abia,4589.9,6488.1,749.8,3911.7,533.3,633
OYSOIE02,Ahorodada,Ori Ire,Oyo,9759.6,11023.4,1401.1,10941.8,1222.5,1553
OYSICL04,Imeleke,Ibarapa Central,Oyo,546.8,259.7,30.8,395.5,64.6,56
CRSKMM06,Olulumo,Ikom,Cross River,18867.4,17352.4,2338.9,14300.3,2927.9,1766
OYSOLE03,Bonni,Orelope,Oyo,23887.0,21881.2,2651.7,18594.7,3069.5,2620
GMSFKY10,Wawa / Wakkaltu,Funakaye,Gombe,7782.6,5376.1,1001.5,7904.5,1426.7,1638
CRSGGJ07,Urban 2,Ogoja,Cross River,40973.1,43514.6,5678.0,34221.3,5350.7,4078
ANSAWK06,Awka 1,Awka South,Anambra,20031.0,40638.9,4352.5,37670.6,2094.6,6486
BNSJUX11,Ukpa-Ainu Ette,Oju,Benue,58330.6,73628.4,13230.3,64774.2,10458.9,9194
61909,Sutti,Tangaza,Sokoto,9369.1,9499.1,1943.1,11936.0,1889.9,2129
61008,Nasagudu,Kebbe,Sokoto,8428.0,9346.7,2017.5,6368.4,2052.5,1134
60510,Shinaka,Goronyo,Sokoto,31791.1,34224.9,7109.1,22172.1,8115.7,4175
BNSUKM10,Mbazun,Ukum,Benue,25840.9,34428.5,6515.9,92597.4,4805.6,13593
OSSISH08,Ogbon Ayesan,Ife South,Osun,12879.3,12462.8,1493.0,10246.3,1915.1,1534
ABSUMA05,Ibeku East 1,Umuahia North,Abia,25056.3,18227.7,2042.4,31074.1,2840.8,5421
BNSGKP01,Auke,Apa,Benue,22396.3,25966.4,5223.2,25761.9,4431.9,4065
OYSKAA07,Isemi Ile / Ilua,Kajola,Oyo,37868.8,36845.6,4584.7,17658.1,6030.0,2535
OSSIRE06,Moringbere,Irewole,Osun,10666.8,4613.3,563.3,13908.5,1350.0,2083
CRSBJE01,Kakwagom,Boki,Cross River,26189.3,21674.4,2765.1,13158.2,3997.6,1553
ABSACH01,Arochukwu 1,Arochukwu,Abia,9706.4,17508.3,1981.4,6850.3,1440.5,1129
61208,Tofa,Rabah,Sokoto,11992.0,15401.9,3105.8,14074.2,2393.5,2629
OYSISW04,Apata / Odo Ona,Ibadan South West,Oyo,12759.3,21009.1,2547.2,14719.2,2148.0,2317
CRSUDU07,Urban 1,Obudu,Cross River,50232.0,59382.2,7874.5,29383.2,7802.6,3451
GMSBLR03,Bare,Billiri,Gombe,30145.3,32806.9,6558.6,25467.6,7226.2,4711
BNSSEL03,Lessel Township,Ushongo,Benue,10450.1,14008.5,2552.1,9248.4,1847.7,1300
GMSKWM03,Doho,Kwami,Gombe,35401.7,24680.3,4988.6,38177.6,7307.0,8547
GMSKLT02,Baule Central,Kaltungo,Gombe,10314.8,9927.7,1942.9,7888.3,2032.1,1436
OYSOIE04,Esinele,Ori Ire,Oyo,14759.6,23555.6,3035.6,16964.6,2054.3,2509
CRSDUK03,Creek Town 1,Odukpani,Cross River,35103.7,30470.6,3810.6,14146.7,4810.0,1660
CRSAKP09,Erei North,Biase,Cross River,3405.1,3386.9,433.8,1353.4,661.0,159
BNSGKP05,Igoro,Apa,Benue,8581.5,10274.5,2085.0,5574.2,1720.5,789
OSSORU05,Jaleyemi,Orolu,Osun,23582.6,31191.7,3938.7,22606.3,3461.8,3178
OYSOSO05,Apata Alaje,Olorunsogo,Oyo,15305.1,14972.5,1841.0,12468.4,1822.3,1760
CRSGGJ05,Mbube East 1,Ogoja,Cross River,10110.3,10294.2,1342.9,6743.5,1285.8,791
OYSIBE06,New Eruwa,Ibarapa East,Oyo,587.1,329.9,39.6,259.9,69.6,37
OYSOLE01,Ago Igi Isubu,Orelope,Oyo,11898.6,14529.6,1753.6,7937.7,1580.9,1121
BNSGBK08,Mbadim,Gboko,Benue,36531.9,22474.9,3573.5,74715.3,5657.7,10561
62302,Bengaje,Yabo,Sokoto,10428.1,10771.4,2306.0,11910.0,2192.4,2133
BNSKAL01,Ikurav-Tiev 1,Katsina-Ala,Benue,23797.2,21638.4,4000.3,59501.4,4317.1,8368
OSSIRE08,Oke Ada,Irewole,Osun,7571.5,4950.9,604.5,11805.6,1036.4,1994
CRSCKK11,Gabu,Yala,Cross River,8731.3,11079.3,1636.3,7887.2,1247.9,926
OSSICL06,Iremo 1,Ife Central,Osun,15014.3,20520.8,2468.7,17043.6,1819.5,2264
OYSSWT08,Kube,Saki West,Oyo,28334.1,49491.3,6652.7,14720.3,4835.6,2079
BNSGMU05,Igumale,Ado,Benue,3022.9,3245.1,645.9,1300.4,589.9,183
BNSGMU02,Apa,Ado,Benue,56224.9,48938.7,9704.4,33742.6,10958.5,4793
ABSHAF04,Ameke 2,Ohafia,Abia,13728.6,18983.2,2229.3,12451.4,1915.0,2278
OSSISH06,Mefoworade,Ife South,Osun,17776.0,18450.7,2209.9,17181.4,2442.8,2656
CRSUDU05,Utugwang South,Obudu,Cross River,37208.5,36545.0,4739.2,14824.3,4928.2,1740
60406,Kyadawa Holai,Gada,Sokoto,33904.5,41036.6,8621.6,42397.7,7044.7,7770
GMSGME01,Ajiya,Gombe,Gombe,21420.1,22976.7,4508.9,39265.9,4115.9,7433
ENSMGL12,Amagunze,Nkanu East,Enugu,23943.3,20047.7,2449.6,20177.7,2807.1,3151
OYSOIE06,Ikoyi Ile,Ori Ire,Oyo,64199.5,61414.3,7767.7,65090.8,8322.1,9785
BNSALD05,Ikyogbajir,Gwer East,Benue,7281.0,5780.3,1106.3,14657.2,1366.6,2062
CRSDUK01,Eniong,Odukpani,Cross River,6999.4,16800.3,2147.8,3976.9,1697.5,467
OYSOSO07,Ikolaba,Olorunsogo,Oyo,4519.6,3864.1,489.4,3827.2,590.2,539
GMSDKU06,Malala,Dukku,Gombe,24171.4,29832.5,5963.4,29900.4,4765.6,5949
BNSUKM03,Borikyo,Ukum,Benue,19280.5,15611.2,2951.8,47004.8,3587.7,6713
BNSVDY08,Mbatyough,Vandeikya,Benue,20834.4,30687.5,5561.2,27959.7,3678.3,3959
GMSBLG08,Nyuwar / Jessu,Balanga,Gombe,18321.0,14739.3,2973.4,22297.4,3632.0,3942
CRSAKP11,Abayong,Biase,Cross River,8514.7,12368.7,1583.3,3688.7,1867.2,457
OSSENH08,Olusokun,Ede North,Osun,18747.4,16178.8,1962.1,42631.9,2214.6,6257
BNSKAL03,Iwar,Katsina-Ala,Benue,22950.9,33102.8,6126.3,80059.5,4174.5,11325
BNSWDP12,Tondov Ll,Kwande,Benue,19078.8,14862.4,2708.4,50973.2,3404.6,7172
OSSEGO11,Songbe,Ejigbo,Osun,6036.3,4870.4,582.6,6514.7,717.7,888
GMSYDB08,Lano / Kuri / Lambam,Yamaltu/Deba,Gombe,34979.3,52705.1,10367.6,61558.2,6905.4,14120
OSSESH09,Oloki / Akoda,Ede South,Osun,23664.3,25113.3,3101.3,26197.5,3362.4,3429
OYSATIB04,Irawo-Ile,Atisbo,Oyo,764.4,324.9,43.7,159.7,108.3,23
ANSNZM09,Umueze Anam 1,Anambra West,Anambra,9451.2,9432.6,1149.1,5212.0,1599.9,814
ABSNGK13,Ndiakata,Obi Nwga,Abia,9714.2,2504.7,301.7,12200.5,1132.4,1978
BNSALD01,Akpachai,Gwer East,Benue,13524.5,10360.5,1962.8,25466.1,2475.1,3648
61103,Durbawa,Kware,Sokoto,16615.1,18164.0,3533.9,16769.3,3668.6,3025
GMSAKK02,Garko,Akko,Gombe,126362.2,133987.8,26293.3,289279.1,24279.7,62507
EBSBZR02,Amaechi okposi / Umunuka,Ohaozara,Ebonyi,4028.8,4786.4,595.8,2013.2,507.6,344
OSSOBN04,Ibokun,Obokun,Osun,26207.9,23952.2,2831.2,27459.8,3116.7,3863
BNSBKB12,Mbayaka,Buruku,Benue,10419.4,1808.1,348.1,17757.0,1963.1,2496
OSSBOLUW01,Eripa,Boluwaduro,Osun,3088.7,2960.4,370.3,1621.5,396.2,211
GMSKLT06,Kamo,Kaltungo,Gombe,36362.1,38202.6,7522.0,37044.3,7232.5,6802
ABSACH18,Ututu,Arochukwu,Abia,12004.0,7852.0,953.0,5858.2,1659.5,961
GMSDKU04,Kunde,Dukku,Gombe,8949.1,12255.6,2497.0,12365.9,1789.4,2306
ANSAAH09,Nsugbe 1,Anambra East,Anambra,12648.9,12818.2,1459.8,15307.0,1395.0,2320
BNSJUX05,Iyeche,Oju,Benue,14496.7,18217.5,3231.1,11843.1,2512.0,1669
CRSCKK14,Ebo,Yala,Cross River,21467.6,16828.9,2425.2,12170.8,3024.8,1428
OYSOSO09,Opa Ogundiran,Olorunsogo,Oyo,11156.2,8872.1,1074.3,9674.4,1325.5,1363
OYSLAU12,Oyedeji 1,Lagelu,Oyo,13509.1,14981.3,1828.5,15839.8,1599.3,2304
CRSGGJ01,Mbube West2,Ogoja,Cross River,12204.0,9221.2,1203.9,9576.9,1545.8,1128
BNSUKM05,Kendev,Ukum,Benue,23317.8,20919.9,3959.3,58552.5,4336.8,8291
ANSNSH04,GRA,Onitsha North,Anambra,10824.9,4821.0,549.0,16815.5,1203.8,2507
CRSTGD08,Afafanyi,Abi,Cross River,17967.6,20156.5,2534.1,11092.2,3077.7,1554
CRSGEP13,Mkpani / Agoi,Yakurr,Cross River,36616.1,87626.2,11067.1,24803.5,5524.8,3103
CRSKAM07,Ikpai,Akamkpa,Cross River,7947.7,8062.2,1080.9,10785.7,1033.9,1455
OYSATIB06,Irawo-Owode,Atisbo,Oyo,22048.0,24863.8,3319.7,6451.1,3318.7,909
GMSBLR09,Todi,Billiri,Gombe,18373.8,16282.5,3259.6,14623.5,3647.3,2572
OSSOIE10,Ipetu Ijesa 1,Oriade,Osun,37304.5,36002.8,4305.1,41525.6,4788.2,6390
CRSABE10,Ugboro,Bekwarra,Cross River,25975.0,27759.6,3632.5,12864.3,3352.3,1513
GMSSHM10,Lapan,Shomgom,Gombe,20179.9,25420.7,5120.6,18560.1,4022.1,3295
BNSGBK17,Utabar,Gboko,Benue,21930.8,16048.8,2576.6,25862.5,3456.3,3670
BNSALD03,Gee,Gwer East,Benue,12732.6,10623.5,2081.3,22655.5,2444.0,3222
KWSBDU15,Pakuma,Moro,Kwara,5715.5,4510.2,797.7,13230.1,987.0,2238
BNSTKP08,Township 1,Oturkpo,Benue,68675.1,72856.4,12869.3,62212.6,13494.8,9144
BNSJUX07,Oju,Oju,Benue,10390.5,9180.6,1627.9,7022.5,1819.4,987
OSSISH02,Aye,Ife South,Osun,15087.2,57369.0,6754.6,12115.5,6118.9,2084
CRSUDU09,Utugwang North,Obudu,Cross River,29710.1,23667.2,3062.6,10888.1,4029.4,1278
ANSKPP01,Ifite Dunu 1,Dunukofia,Anambra,10829.7,7464.5,913.9,11950.9,1305.8,1769
61506,Maje,Silame,Sokoto,8348.0,6368.3,1298.3,10136.2,1675.1,1810
GMSKLT04,Kaltungo East,Kaltungo,Gombe,36439.2,37750.3,7578.4,29177.7,7483.2,5193
BNSALD09,Mbalav,Gwer East,Benue,37464.1,34231.7,6551.6,70506.5,7038.0,9969
OYSIWU05,Okaka 1,Itesiwaju,Oyo,14759.9,17662.6,2164.5,16834.9,2037.9,2391
CRSAKP03,Adim,Biase,Cross River,12946.3,24451.3,3121.6,6095.0,2332.2,780
EBSNCA03,Amanator / Amanator-Isu,Onicha,Ebonyi,16481.5,20416.9,2618.5,11390.4,2044.3,1951
62008,Lofa,Tureta,Sokoto,15415.5,1123.9,242.5,10183.7,3314.7,1831
61304,Kurawa,Sabon Birni,Sokoto,29722.4,28128.1,5779.0,23143.2,6046.8,4087
61910,Tangaza,Tangaza,Sokoto,22497.6,23730.3,4842.0,18751.6,4550.9,3319
61004,Kebbe West,Kebbe,Sokoto,8865.8,7330.6,1482.8,6112.7,1873.3,1145
61206,Rabah,Rabah,Sokoto,24237.6,21124.3,4231.3,12710.1,5876.9,2435
AKSPNG06,Inua Eyet Ikot,Ibeno,Akwa Ibom,3587.3,2688.8,324.6,1784.7,991.4,221
AKSPNG08,Itak Abasi,Ibeno,Akwa Ibom,4377.7,4917.8,589.1,1535.1,765.7,190
61701,Gagi A,Sokoto South,Sokoto,76172.2,157349.6,29094.3,56076.0,26532.2,9960
61302,Gatawa,Sabon Birni,Sokoto,29571.4,29937.0,6182.5,28091.2,6121.5,5061
61508,Gaukai,Silame,Sokoto,6175.4,5810.1,1174.1,6568.9,1234.8,1201
60805,Gidan Hamma,Illela,Sokoto,36379.8,36442.5,7575.7,27145.4,7618.5,4893
60707,Huchi,Gwadabawa,Sokoto,8503.3,9422.5,1956.9,7876.0,1882.9,1530
61204,Kurya,Rabah,Sokoto,14512.6,16506.7,3308.3,12134.7,3755.6,2276
60209,Takatuku Madorawa,Bodinga,Sokoto,25611.3,25514.3,5092.9,14129.3,5054.6,2488
60402,Gada,Gada,Sokoto,28524.1,25502.6,5407.4,26255.1,5916.5,4700
62204,Dimbiso,Wurno,Sokoto,14055.2,15421.7,3155.4,11609.0,3265.3,2288
61807,Romo Sarki,Tambuwal,Sokoto,23127.8,18685.7,3792.7,14395.3,5052.8,2700
62105,Gidan Hamidu,Wamakko,Sokoto,12893.4,13969.3,2850.8,21663.5,2587.7,3923
CRSDUK09,Mbiabo-Obomitiat,Odukpani,Cross River,7380.7,11180.3,1429.4,1158.9,1405.8,136
OSSBOE01,Aagba,Boripe,Osun,19622.2,35067.5,4188.2,18787.9,4212.5,2577
CRSKMM04,Nde,Ikom,Cross River,21392.4,23482.8,3173.6,17921.4,2848.3,2137
CRSKAM05,Akamkpa Urban,Akamkpa,Cross River,47393.7,30684.3,4067.9,45086.1,6813.8,5561
OYSATIB08,Ofiki,Atisbo,Oyo,68975.5,47981.9,6226.6,44432.5,10283.9,6313
OYSAFO10,Iware,Afijio,Oyo,12940.4,9924.2,1011.5,8443.5,1283.6,1194
OYSOLE09,Oke Aafin,Orelope,Oyo,9860.5,14918.5,1800.1,8579.3,1484.1,1267
EBSNCA15,Obegu,Onicha,Ebonyi,9931.0,10163.9,1303.5,7329.9,1231.8,1254
OYSOLE10,Oke Igboho,Orelope,Oyo,21263.0,31040.0,3768.5,19717.3,2787.5,2815
OYSAFO06,Ilora 1,Afijio,Oyo,13603.4,11475.5,1146.1,9743.9,1324.2,1374
GMSDKU08,Waziri South,Dukku,Gombe,59971.7,69417.0,13835.2,67087.1,12434.6,13952
OSSEDE05,Ekuro / Idoo,Egbedore,Osun,3637.3,2146.9,256.9,8271.8,422.4,1096
OSSIRE11,Wasinmi,Irewole,Osun,12087.8,2835.9,345.2,10883.3,1740.9,1473
OYSSWT02,Aganmu,Saki West,Oyo,3811.6,3151.4,423.8,1755.0,514.9,247
OYSATIB10,Oyada,Atisbo,Oyo,22951.7,27186.1,3428.2,16154.9,2929.4,2284
OYSIWU07,Okeamu,Itesiwaju,Oyo,11307.6,13130.4,1596.6,9121.5,1496.9,1309
CRSAKP01,Biakpan,Biase,Cross River,7407.9,10058.6,1288.3,3182.2,1319.8,377
OYSOLA07,Odo Oba,Ogo Oluwa,Oyo,18216.2,18236.2,2306.8,23926.2,2451.8,3868
CRSTGD04,Ekureku1,Abi,Cross River,9880.3,10996.1,1379.3,6061.3,1261.1,731
OSSBOE03,Isale Asa,Boripe,Osun,20942.7,36636.2,4448.4,19414.7,3916.2,2925
BNSWDP06,Mbaikyor,Kwande,Benue,33723.3,35234.4,6420.9,69841.0,6018.0,9822
ANSACA04,Amansea,Awka North,Anambra,31760.6,54112.9,6207.2,34170.7,3573.3,5148
GMSKWM09,Malam Sidi,Kwami,Gombe,28045.7,44205.5,8935.2,31714.1,5766.1,6383
CRSKTA04,Ikot Nakanda,Akpabuyo,Cross River,5804.6,7777.5,1050.4,3696.7,762.5,434
ABSKWU02,Ajatanigu,Ikwuano,Abia,1578.3,1587.0,172.7,988.6,169.1,159
CRSKAM03,Eku,Akamkpa,Cross River,6493.8,7946.5,1053.5,8471.6,838.7,1074
OYSEGA09,Osegere,Egbeda,Oyo,37763.4,6066.4,816.7,30801.0,5062.8,4419
GMSAKK05,Kumo Central,Akko,Gombe,20286.5,22027.5,4322.6,54158.6,3895.7,13244
CRSEFE10,Abijan,Etung,Cross River,2146.0,3140.3,405.1,1320.8,497.6,167
CRSKAM01,Iko,Akamkpa,Cross River,3934.1,5731.1,758.9,9815.5,507.2,1255
BNSBKB04,Mbaakura,Buruku,Benue,34890.9,51170.1,9808.0,64396.0,6575.0,9079
OSSEDE03,Aro / Ojo,Egbedore,Osun,14888.5,18583.7,2280.8,14454.1,2147.5,1903
BNSJUX03,Ibilla,Oju,Benue,34532.3,36213.5,6421.4,29237.9,6175.9,4138
CRSCKK12,Echumofana,Yala,Cross River,12320.8,7986.0,1164.6,7635.8,1745.2,896
CRSGEP03,Ajere,Yakurr,Cross River,33746.0,26182.0,3294.1,14431.7,6252.1,1729
OSSOLA04,Ilie,Olorunda,Osun,1430.5,790.9,96.3,642.7,213.3,84
GMSKLT08,Ture,Kaltungo,Gombe,16273.4,14713.2,2892.9,12705.7,3213.6,2247
OSSIEW07,Isokun,Ilesha West,Osun,5698.6,4213.9,494.9,5518.3,653.4,725
BNSBKB06,Mbaatikyaa,Buruku,Benue,32887.8,16387.1,3049.2,75649.8,6029.1,10636
OSSEDE01,Ara 1,Egbedore,Osun,581.1,195.8,23.6,981.7,67.6,128
GMSAKK09,Pindiga,Akko,Gombe,27641.5,22726.6,4467.2,51002.9,5337.1,10417
OYSIWU03,Ipapo,Itesiwaju,Oyo,16779.5,23723.9,2885.7,12058.1,2316.4,1725
CRSEFE05,Itaka,Etung,Cross River,2832.6,2917.6,376.0,1595.3,592.3,208
OSSIWO14,Oke Oba 1,Iwo,Osun,6126.3,4750.8,578.1,5732.1,725.8,752
OSSODN14,Ore / Agbeye,Odo Otin,Osun,2512.1,2027.9,252.1,1778.2,360.3,242
OYSAKE11,Olorisaoko,Akinyele,Oyo,14865.6,15104.5,2063.2,37339.6,1962.5,5341
OSSOLA06,Oba-Ile,Olorunda,Osun,12763.5,7272.3,901.3,11183.1,1534.7,1537
BNSWDP04,Liev Ll,Kwande,Benue,32070.6,35281.5,6429.5,62385.4,5723.0,8782
CRSBRA02,Ovonum,Obubra,Cross River,32435.6,24041.6,3210.3,20775.2,5954.3,2651
ANSNZM03,Mmiata,Anambra West,Anambra,19093.5,35769.5,4474.8,10546.0,4440.9,1667
GMSFKY09,Tongo,Funakaye,Gombe,30800.5,23499.1,4377.8,22800.9,6099.3,5274
GMSBLG02,Bangu,Balanga,Gombe,27595.0,22472.3,4533.4,41176.8,5465.5,7493
EBSBZR21,Umunaga,Ohaozara,Ebonyi,20069.5,18962.5,2355.5,6098.8,2460.1,1042
OYSIDO07,Ido,Ido,Oyo,17080.9,14730.7,1878.8,79259.0,2105.5,11274
OYSIRO10,Laha / Ajana,Irepo,Oyo,63020.1,64992.6,8607.6,35609.5,9533.3,5054
BNSVDY06,Mbakaange,Vandeikya,Benue,13511.6,9109.0,1591.9,19466.1,2336.8,2737
ANSKPP09,Ukwulu 1,Dunukofia,Anambra,9076.9,4070.4,502.2,8425.2,1103.1,1245
ABSBND03,Bende,Bende,Abia,14911.7,15584.8,1812.2,14296.8,1759.3,2529
GMSDKU10,Zange,Dukku,Gombe,42580.6,49120.9,9857.7,23841.6,8385.4,4263
OYSIBE08,Oke Oba,Ibarapa East,Oyo,4994.4,3487.0,419.2,1763.9,599.6,249
OSSIDN08,Obaagun,Ifelodun,Osun,4709.1,4155.6,513.2,5056.2,576.6,659
CRSEFE03,Etomi,Etung,Cross River,8721.6,12328.4,1588.7,6760.7,1193.5,844
OSSESH07,Loogun,Ede South,Osun,7438.7,6116.7,757.9,6226.8,1037.3,832
OYSOYE03,Bare,Oluyole,Oyo,41725.1,43742.9,5781.9,120495.2,5341.3,17123
OYSKAA11,Olele,Kajola,Oyo,19835.1,21628.2,2691.8,6690.3,2836.6,943
OSSBOE10,Oloti,Boripe,Osun,8043.3,8140.0,998.2,17085.5,955.2,2523
ABSKWU14,Oloko 1,Ikwuano,Abia,20030.8,13499.6,1468.7,11191.1,2172.1,1807
CRSGEP07,Assiga,Yakurr,Cross River,23971.3,24348.9,3132.3,8488.8,3481.5,1006
CRSGGJ10,Ekajuk 2,Ogoja,Cross River,20836.2,23161.5,3045.3,16320.9,2726.4,1922
ABSHAF17,Owuwanyanwu,Ohafia,Abia,135.1,80.8,10.7,47.8,29.9,8
OSSADE03,Gbogon Rural,Ayedade,Osun,21387.1,3510.6,410.0,24057.4,2503.1,3265
ANSNZM05,Olumbanasa 1,Anambra West,Anambra,5738.5,13215.3,2009.9,6392.4,1403.6,1110
OYSICL09,Sekere,Ibarapa Central,Oyo,4232.1,2165.2,272.3,3461.6,525.1,488
OYSIRO08,Iba 5,Irepo,Oyo,712.2,434.3,57.5,623.4,91.7,88
CRSABE02,Ibiaragidi,Bekwarra,Cross River,22100.7,19296.8,2502.4,11477.9,2777.5,1347
CRSKMM10,Abayom,Ikom,Cross River,27567.4,36284.5,4843.3,31272.6,3635.9,3773
OYSOLA01,Ajaawa,Ogo Oluwa,Oyo,7428.6,7494.7,904.1,7989.1,879.1,1171
OYSIRO06,Iba 3,Irepo,Oyo,48644.6,56123.2,7434.4,20074.9,6700.2,2830
61801,Bagida,Tambuwal,Sokoto,39237.7,42707.0,8638.9,26660.2,7784.7,4920
OSSISH10,Olode,Ife South,Osun,45320.1,67126.9,8041.6,30837.8,6955.5,4610
BNSNAK13,Tijime,Gwer West,Benue,7746.2,9125.8,1881.7,11897.4,1568.2,1700
ANSKPP11,Umudioka 1,Dunukofia,Anambra,7974.3,8246.1,1031.9,8989.2,1015.9,1346
EBSBZR13,Ugbogologo Ugwulangwu / Amenu,Ohaozara,Ebonyi,11772.4,9003.1,1120.7,5273.7,1544.1,903
EBSBZR19,Umuchima / Ihenu,Ohaozara,Ebonyi,5009.8,7746.6,973.8,2932.1,616.1,501
61006,Margai East,Kebbe,Sokoto,12408.2,13161.6,2677.3,9849.5,2625.0,1828
OYSEGA07,Olodo,Egbeda,Oyo,27738.0,2149.4,293.9,40299.1,3956.9,5779
CRSKMM09,Ofutop 1,Ikom,Cross River,4974.0,3217.8,434.9,2335.8,785.6,280
GMSFKY07,Ribadu,Funakaye,Gombe,40301.7,25550.8,4955.0,30478.2,7815.7,5843
EBSCHR28,Obegu Enyibuchiri,Ikwo,Ebonyi,19905.4,14887.8,2633.1,9774.2,3524.9,1670
OSSADE01,Araromi / Owu,Ayedade,Osun,11935.8,1397.0,160.6,17399.2,1347.0,2666
BNSJUX09,Okudu,Oju,Benue,15746.8,12063.0,2137.8,10906.3,2725.5,1540
OYSATA10,Basorun,Atiba,Oyo,5256.4,4725.3,619.4,1097.8,886.9,155
BNSWDP08,Mbayoo,Kwande,Benue,10871.7,5644.9,1037.6,19825.4,1948.3,2812
GMSYDB11,Zambuk / Kwali,Yamaltu/Deba,Gombe,31562.1,8951.2,1761.2,37359.6,6126.1,8028
EBSCHR22,Ndufu Echara Urban,Ikwo,Ebonyi,5628.4,7039.6,1139.7,5868.5,1052.2,1002
EBSBZR07,Ihenu,Ohaozara,Ebonyi,6002.2,7392.5,889.1,3585.4,710.5,612
OYSOIE09,Oolo,Ori Ire,Oyo,13067.4,6348.9,803.7,12635.3,1668.9,1800
GMSSHM09,Lalaipido,Shomgom,Gombe,15657.2,15426.2,3107.3,12591.9,3095.4,2238
OSSESH10,Sekona,Ede South,Osun,14916.8,21562.2,2682.4,9263.3,2288.3,1296
OSSADE07,Olufi,Ayedade,Osun,8055.2,21835.8,2510.2,9848.0,920.2,1328
OYSSET02,Arolu,Saki East,Oyo,5966.3,5768.7,841.3,12942.9,843.4,1825
OYSOET05,Apinni,Oyo East,Oyo,3206.8,3466.9,435.2,1560.5,408.3,220
ABSKWU10,Oboro 1,Ikwuano,Abia,21772.4,27618.5,3007.6,19009.5,2625.2,3359
BNSGBK03,Gboko North / West,Gboko,Benue,93378.9,150759.6,23970.5,144020.2,14511.1,20697
OSSOSO10,Ibokun Road,Osogbo,Osun,20466.7,23377.3,2938.4,25510.1,2554.6,3348
OYSIWU09,Otuilesan,Itesiwaju,Oyo,19660.8,26501.0,3252.4,13657.5,2660.6,1951
GMSFKY08,Tilde / Bodor,Funakaye,Gombe,13363.8,12102.3,2254.6,15381.8,2563.8,3452
BNSPKG11,Okpoga West,Okpokwu,Benue,10074.4,10561.8,2005.7,7452.5,1886.6,1047
GMSFKY01,Ashaka / Magaba,Funakaye,Gombe,32400.1,43945.3,8186.8,36455.2,6774.1,8093
CRSABE06,Abuochiche,Bekwarra,Cross River,10869.5,15184.2,1969.1,7684.4,1375.2,909
OYSONA01,Ajia,Ona Ara,Oyo,40967.1,6070.3,863.5,56121.5,5855.5,8020
OYSIRO04,Iba 1,Irepo,Oyo,755.5,255.5,38.4,823.6,100.3,116
OYSIDO01,Akinware,Ido,Oyo,562.8,435.3,55.5,2016.0,69.3,284
OSSOLA10,Ota-Efun,Olorunda,Osun,50962.4,52703.1,6530.8,64844.9,6749.7,8537
OYSOIE10,Tewure,Ori Ire,Oyo,22881.4,24482.0,3104.0,28632.8,2890.7,4279
OYSODS09,Lagbedu,Ogbomosho South,Oyo,1295.6,1050.0,116.3,2659.8,141.4,493
OSSAYE05,Ilaji,Ayedire,Osun,12991.5,14525.3,1782.1,3592.4,2162.4,469
CRSKAM09,Ojuk South,Akamkpa,Cross River,6922.2,26492.8,3512.3,17824.3,893.3,2334
OYSEGA03,Ayede,Egbeda,Oyo,3984.3,420.4,56.3,2982.3,517.7,425
EBSAFK31,Ngodo / Amachi,Afikpo North,Ebonyi,12126.6,21338.2,2412.1,7346.7,1801.3,1340
61109,Sabon Birni,Kware,Sokoto,48967.4,29022.6,5976.4,34674.8,10039.1,6274
GMSSHM07,Kulishin,Shomgom,Gombe,20806.9,17955.2,3607.9,13937.9,4459.6,2456
EBSCHR11,Etam / Elugwu Etam,Ikwo,Ebonyi,33385.3,30012.2,4797.0,9929.6,5753.2,1696
OYSOYE04,Egbeda Tuba,Oluyole,Oyo,12458.9,16666.2,2350.3,21218.9,1689.5,3001
ANSHTE05,Nkwelle 1,Oyi,Anambra,27953.3,12932.0,1471.1,52345.1,3075.3,7767
BNSBRT04,Irabi,Obi,Benue,14325.0,15582.6,3007.7,10123.6,2865.3,1485
OYSOYE02,Ayegun,Oluyole,Oyo,76888.4,79710.9,10654.7,127478.0,9959.4,18060
GMSYDB07,Kwadon / Liji / Kurba,Yamaltu/Deba,Gombe,55771.4,200672.0,37116.4,117864.0,16101.3,25265
CRSBNS04,Busi,Obanliku,Cross River,2337.8,1546.2,196.0,2810.1,287.2,332
OYSOWT07,Ojongbodu,Oyo West,Oyo,382.9,363.3,46.4,526.6,46.6,74
OSSOUA03,Bode-Osi,Ola Oluwa,Osun,9557.7,9210.3,1114.4,7932.1,1227.6,1144
BNSTSE02,Iwarnyam,Konshisha,Benue,29611.4,33609.0,6245.5,46701.4,5404.3,6570
62009,Tsamiya,Tureta,Sokoto,18634.1,18049.8,3873.3,13510.0,3961.6,2383
ANSACA01,Achalla 1,Awka North,Anambra,2193.9,2455.2,292.5,7423.2,252.9,1156
ANSACA11,Mgbakwu,Awka North,Anambra,18893.7,3926.6,466.7,19611.3,2225.2,3028
CRSTGD10,Itigidi,Abi,Cross River,17709.8,18901.6,2370.9,8264.0,2680.5,1043
BNSUKM08,Mbatian,Ukum,Benue,19240.0,25343.1,4770.4,64412.8,3561.0,9314
CRSGEP01,Ikpakapit,Yakurr,Cross River,28771.0,17405.4,2190.9,14455.1,5358.5,1734
OSSODN11,Olonyan,Odo Otin,Osun,12545.2,13258.4,2019.4,11677.6,1880.0,1534
OYSSET04,Isale Igbagbo,Saki East,Oyo,11083.0,7696.8,985.2,11717.5,1374.3,1661
EBSEDA12,Owutu,Afikpo South,Ebonyi,5702.6,5294.2,698.3,2113.7,1192.2,389
OYSAKE08,Moniya,Akinyele,Oyo,72849.8,75992.6,10380.5,198779.1,9617.3,28801
OYSAKE01,Akinyele,Akinyele,Oyo,14416.3,12967.6,1771.3,31919.7,1903.2,4781
CRSBJE11,Beebo-Bumaji,Boki,Cross River,10243.4,8308.0,1058.2,5791.0,1641.2,684
OSSIRE01,Agbora,Irewole,Osun,9418.9,2689.0,328.9,7197.5,1447.5,962
BNSPKG09,Okpoga North,Okpokwu,Benue,25619.5,28080.5,5339.7,14432.2,4862.1,2028
OYSONA03,Araromi,Ona Ara,Oyo,4859.7,220.4,32.4,5812.9,695.6,830
OSSAYE07,Oke Osun,Ayedire,Osun,29547.8,59317.2,7271.7,10158.4,6533.6,1330
60701,Asara,Gwadabawa,Sokoto,28300.9,29507.1,6128.7,21441.8,5821.3,3824
CRSBRA11,Ofumbongha-Yala,Obubra,Cross River,18005.8,23753.3,3172.7,10033.7,3073.6,1230
OSSIAE02,Bolorunduro,Ilesha East,Osun,30699.1,34163.1,4024.6,29859.8,4239.3,4095
GMSNFD04,Birin Fulani East,Nafada,Gombe,8467.6,6952.2,1276.1,10586.8,1523.4,2181
OSSAMW09,Osu 1,Atakunmosa West,Osun,14650.3,16173.0,1828.6,15612.4,1608.9,2130
BNSBRT06,Obarike,Obi,Benue,28477.6,32186.3,6212.5,15917.1,6311.7,2290
GMSYDB05,Jagali South,Yamaltu/Deba,Gombe,17541.1,30434.2,5987.9,37243.0,3390.7,7923
CRSBNS06,Bisu,Obanliku,Cross River,6933.5,8255.2,1046.7,6513.5,851.7,777
CRSBJE08,Bunyia,Boki,Cross River,20534.5,25982.6,3371.5,9050.4,2825.6,1062
OYSOWT05,Ishokun,Oyo West,Oyo,1216.4,1436.4,184.2,1365.6,151.3,192
OYSOLA10,Otamokun,Ogo Oluwa,Oyo,3284.6,4233.0,510.6,4237.2,384.6,606
OSSINH02,Edunabon 1,Ife North,Osun,14374.7,32961.6,3789.2,13544.2,1654.6,1823
OSSISH05,Kere,Ife South,Osun,8258.0,8058.3,963.1,14934.5,1058.3,2250
OYSOGN09,Sabo / Tara,Ogbomosho North,Oyo,41409.5,40080.9,4439.8,83258.9,4550.7,14023
CRSAKP05,Umon North,Biase,Cross River,16312.2,18398.2,2356.4,5863.0,4585.7,692
OSSOSO07,Ayepe,Osogbo,Osun,34624.4,46024.7,5803.9,29830.8,5833.4,3904
ABSMBL10,Isiala Amawu / Obialaugo,Isuikwuato,Abia,2913.9,2464.1,241.7,3482.4,274.2,583
CRSKMM03,Ikom 1,Ikom,Cross River,88804.4,79047.9,10656.5,87330.5,12687.8,10561
GMSSHM05,Gundale,Shomgom,Gombe,6487.0,8773.6,1734.5,7724.3,1269.9,1360
GMSFKY06,Kupto,Funakaye,Gombe,24343.2,20567.8,3831.7,18720.2,4441.5,3604
OYSKAA02,Elero,Kajola,Oyo,53200.3,66390.8,8263.6,29465.5,9556.9,4228
RVSPBT01,Opward 1,Opobo/Nkoro,Rivers,2944.0,9587.7,1190.5,2674.2,1603.8,490
OYSOGN06,Masifa / Aguodo,Ogbomosho North,Oyo,55574.1,60581.0,6710.7,123345.8,6022.1,19379
OYSSET06,Kajola,Saki East,Oyo,5584.1,4839.6,619.5,13267.4,692.5,1869
GMSKWM10,Malleri,Kwami,Gombe,17359.5,18305.5,3686.4,14173.0,3750.5,2877
OYSSET11,Oke Yidi,Saki East,Oyo,1222.6,642.0,82.2,4603.3,151.5,649
CRSCKK07,Wanihem,Yala,Cross River,24706.0,26797.6,3920.1,16906.2,3517.1,1984
CRSBRA08,Ofat,Obubra,Cross River,10223.7,8271.8,1100.2,7920.8,1389.5,987
BNSGMU04,Etenyi,Ado,Benue,8664.8,6607.7,1315.1,4702.7,1699.2,661
OYSKAA08,Isia,Kajola,Oyo,92992.6,157917.2,19656.2,60712.1,15606.4,8989
OYSISN11,Oke Ola,Iseyin,Oyo,139626.0,179522.1,21842.3,131103.6,20820.8,19351
OYSISN07,Isalu 2,Iseyin,Oyo,62726.6,49804.9,6150.0,37982.0,8337.9,5400
OYSONA05,Gbada,Ona Ara,Oyo,1598.0,18.4,2.7,2037.2,229.5,287
GMSBLR04,Billiri North,Billiri,Gombe,17170.3,17551.0,3508.7,12853.6,3535.2,2324
60910,Tidibale,Isa,Sokoto,19325.6,19063.9,3881.4,11026.4,4168.0,1945
OYSOLA09,Osupa,Ogo Oluwa,Oyo,4392.3,4312.7,520.3,3713.1,517.0,523
GMSFKY05,Jillahi,Funakaye,Gombe,24842.7,22136.8,4124.0,20832.2,4592.5,4171
OSSAYE09,Oosa,Ayedire,Osun,8645.5,9466.9,1156.0,8661.4,1056.7,1170
EBSNKE15,Ndufu Amuzu,Ezza South,Ebonyi,4913.3,2270.0,311.8,3652.8,650.4,625
EBSNKE17,Okoffia / Amudo,Ezza South,Ebonyi,32258.1,39443.0,5192.2,31574.0,4118.5,5406
EBSNCA13,Isinkwo-Ukawu / Anyagarigwe,Onicha,Ebonyi,18022.5,18727.0,2420.4,6825.9,2317.2,1166
GMSGME11,Shamaki,Gombe,Gombe,41655.9,38087.2,7474.1,93740.7,8007.3,25981
ANSZBL08,Ihembosi,Ekwusigo,Anambra,6434.4,7157.2,802.4,5574.6,743.9,828
62202,Alkanmu,Wurno,Sokoto,15803.6,20318.9,4090.6,16501.7,3288.7,2977
60703,Chimola,Gwadabawa,Sokoto,29352.4,23094.6,4795.6,18668.7,6196.7,3721
60508,Rimawa,Goronyo,Sokoto,41747.8,49561.0,10266.4,30807.3,10155.5,5600
61901,Gidan Madi,Tangaza,Sokoto,13179.0,14276.7,2920.4,13978.4,2658.4,2475
OYSAKE03,Aroro,Akinyele,Oyo,24360.0,25139.6,3406.2,54634.7,3189.5,7729
OSSIDN02,Dagbolu,Ifelodun,Osun,25046.1,22478.3,2756.5,35975.2,2974.4,4752
GMSNFD06,Gudukku,Nafada,Gombe,7115.5,8593.7,1554.6,6410.0,1261.7,1133
ABSBND19,Uzuakoli 1,Bende,Abia,13997.3,17885.9,2067.0,13702.8,1974.7,2451
OSSINH04,Famia,Ife North,Osun,1961.4,516.1,61.3,5127.7,225.3,691
BNSSEL04,Mbaagir,Ushongo,Benue,12403.6,4992.8,858.2,21442.2,2001.1,3024
GMSKWM06,Jurara,Kwami,Gombe,13804.0,13792.4,2787.8,11538.9,2863.9,2392
GMSYDB03,Hinna,Yamaltu/Deba,Gombe,44061.4,60044.5,11813.7,60840.7,8728.6,13377
CRSBJE06,Alankwu,Boki,Cross River,18869.1,24301.3,3095.9,9012.4,2798.0,1064
OYSOWT03,Fasola,Oyo West,Oyo,8815.1,9345.6,1198.1,8832.2,1096.5,1251
BNSTSE06,Mbatem,Konshisha,Benue,46399.8,33894.5,6230.6,67779.8,8334.9,9559
GMSSHM03,Burak,Shomgom,Gombe,6102.1,7599.0,1527.5,6964.2,1204.8,1229
OYSSET08,Oke Ola,Saki East,Oyo,834.7,1310.3,167.0,2872.6,103.1,477
CRSKMM07,Ikom 2,Ikom,Cross River,12470.0,12044.6,1625.6,7637.5,1710.3,900
CRSDUK06,Odukpani,Odukpani,Cross River,90054.1,87393.0,11222.9,68036.4,12488.9,8442
OSSENH01,Alusekere,Ede North,Osun,54302.7,52315.3,6390.7,48459.7,6612.3,6352
CRSCKK05,Wanokom,Yala,Cross River,16647.8,13129.0,1915.7,9440.7,2361.2,1108
OYSICL03,Igbole,Ibarapa Central,Oyo,16541.0,12899.3,1534.6,9077.3,2164.5,1285
61401,Dandin Mahe,Shagari,Sokoto,36772.2,43227.2,9069.5,24967.9,7672.5,4414
61903,Kwacce Huru,Tangaza,Sokoto,10122.0,11917.5,2441.4,13164.2,2048.5,2328
OYSOSO02,Agbele,Olorunsogo,Oyo,19714.3,29372.5,3554.4,16816.8,2758.5,2412
BNSGBK05,Igyorov,Gboko,Benue,13195.5,10495.5,1774.5,48150.3,2159.8,6767
BNSWDP15,Yaav,Kwande,Benue,40913.8,39706.5,7235.9,33798.5,7362.4,4754
OSSIRE05,Molarere,Irewole,Osun,2872.3,354.2,43.1,3303.0,346.4,437
BNSGMU06,Ijigbam,Ado,Benue,39207.5,28771.3,5720.5,24661.6,7633.5,3470
OYSISN05,Faramora,Iseyin,Oyo,3636.6,1704.0,207.3,3827.8,440.2,539
GMSBLR06,Kalmai,Billiri,Gombe,14051.3,14508.0,2900.4,12701.3,2790.6,2273
OYSIRO02,Ajagunna,Irepo,Oyo,2276.0,977.2,129.4,1109.5,304.0,156
BNSUKM13,Uyam,Ukum,Benue,80394.5,63077.4,11894.1,201210.2,15015.6,32192
OYSODS07,Ilogbo,Ogbomosho South,Oyo,12731.7,12487.5,1391.8,23669.4,1409.3,3550
BNSBRT02,Adum East,Obi,Benue,6481.9,6702.8,1293.7,3997.6,1244.2,563
61601,Sarkin Adar Gandu,Sokoto North,Sokoto,12440.7,11376.0,2127.1,22946.4,2286.3,4503
CRSDUK13,Ito / Idere / Ukwa,Odukpani,Cross River,14592.3,26810.4,3426.8,5012.3,2309.2,588
OYSAKE05,Ikereku,Akinyele,Oyo,4151.8,3425.7,467.9,6127.7,548.1,864
OSSISO02,Alapomu 1,Isokan,Osun,12514.3,10689.4,1305.2,11907.3,2366.4,1582
BNSSEL06,Mbaawe,Ushongo,Benue,24257.3,7639.5,1250.0,46715.4,3900.6,6573
OYSIDO10,Omi Adio,Ido,Oyo,96146.4,111358.7,13980.1,476338.9,12624.1,68315
GMSDKU05,Lafiya Tale,Dukku,Gombe,8711.7,10819.0,2162.0,11760.8,1726.7,2282
GMSYDB01,Deba,Yamaltu/Deba,Gombe,38281.4,36232.2,7128.7,45712.4,7496.8,9682
61402,Gangan,Shagari,Sokoto,27116.3,15548.7,3252.2,11847.6,5619.9,2148
CRSBNS02,Bebi,Obanliku,Cross River,8908.8,6259.8,903.0,9812.5,1176.6,1162
CRSBJE04,Ogep,Boki,Cross River,36377.1,29181.8,3717.1,20475.9,5912.9,2552
GMSAKK11,Tumu,Akko,Gombe,14806.6,15260.8,2994.9,49113.8,2843.4,10017
OYSLAU06,Ofaigbo,Lagelu,Oyo,12282.9,9363.0,1146.6,10455.0,1853.4,1476
BNSKAL08,Michihe,Katsina-Ala,Benue,44844.3,50016.5,9232.7,107624.8,8110.9,15137
OSSOUA05,Ikonifin / Isero,Ola Oluwa,Osun,4970.0,4644.5,561.6,3960.5,588.1,517
GMSSHM01,Bangunji,Shomgom,Gombe,15228.5,14099.5,2835.7,13612.1,3012.2,2416
CRSGGJ06,Nkum Iborr,Ogoja,Cross River,22367.1,20620.5,2694.2,17833.1,2843.5,2094
CRSCKK03,Okuku,Yala,Cross River,37475.1,32427.5,4728.8,20464.6,5452.2,2407
CRSKAM10,Mbarakom,Akamkpa,Cross River,12167.9,6048.2,801.8,10293.2,1603.1,1270
CRSKTA09,Eneyo,Akpabuyo,Cross River,10391.9,16618.1,2237.5,6469.6,1370.6,759
OSSIRE07,Odeyinka,Irewole,Osun,2749.1,493.6,59.6,3139.6,326.7,470
GMSBLR02,Banganje South,Billiri,Gombe,21071.6,25593.9,5116.6,17654.8,4289.7,3125
OSSODN12,Oluinisa,Odo Otin,Osun,14427.0,19049.5,2380.2,17464.6,1903.4,2492
OSSISO06,Idogun,Isokan,Osun,11471.3,4809.4,596.1,5987.0,4003.2,836
GMSDKU01,Gombe Abba,Dukku,Gombe,23324.4,30005.0,5997.4,25225.1,4640.7,4474
BNSGBK10,Mbakpegh,Gboko,Benue,54544.5,50713.3,8098.7,78162.5,8527.3,11028
GMSNFD02,Barwo Winde,Nafada,Gombe,10836.8,10008.3,1810.5,11669.4,1927.2,2452
OSSISH09,Oke Owena,Ife South,Osun,18195.8,14400.6,1725.1,24691.5,2515.3,3903
OSSINH08,Oyere 1,Ife North,Osun,4660.8,247.3,29.4,12512.8,532.7,2035
CRSUDU06,Begiaba,Obudu,Cross River,27172.7,30312.4,3910.5,11772.7,3594.0,1382
GMSKWM02,Daban Fulani,Kwami,Gombe,14139.1,15963.8,3150.5,21738.2,2766.9,4936
CRSBJE02,Oku-Borum,Boki,Cross River,19923.1,17787.6,2267.8,8512.7,2896.6,1009
ABSBND15,Ozuitem,Bende,Abia,20045.6,17851.1,2062.9,16040.4,2415.5,2958
OYSIBE05,Itabo,Ibarapa East,Oyo,5956.9,6325.5,760.7,5365.9,694.8,757
RVSMHA14,Emward 14,Emuoha,Rivers,12549.9,10313.6,1240.5,17854.4,1778.8,2836
OYSOIE03,Elesun Adeosun,Ori Ire,Oyo,13345.6,13692.7,1732.4,14638.9,1706.2,2105
CRSKMM05,Nnam,Ikom,Cross River,11303.3,14106.7,1895.7,10012.9,1490.5,1181
CRSAKP08,Umon South,Biase,Cross River,6485.5,10337.8,1324.1,2615.3,1581.1,315
CRSCKK01,Wanikade,Yala,Cross River,37212.5,32689.8,4767.3,26737.3,5285.7,3142
BNSWDP11,Tondov L,Kwande,Benue,13080.3,22046.1,4017.5,26024.9,2334.2,3658
EBSNCA06,Ebia Oshiri,Onicha,Ebonyi,6951.5,697.6,90.7,3539.9,879.6,605
61002,Girkau,Kebbe,Sokoto,12635.4,15217.4,3182.1,9483.9,2625.2,1713
OYSODS03,Arowomole,Ogbomosho South,Oyo,36309.9,45970.3,5648.9,32252.3,6079.8,4793
GMSDKU03,Jamari,Dukku,Gombe,44887.0,29986.0,5923.7,45815.0,8750.0,8592
CRSBNS08,Basang,Obanliku,Cross River,9042.0,8285.7,1050.9,12084.6,1124.2,1449
BNSGBK12,Mbatan,Gboko,Benue,13557.6,6101.7,970.2,27698.6,2099.7,3897
OSSAMW01,Ibodi,Atakunmosa West,Osun,8339.2,8664.6,982.0,9796.9,918.5,1321
61803,Bashire-Maikada,Tambuwal,Sokoto,45162.1,35245.0,7129.4,22619.6,8963.4,4009
OYSSWT09,Ogidigbo,Saki West,Oyo,58272.5,68519.2,9214.2,31663.8,9447.3,4466
OSSISH07,Ogbon Aare,Ife South,Osun,15795.9,20540.4,2460.8,12908.2,2322.2,2029
CRSUDU04,Ukpe,Obudu,Cross River,10306.5,8929.6,1153.9,5174.5,1372.2,607
OYSOSO06,Elerugba,Olorunsogo,Oyo,3023.5,681.1,82.4,1664.4,369.1,235
OYSOYE06,Latunde,Oluyole,Oyo,7850.6,4929.3,658.9,8122.0,1015.6,1169
CRSGGJ02,Nkum Irede,Ogoja,Cross River,32958.4,28803.1,3770.0,20922.0,4202.2,2455
BNSBRT11,Okwutungbe,Obi,Benue,10723.2,10638.5,2049.4,7753.6,2118.3,1097
CRSEFE08,Ajassor,Etung,Cross River,16684.1,23352.8,3119.7,9029.7,2977.6,1087
OSSOUA09,Ogbagba 2,Ola Oluwa,Osun,3233.0,2499.6,302.6,2543.5,410.5,331
ABSKWU09,Ikemba,Ikwuano,Abia,2751.7,5152.5,560.6,2222.0,298.6,358
ABSKPU05,Amaasa Nsulu,Isiala-Ngwa North,Abia,23028.2,17901.8,1968.3,15760.2,2491.0,2549
CRSDUK07,Adiabo Efut,Odukpani,Cross River,66208.0,71314.0,8914.5,66525.6,9332.0,8209
OSSODN03,Ekosin / Iyeku,Odo Otin,Osun,7511.1,8331.0,1181.0,9060.6,1063.3,1256
OYSATIB03,Baasi,Atisbo,Oyo,4102.1,5718.5,720.8,7441.6,499.6,1051
OYSOET01,Agboye,Oyo East,Oyo,5619.1,6124.2,731.8,2185.6,698.4,308
CRSBNS10,Utanga,Obanliku,Cross River,10250.2,8626.2,1153.8,12032.4,1334.0,1414
OYSSWT04,Baabo,Saki West,Oyo,47083.2,53118.2,7188.9,33702.3,8643.6,4757
OYSIWU10,Owode Ipapo,Itesiwaju,Oyo,18769.5,22959.2,2794.1,17148.1,2366.7,2506
OSSIET06,More,Ife East,Osun,31400.9,50802.6,4687.3,44557.4,4667.8,6119
GMSKLT01,Awak,Kaltungo,Gombe,46442.0,50399.1,9865.7,53094.5,9555.9,10749
62308,Torankawa,Yabo,Sokoto,11211.6,11919.5,2417.4,9568.9,2248.5,1690
EBSNCA22,Uhuobia,Onicha,Ebonyi,15326.6,22066.3,2830.0,9593.7,1900.4,1643
GMSGME02,Bajoga,Gombe,Gombe,15517.6,13636.5,2676.0,34971.0,2981.0,8949
OYSIRO01,Agoro,Irepo,Oyo,39440.9,45116.3,5979.2,19924.7,5578.1,2811
GMSBLG09,Swa,Balanga,Gombe,37116.4,32869.8,6582.6,55677.8,7489.3,11193
CRSAKP10,Akpet-Abini,Biase,Cross River,25889.1,48596.7,6222.7,18297.4,4508.3,2253
ENSDBR07,Mpu,Aninri,Enugu,27762.4,39835.0,4857.8,12200.0,3437.1,1910
OYSOSO08,Onigbeti,Olorunsogo,Oyo,4229.7,3859.6,467.1,3753.1,587.7,539
OYSLAU11,Oyedeji 4,Lagelu,Oyo,4982.1,5464.3,708.4,8593.5,633.1,1211
OYSIBE03,Isaba,Ibarapa East,Oyo,29544.0,34046.0,4088.4,19186.8,3601.0,2719
OYSOLE06,Modeke,Orelope,Oyo,27898.1,27684.1,3341.4,16369.1,4030.2,2309
BNSVDY09,Mbayongo,Vandeikya,Benue,31810.5,36313.5,6315.5,63593.3,5403.0,8941
CRSGEP10,Biko-Biko,Yakurr,Cross River,18293.0,6871.2,864.9,9154.1,3238.4,1095
BNSKAL02,Ikurav-Tiev 2,Katsina-Ala,Benue,13105.0,1567.6,298.2,33099.5,2429.0,4677
OSSESH08,Olodan,Ede South,Osun,7600.2,6398.0,795.9,2772.3,1118.5,364
GMSAKK03,Kalshingi,Akko,Gombe,13888.9,10133.9,1988.6,53346.8,2667.2,11751
NISBDA01,Bariki,Bida,Niger,61017.7,56771.3,11462.4,73141.3,12590.3,16755
GMSDKU07,Waziri North,Dukku,Gombe,34134.8,28547.3,5703.3,41927.0,7193.8,8811
GMSBLG10,Talasse,Balanga,Gombe,27675.1,31066.7,6231.2,42476.1,5500.9,7918
OSSISO09,Oloke,Isokan,Osun,1536.0,25649.9,3179.0,432.5,695.9,56
OSSISO10,Oosa Adifa,Isokan,Osun,1344.0,0.0,0.0,645.5,595.5,92
OSSOUA07,Ilemowu / Asamu,Ola Oluwa,Osun,8241.3,7891.7,955.5,7055.7,1045.4,999
OSSOBN06,Ilare,Obokun,Osun,5928.1,5103.7,602.0,6822.0,685.3,996
EBSZLL01,Agba,Ishielu,Ebonyi,10941.8,12924.3,1949.6,8013.5,1566.0,1369
OSSODN13,Olukotun Inisha,Odo Otin,Osun,17683.8,15905.3,1987.4,15892.4,2373.2,2210
OSSODN15,Osolo / Oparimo,Odo Otin,Osun,9346.0,12951.0,1641.7,12372.6,1285.7,1847
OSSODN01,Asi / Asaba,Odo Otin,Osun,4989.7,4134.8,518.9,3304.0,648.3,445
EBSBZR23,Umuobuna,Ohaozara,Ebonyi,16299.0,23566.9,2933.5,10903.0,2036.7,1870
OSSODN04,Esa / Otunbale,Odo Otin,Osun,1536.1,1154.8,144.3,1120.6,197.5,150
OSSESH05,Jagun / Jagun,Ede South,Osun,320.4,38.2,4.8,25.3,39.5,3
OSSESH06,Kuye,Ede South,Osun,475.1,210.1,26.1,65.5,63.8,9
OSSESH04,Babasanya,Ede South,Osun,10010.3,10708.8,1322.4,5881.4,1408.5,766
OSSENH06,Oloba / Atapara,Ede North,Osun,4178.3,3738.1,456.0,3612.8,499.3,469
OSSENH04,Bara-Ejemu,Ede North,Osun,4721.7,5178.1,631.7,6304.7,562.3,827
OSSENH03,Asunmo,Ede North,Osun,3380.4,2390.3,291.6,2135.5,407.5,278
ANSHAL04,Azia,Ihiala,Anambra,35298.2,42342.2,4716.7,32701.3,3873.0,4850
NISENG03,Fazhi,Edati,Niger,8645.2,12634.4,2631.2,6961.6,2826.1,1577
NISWSH11,Zungeru,Wushishi,Niger,31660.5,27742.8,5657.8,44027.1,6519.5,7349
BNSALD12,Mbayom,Gwer East,Benue,7298.8,9322.3,1784.2,19641.4,1369.9,2761
OSSEGO07,Masifa,Ejigbo,Osun,30554.1,25829.5,3073.4,33589.9,3605.6,4732
ENSDBR10,Okpanku / Agbada,Aninri,Enugu,28193.0,51356.5,6283.2,17010.9,3485.7,2645
61709,Sarkin Zamfara B,Sokoto South,Sokoto,7454.6,6491.4,1213.7,10226.8,1370.0,1888
NISAGR08,Papiri,Agwara,Niger,7674.9,10844.3,2303.6,18684.9,1597.6,3063
OYSEGA05,Erunmu,Egbeda,Oyo,3032.0,985.0,121.3,9954.0,368.8,1402
10403,Fikayel,Bayo,Borno,12912.4,12653.8,2489.6,20184.0,2572.0,4145
NISBDA13,Umaru Majagi B / Umaru Majigi  2,Bida,Niger,30092.1,29652.7,5761.4,26167.8,8484.6,4899
NISKUG08,Kuchi Bussu,Lavun,Niger,18629.6,13483.2,2709.1,16931.7,3856.0,3698
CRSBKS03,Efut Inyang,Bakassi,Cross River,124.0,828.3,93.5,320.8,29.2,38
NISLMU03,Edo Kota,Gbako,Niger,14955.9,12890.0,2626.7,17422.4,3016.9,3538
DTSAYB04,Idumuesah,Ika North East,Delta,15730.6,16345.4,1925.0,14903.2,1928.4,2196
61310,Tsamaye,Sabon Birni,Sokoto,37094.6,17552.7,3631.6,36450.9,7603.6,6551
DTSALA06,Opete,Udu,Delta,11008.1,32507.7,4370.1,35490.8,1508.8,5339
DTSALA09,Ovwian,Udu,Delta,24612.7,19506.8,2603.9,43253.8,3451.3,7724
DTSBMA09,Ogo / Eze,Bomadi,Delta,9952.0,10481.7,1356.7,10465.0,3365.6,2267
ABSHAF01,Agboji,Ohafia,Abia,4691.0,6078.8,713.9,3376.7,609.2,568
OSSICL01,Akarabata,Ife Central,Osun,17115.5,8692.1,1032.3,42882.1,1965.7,5691
10109,Yawa,Abadam,Borno,8259.0,7292.5,1361.1,3309.3,1837.4,475
OYSATA02,Afin 2,Atiba,Oyo,22815.3,38028.9,4982.1,14223.1,5637.1,2004
OSSAYE03,Idi Ape,Ayedire,Osun,1076.3,872.7,106.9,468.3,147.1,61
OYSAKE07,Iwokoto,Akinyele,Oyo,2598.1,1933.8,264.2,4207.0,343.0,593
OSSODN05,Faji / Opete,Odo Otin,Osun,10385.5,12046.8,1512.1,12366.8,1324.4,1733
NISMKW01,Bokani,Mokwa,Niger,23441.8,31714.1,6330.8,21181.2,4604.5,3456
NISENG05,Gazhe 2,Edati,Niger,16987.3,19606.0,4095.1,7805.0,4898.0,1727
NISNBS07,Rafi,Borgu,Niger,45957.3,32904.3,6546.1,38300.9,9052.2,6231
60505,Kagara,Goronyo,Sokoto,20660.8,22386.1,4639.9,12154.6,5571.8,2486
NISPAK09,Paiko,Paikoro,Niger,27553.9,22463.0,4471.2,29945.0,5529.3,5078
NISENG09,Rokota,Edati,Niger,16988.6,20894.8,4358.6,8325.7,5555.9,1668
NISWSH05,Kodo,Wushishi,Niger,5738.5,7474.3,1546.5,10782.1,1169.4,2111
EBSBZR22,Umunuka,Ohaozara,Ebonyi,5598.3,6698.6,833.8,3852.5,706.6,684
NISBMG11,Wamba,Mariga,Niger,29625.1,28311.3,5780.2,24970.6,5972.4,4044
ANSZBL03,Egbema,Ekwusigo,Anambra,18908.6,19337.4,2473.1,21229.2,2391.4,3171
EBSHKW10,Ezzamgbo / Ishiizhia Amao / Nsurakpa / Umuebe,Ohaukwu,Ebonyi,27534.8,10338.1,1550.9,18703.4,4023.5,3195
60210,Dingyadi,Bodinga,Sokoto,22263.4,26084.5,5178.2,21224.0,4341.3,3737
62103,Dundaye,Wamakko,Sokoto,21302.9,18915.6,3841.4,26975.7,4238.6,4869
NISPAK03,Gwam,Paikoro,Niger,19257.9,16202.7,3227.7,24971.0,3786.1,4098
NISENG10,Sakpe,Edati,Niger,16182.9,35765.1,7470.2,14595.0,5192.3,3284
NISPAK01,Adono,Paikoro,Niger,11977.9,9603.5,1911.3,11484.1,2352.5,1859
NISENG07,Gonagi,Edati,Niger,23588.6,33614.2,7021.0,14399.9,8342.4,3297
NISWSH02,Barwa,Wushishi,Niger,6004.5,4858.9,1015.1,6390.4,1242.1,1064
61409,Sanyinnawal,Shagari,Sokoto,15511.5,20924.2,4300.5,17350.8,3126.0,3167
60201,Darhela Badau,Bodinga,Sokoto,16889.7,13316.9,2658.2,9682.2,3360.5,1715
EBSHKW29,Umuagura Urevene,Ohaukwu,Ebonyi,40272.8,48283.4,7289.3,38317.6,5902.9,6576
NISKAG03,Gunna South,Rafi,Niger,19641.7,24224.1,4988.9,20612.6,3996.0,3372
61308,Takatsaba,Sabon Birni,Sokoto,32241.0,38911.7,8198.7,27424.5,6570.3,4859
NISPAK04,Ishau,Paikoro,Niger,9199.1,7944.0,1579.1,10778.2,1803.0,1753
AKSABK08,Afaha Obong 1,Abak,Akwa Ibom,21732.0,20489.1,2476.2,15488.0,2543.1,1918
62209,Magarya,Wurno,Sokoto,4099.4,5247.5,1076.4,4981.4,1077.1,1156
62010,Tureta,Tureta,Sokoto,16589.7,19352.9,4170.5,10319.3,4012.1,1905
61405,Kajiji,Shagari,Sokoto,27422.5,24526.7,5027.6,18569.2,5615.6,3350
11402,Borgozo,Kaga,Borno,2730.5,1153.4,215.8,783.7,505.9,113
NISPAK07,Kwagana,Paikoro,Niger,19114.5,14649.2,2928.3,18813.3,3774.1,3045
EBSBKL05,Ezzaofu,Izzi,Ebonyi,11429.4,3721.2,698.8,10495.9,2098.0,1793
60303,Fajaldu,Dange Shuni,Sokoto,30664.7,19585.4,3940.4,20665.4,6116.2,3659
EBSNCA01,Abaomege / Okaria,Onicha,Ebonyi,12627.7,13425.8,1740.2,6432.1,1619.4,1104
NISRJA03,Dukku,Rijau,Niger,53823.2,50552.8,10160.1,53209.0,10759.6,8672
NISENG08,Guzan,Edati,Niger,10343.2,18668.4,3899.3,8484.9,3500.3,1797
NISRJA02,Dugge,Rijau,Niger,5366.9,4052.5,810.8,10937.9,1053.9,1770
60102,Bunkari,Binji,Sokoto,13226.2,16481.9,3500.2,10189.2,3125.6,1867
NISRJA06,Rijau,Rijau,Niger,30508.2,32061.0,6415.1,41142.8,6029.6,7146
NISNBS02,Bussa,Borgu,Niger,60346.2,71812.1,14278.5,51873.2,11789.6,8520
NISKAG11,Tegina West,Rafi,Niger,28142.8,28022.8,5715.7,33178.4,5659.9,5371
NISGWU10,Shako,Gurara,Niger,8404.8,8286.4,1617.2,9191.3,1616.6,1504
NISLAP05,Gulum / Vatsa,Lapai,Niger,16665.6,15707.5,3212.5,20876.4,3361.6,3414
NISRJA07,Sabon Gari Wuse,Rijau,Niger,16372.8,20185.9,4039.0,23225.2,3214.5,3779
NISENG02,Etsutasha,Edati,Niger,15790.7,24834.5,5149.0,15389.4,4570.3,3348
NISRJA05,Jamaare,Rijau,Niger,10268.2,8571.4,1715.1,11025.6,2016.0,1785
NISLAP08,Kudu / Gabas,Lapai,Niger,19291.7,20112.7,4113.4,20773.7,3982.7,3495
NISLAP10,Takuti / Shaku,Lapai,Niger,25433.1,34769.7,6969.0,34367.1,5038.3,5727
60305,Rikina,Dange Shuni,Sokoto,41066.4,74445.1,13376.2,23236.0,12189.1,4122
NISBMG10,Maburya,Mariga,Niger,21445.5,16423.1,3346.7,24088.3,4311.6,3954
NISRJA01,Danragi,Rijau,Niger,34702.2,44519.2,8919.8,41341.9,6827.9,6701
NISKHA07,Gbakogi,Katcha,Niger,23924.3,22289.6,4468.9,27463.6,4858.2,6522
NISBMG07,Kakihum,Mariga,Niger,12584.0,12912.8,2635.6,13792.2,2535.8,2233
NISRJA10,Tunga Magajiya,Rijau,Niger,18315.0,20440.5,4090.0,22309.6,3599.4,3930
60207,Kwacciyar Lalle,Bodinga,Sokoto,19284.8,21075.7,4207.0,18833.8,3785.4,3321
NISNBS09,T / Bube,Borgu,Niger,10455.8,16117.4,3208.7,19923.9,2045.2,3253
NISENG06,Gbangban,Edati,Niger,8969.4,10036.8,2024.9,13821.4,1848.1,2962
NISAGA02,Boku,Agaie,Niger,13906.2,18215.0,3769.1,18798.3,2829.9,4059
ANSZBL04,Eziora,Ekwusigo,Anambra,11528.0,10915.6,1339.8,11925.6,1404.0,1762
62003,Furagirke,Tureta,Sokoto,11784.2,4324.1,933.1,8564.4,2532.4,1521
KWSBDU06,Egidogari,Moro,Kwara,13286.2,13650.4,2447.2,39653.5,2322.0,6712
61510,Kubodu,Silame,Sokoto,5558.8,10819.3,2193.9,5568.5,1608.0,1031
60411,Kiri,Gada,Sokoto,17442.5,26757.2,5602.8,20722.9,3614.4,3701
61110,Tsaki Walakae,Kware,Sokoto,31527.7,34633.2,6623.9,28740.0,7523.1,5309
60609,Marake,Gudu,Sokoto,9062.8,10517.9,2106.7,6609.7,1796.3,1184
NISLAP01,Arewa / Yamma,Lapai,Niger,22673.8,21021.1,4299.2,21744.1,4731.1,3703
NISAGA06,Ekowuna,Agaie,Niger,27673.1,30138.3,6241.8,28632.0,6273.9,6516
NISKUG05,Egbako,Lavun,Niger,9325.2,8019.5,1612.3,15764.4,1942.1,2947
NISLAP03,Duma / Zabo,Lapai,Niger,23855.4,24280.7,4790.6,19825.7,4684.5,3224
NISPAK10,Tungamallam / Nikuchi,Paikoro,Niger,30951.3,39393.7,7844.8,40012.4,6081.5,6613
NISKAG04,Kakuri,Rafi,Niger,27878.7,25693.9,5203.8,34911.2,5561.0,5790
NISBDA05,Landzun,Bida,Niger,27214.4,59148.9,11682.5,18860.9,6220.7,3179
NISAGA04,Ekossa,Agaie,Niger,10766.6,11372.9,2354.2,13953.9,2583.4,3402
NISAGA05,Ekowugi,Agaie,Niger,6489.2,7990.7,1654.9,8613.3,1670.4,2356
KWSBDU09,Lanwa,Moro,Kwara,6722.3,3152.1,555.0,6995.5,1180.9,1187
NISAGA11,Tagagi,Agaie,Niger,17269.4,19840.3,4101.1,19912.3,3563.8,3651
NISAGA10,Magaji,Agaie,Niger,19162.0,24063.2,4983.6,26521.8,3896.9,5795
NISAGR09,Rofia,Agwara,Niger,3057.9,1181.2,255.9,7824.0,650.8,1352
NISAGR02,Agwata,Agwara,Niger,5506.5,2944.1,622.5,12344.8,1202.2,2159
NISAGR07,Mago,Agwara,Niger,2635.8,1021.6,221.3,5309.0,561.0,859
NISAGR10,Suteku,Agwara,Niger,3058.8,2681.6,581.0,8166.3,651.0,1396
NISAGR05,Kashini,Agwara,Niger,3999.1,7518.2,1628.9,11716.1,851.2,1896
NISBDA14,Wadata,Bida,Niger,25794.4,13858.1,2808.4,22318.5,5484.0,4477
NISGWU09,Lefu,Gurara,Niger,9044.6,11750.4,2349.3,14652.4,1782.5,2382
NISKUG02,Dabban,Lavun,Niger,6816.9,7018.3,1410.2,10779.8,1346.8,2029
NISKUG11,Lagun,Lavun,Niger,33118.6,44775.6,9032.8,43091.6,6565.6,7013
NISKUG03,Dassun,Lavun,Niger,11546.3,16936.5,3401.0,21191.8,2270.6,3743
NISKUG10,Kutigi,Lavun,Niger,19107.1,16465.2,3308.3,19776.1,3841.3,4169
NISKUG01,Batati,Lavun,Niger,10871.3,9058.9,1820.2,14060.4,2143.2,2931
NISKUG06,Gaba,Lavun,Niger,6282.8,5144.3,1033.6,6402.9,1340.3,1445
NISLMU07,Gogata,Gbako,Niger,13528.1,15938.4,3239.7,14510.8,2737.1,2919
NISKUT02,Bangajiya,Shiroro,Niger,37083.4,33096.6,6543.2,40412.0,7248.9,7244
NISKUT15,Ubandoma,Shiroro,Niger,22282.9,25970.6,5134.4,28005.1,4350.4,4743
NISKUT08,Gurmana,Shiroro,Niger,21446.3,15396.5,3043.9,20304.8,4187.7,3354
NISKUT12,Manta,Shiroro,Niger,5135.6,3208.9,634.4,1804.3,1014.6,292
NISLMU06,Gbadafu,Gbako,Niger,15285.1,3296.1,671.7,14795.1,3284.7,3164
NISLMU08,Lemu,Gbako,Niger,14193.3,19329.1,3938.8,11587.2,2862.8,2015
NISMAK07,Kodo,Bosso,Niger,11573.9,15538.1,2966.8,28578.0,2171.4,4652
NISMSG08,Mashegu,Mashegu,Niger,53186.6,58936.3,12497.3,69045.3,11139.8,11178
NISMSG06,Kwatachi,Mashegu,Niger,36863.5,25426.2,5386.5,37762.4,7804.9,6159
NISMSG04,Kasanga,Mashegu,Niger,41054.8,36810.9,7771.7,46776.8,8564.6,7584
NISMSG02,Ibbi,Mashegu,Niger,40583.1,36623.7,7772.3,41382.8,8505.9,6705
NISNAS08,Nassarawa,Magama,Niger,27894.9,15937.3,3286.5,19794.5,5912.1,3221
NISWSH06,Kwata,Wushishi,Niger,18349.4,16694.3,3487.7,16229.6,3825.4,2686
NISWSH09,Sabon Gari,Wushishi,Niger,12928.5,10596.5,2211.5,13549.9,2663.4,2236
NISNBS10,Wawa,Borgu,Niger,23084.3,16954.5,3359.1,21032.5,4497.1,3405
NISENG01,Enagi,Edati,Niger,23224.5,45591.6,9518.0,14260.3,8692.4,3118
NISRJA11,Warari,Rijau,Niger,30659.6,21032.2,4227.4,33083.3,6049.5,5394
NISRJA08,Shambo,Rijau,Niger,15952.3,8456.3,1692.0,19671.7,3131.9,3177
60710,Salame,Gwadabawa,Sokoto,34386.0,38995.0,8098.6,29613.8,7292.9,5773
NISKAG09,Sabon Gari,Rafi,Niger,21599.0,18292.5,3715.5,26464.7,4459.6,4384
NISBMG08,Kotonkoro,Mariga,Niger,54598.1,56069.8,11488.3,46561.2,11043.2,7630
CRSBKS06,Abana,Bakassi,Cross River,21081.4,19509.2,2634.7,8185.3,2891.8,962
KGSDAH05,Igechegba,Idah,Kogi,4550.1,3219.5,566.1,5037.5,1141.4,858
NISLMU02,Batako,Gbako,Niger,16270.5,17389.5,3541.4,13967.4,3300.6,2602
OYSSUR04,Ilafue,Surulere,Oyo,5989.8,5749.2,686.9,4026.3,771.4,579
51901,Ayu,Wasagu-Danko,Kebbi,23398.1,26695.3,5549.9,18130.5,4794.2,3709
OYSSUR05,Iregba,Surulere,Oyo,29929.4,29648.7,3601.5,23134.6,4376.9,3528
OYSSUR10,Oko,Surulere,Oyo,26159.7,36170.4,4330.1,26508.5,3503.4,4089
OYSSUR09,Maayin,Surulere,Oyo,3849.6,3431.2,410.5,2890.7,489.0,410
OYSSUR02,Bayaoje,Surulere,Oyo,19687.7,21306.1,2563.5,18192.3,2376.0,2590
OYSSUR03,Gambari,Surulere,Oyo,21731.7,21411.5,2562.3,18641.2,2779.4,2739
70908,Muguram,Jakusko,Yobe,27515.0,36688.8,6986.6,30121.6,5167.2,5190
OYSSUR08,Iwofin,Surulere,Oyo,7449.9,8707.4,1058.0,6644.6,891.3,942
OYSSUR06,Iresaadu,Surulere,Oyo,24325.6,27168.5,3248.8,16626.7,3107.5,2384
50809,Kwakkwaba,Dandi,Kebbi,9072.9,7942.2,1596.2,7317.1,1794.2,1401
RVSMHA05,Emward 5,Emuoha,Rivers,5976.4,5084.9,628.5,9523.8,765.2,1520
OYSSUR07,Iresaapa,Surulere,Oyo,38163.0,39257.9,4680.3,26643.2,5004.0,3956
OYSSUR01,Arolu,Surulere,Oyo,19295.6,23562.3,2815.3,18273.7,2357.4,2779
80202,Dankadu,Bakura,Zamfara,34690.7,31362.1,6366.1,19493.8,7327.2,3514
50606,Kardi,Birnin Kebbi,Kebbi,33933.1,34541.0,6712.6,34826.5,6467.5,6841
51709,Takware,Shanga,Kebbi,19808.5,26309.3,5280.9,12565.1,4229.4,2412
ANSZBL06,Ichi,Ekwusigo,Anambra,32897.8,32383.2,3647.3,27222.2,3781.7,4028
51902,Bena,Wasagu-Danko,Kebbi,43042.3,37506.4,7781.2,40304.4,9785.2,8150
70107,Lawan Fannami,Bade,Yobe,13988.0,16174.6,3121.0,23322.5,3238.8,5575
51705,Rafin Kirya,Shanga,Kebbi,14717.9,15468.7,3119.4,9624.2,3020.2,1848
52104,Manga Ushe,Zuru,Kebbi,27787.2,28428.6,5748.8,20092.4,5600.7,3876
EDSGAR02,Ayegunle,Akoko-Edo,Edo,30435.7,33643.8,4313.9,23283.7,4263.0,3705
51302,Ilela Sabon Gari,Koko-Besse,Kebbi,36729.3,41008.0,8282.5,23032.4,9331.9,4416
61404,Horo,Shagari,Sokoto,19739.1,22392.4,4660.4,11750.5,4057.1,2086
71701,Yusufari,Yusufari,Yobe,15820.6,19002.2,3539.8,27723.9,2910.3,4845
50902,Bangu,Fakai,Kebbi,16148.7,13834.2,2894.2,9835.5,3376.8,1883
50906,Maikende,Fakai,Kebbi,23420.6,18819.1,3899.9,15992.5,4779.0,3085
50502,Bahindi Khaliel,Bagudu,Kebbi,17683.3,15292.7,3067.5,15810.0,3564.1,3040
50605,Gulumbe,Birnin Kebbi,Kebbi,17241.5,11439.3,2223.1,12469.1,3370.9,2517
70108,Lawan Musa,Bade,Yobe,14966.5,11406.8,2144.9,25546.9,2874.4,6053
50501,Bagudo Tuga,Bagudu,Kebbi,49136.0,40041.8,8041.2,34224.7,10374.5,6583
71704,Guya,Yusufari,Yobe,16039.8,18970.5,3533.6,33656.1,2950.8,5540
EBSNCA21,Ugwu-Oshiri / Amankalu / Umoji,Onicha,Ebonyi,18991.9,13337.3,1710.9,7080.4,2358.2,1209
62211,Tunga,Wurno,Sokoto,26070.7,27578.7,5599.6,15802.2,5825.8,2908
50503,Bani Tsamiya,Bagudu,Kebbi,44767.1,57826.4,11603.8,45554.5,8867.0,8724
50608,Lagga,Birnin Kebbi,Kebbi,11945.8,11885.3,2309.8,13024.1,2274.3,2527
52003,Jijima,Yauri,Kebbi,1662.9,2016.6,435.4,4974.0,349.7,1002
KGSDAH10,Ukwaja,Idah,Kogi,19466.1,17832.6,3135.6,21611.2,3483.6,3565
RVSNCH06,Eleward 6,Eleme,Rivers,16174.6,25600.6,2883.8,15260.6,2028.5,2063
RVSBRR15,Taaba,Khana,Rivers,17100.0,15494.1,1768.1,12081.1,2066.1,1760
RVSBRR06,Boue,Khana,Rivers,17028.0,17627.7,2011.5,14299.4,2132.5,2409
GMSKWM04,Dukul,Kwami,Gombe,55460.4,47669.2,9595.6,37975.8,11496.0,7512
OSSODN10,Okua / Ekusa,Odo Otin,Osun,18939.1,19825.8,2477.2,17046.2,2477.6,2332
OYSOIE07,Oloka,Ori Ire,Oyo,6238.7,9924.9,1273.8,10453.5,853.4,1551
RVSBRR01,Sogho,Khana,Rivers,18857.1,24902.3,2841.6,17676.0,2154.1,2644
RVSBRR05,Luebe,Khana,Rivers,10742.6,15199.4,1734.4,10105.6,1201.3,1323
RVSNCH05,Eleward 5,Eleme,Rivers,34841.2,30317.6,3718.2,60050.3,4348.7,8474
RVSABU03,Aboward 3,Abua/Odual,Rivers,13071.0,44802.8,5338.6,9972.7,4699.4,1565
RVSAFM09,Oyward 9,Oyigbo,Rivers,5724.8,3396.6,438.0,6844.0,718.4,926
RVSAFM05,Oyward 5,Oyigbo,Rivers,3699.1,2676.2,319.1,2631.7,457.3,343
RVSAFM10,Oyward 10,Oyigbo,Rivers,2255.4,1518.9,195.8,2609.4,283.0,339
BNSBRT08,Odiapa,Obi,Benue,6013.5,8420.7,1614.4,10233.8,1136.3,1507
ABSHAF15,Ohafor,Ohafia,Abia,24106.0,21353.0,2509.9,16704.2,3147.6,3119
CRSEFE07,Abia,Etung,Cross River,6707.1,9274.8,1194.6,3637.2,948.7,453
GMSNFD08,Nafada Central,Nafada,Gombe,36105.3,26223.8,4743.8,31210.6,7225.8,7362
NISAGR03,Bunsuru,Agwara,Niger,2012.8,564.0,122.2,5897.6,428.4,955
RVSNCH01,Eleward 1,Eleme,Rivers,13315.6,13425.7,1528.3,9412.0,1753.4,1338
RVSNCH02,Eleward 2,Eleme,Rivers,24577.0,32742.8,3727.3,26974.9,3084.4,4196
RVSNCH07,Eleward 7,Eleme,Rivers,38802.6,47566.6,5442.5,44442.5,4991.9,6688
RVSNCH09,Eleward 9,Eleme,Rivers,33251.1,38391.0,4370.3,29175.1,4107.0,4298
RVSNCH03,Eleward 3,Eleme,Rivers,34055.3,36616.4,4168.3,25243.4,4777.6,3460
RVSNDN08,Asarama,Andoni,Rivers,12992.0,48784.7,6246.4,10645.5,8243.3,1866
RVSNDN02,Unyeada,Andoni,Rivers,22013.9,61640.1,7653.7,14260.8,6551.2,2343
RVSNDN01,Unyengala,Andoni,Rivers,4608.0,14005.4,1793.2,2571.3,1498.6,345
KWSBDU08,Jeunkunu,Moro,Kwara,4425.1,2867.8,510.6,5767.2,762.2,975
RVSNDN04,Ataba 1,Andoni,Rivers,16698.3,44272.0,5596.7,8857.6,6791.4,1212
RVSNDN09,Agwu-Obolo,Andoni,Rivers,7679.4,21118.9,2622.3,4712.4,3049.9,656
RVSPBT09,Opward 9,Opobo/Nkoro,Rivers,768.0,3044.8,378.1,1116.2,325.5,299
RVSPBT05,Opward 5,Opobo/Nkoro,Rivers,766.7,1573.0,193.2,348.1,259.7,48
RVSPBT04,Opward 4,Opobo/Nkoro,Rivers,3854.3,9684.9,1202.6,1945.0,1651.3,255
RVSPBT03,Opward 3,Opobo/Nkoro,Rivers,3392.0,11304.5,1403.7,2236.9,1430.1,351
RVSPBT07,Opward 7,Opobo/Nkoro,Rivers,6898.4,17944.6,2228.2,4596.1,2563.4,746
RVSPBT08,Opward 8,Opobo/Nkoro,Rivers,8006.5,21442.9,2662.5,5075.6,2732.5,723
RVSPBT06,Opward 6,Opobo/Nkoro,Rivers,1095.0,2245.1,278.7,234.0,279.4,30
60104,Inname,Binji,Sokoto,8567.0,9122.6,1937.3,5769.9,1938.2,1044
RVSPBT02,Opward 2,Opobo/Nkoro,Rivers,2367.9,9166.7,1138.2,3150.8,828.8,671
BNSVDY04,Mbagbera,Vandeikya,Benue,52638.1,42268.6,7423.9,75185.8,9112.8,10567
CRSTGD06,Imabana 1,Abi,Cross River,2449.0,4184.3,526.6,456.7,498.7,54
BNSTKP10,Township 3,Oturkpo,Benue,39081.9,36477.7,6511.8,35257.2,7390.9,5174
62310,Yabo B,Yabo,Sokoto,10153.2,11901.9,2548.1,10413.8,2136.9,1921
OYSIDO05,Gbekuba,Ido,Oyo,4115.6,4410.1,562.1,21782.7,506.8,3076
OSSEGO02,Ife-Odan,Ejigbo,Osun,13431.2,12902.6,1536.9,14675.9,1635.7,2109
71603,Degeltura,Yunusari,Yobe,26999.5,22372.0,4155.3,28956.7,4956.7,5053
DTSAYB01,Akumazi,Ika North East,Delta,45536.4,48111.4,5653.2,40961.1,5667.7,6053
CRSEFE01,Nsofang,Etung,Cross River,1568.9,3111.0,401.2,1266.8,359.7,156
CRSKTA06,Ikang Central,Akpabuyo,Cross River,15305.6,17499.5,2363.3,6780.8,2014.2,796
KWSBDU17,Womi Ayaki,Moro,Kwara,3543.9,3923.4,689.7,7670.0,608.7,1297
CRSKTA03,Ikang South,Akpabuyo,Cross River,14867.8,19223.3,2596.1,8507.2,1954.3,998
CRSKTA01,Ikang North,Akpabuyo,Cross River,12648.7,18022.3,2433.9,7400.5,1661.5,868
CRSTGD07,Ebom-Ebi Jakara,Abi,Cross River,419.1,1036.9,130.3,288.7,55.1,34
CRSUDU02,Utugwang Central,Obudu,Cross River,378.0,154.9,20.1,105.1,53.3,12
12304,Mandala,Monguno,Borno,5696.7,3899.0,707.6,2202.2,1878.6,316
BNSGMU08,Royongo,Ado,Benue,12777.4,7893.8,1506.7,9932.3,2391.3,1396
12112,Njine,Marte,Borno,16599.8,23205.5,4413.0,5756.9,3545.0,1013
OSSODN08,Jagun Osi Baale,Odo Otin,Osun,7400.2,8336.0,1041.6,9606.7,1006.9,1398
RVSBRR11,Beeri,Khana,Rivers,27941.6,26609.1,3036.4,20297.6,4319.6,2979
ANSJJT12,Ojojouno / Obiofia,Idemili South,Anambra,41111.1,35036.6,3933.5,30968.5,5096.6,4581
EBSNKE16,Nsokkara,Ezza South,Ebonyi,14228.2,6523.3,944.9,9978.5,2150.7,1704
KWSBDU03,Arobadi,Moro,Kwara,2325.6,1141.5,205.6,5880.0,412.2,994
60507,Kwakwazo,Goronyo,Sokoto,23351.8,32553.7,6779.0,21002.4,5223.0,3777
EBSSKA13,Ngwogwo,Ivo,Ebonyi,13628.1,13312.9,1538.6,7547.9,2029.5,1301
RVSSKN01,Tward 1,Tai,Rivers,15794.4,20337.9,2470.7,8125.5,2609.8,1103
RVSSKN02,Tward 2,Tai,Rivers,16396.9,23856.1,2898.0,10534.4,2756.0,1556
KGSDAH06,Ogegele,Idah,Kogi,5150.5,23994.7,4179.2,1583.3,6544.0,259
BNSWDP02,Kumakwagh,Kwande,Benue,46502.3,49302.7,9031.2,88548.0,8339.2,12450
61503,Labani,Silame,Sokoto,19033.3,34453.9,7032.0,13294.9,4521.1,2400
OGSADO04,Alapoti,Ado Odo/Ota,Ogun,23027.0,24254.9,3601.9,66496.3,3322.1,7800
OYSOSO10,Seriki,Olorunsogo,Oyo,14378.9,16261.3,1967.8,6538.7,2027.5,921
EBSSKA04,Amagu / Ihie / Akanu / Amanta,Ivo,Ebonyi,10548.9,12723.7,1470.5,7855.0,1670.4,1405
61501,Gande,Silame,Sokoto,40154.9,42747.1,8794.2,17492.5,10875.8,3181
62307,Dagawa,Yabo,Sokoto,18625.0,15481.9,3314.5,17308.8,3915.7,3081
60605,Gwazange,Gudu,Sokoto,6895.4,5474.1,1098.8,6109.5,1372.7,1110
61307,Sabon Birni,Sabon Birni,Sokoto,34471.6,29797.4,6121.9,25073.3,8736.8,4482
CRSAKP07,Ehom,Biase,Cross River,31124.8,36042.7,4624.8,30120.5,4345.5,3649
60607,Karfe Sarki,Gudu,Sokoto,4982.7,6380.1,1280.7,3827.9,990.3,678
60409,Kwarma,Gada,Sokoto,16146.4,20375.2,4320.2,20822.3,3321.8,3715
ABSHAF13,Ndi Etiti,Ohafia,Abia,6251.0,3864.8,453.9,2438.0,770.5,393
CRSTGD02,Ekureku2,Abi,Cross River,5127.3,6214.7,779.5,2848.5,623.9,338
OYSSWT10,Oke Oro,Saki West,Oyo,39002.2,46902.5,6005.7,71383.2,4908.0,10159
OSSIET10,Yekemi,Ife East,Osun,17071.9,106016.3,12431.0,14585.8,13099.3,2097
OYSISN09,Koso 2,Iseyin,Oyo,3809.6,2922.2,355.5,3778.7,449.4,543
OYSOLA03,Ayetoro,Ogo Oluwa,Oyo,14649.3,12504.4,1507.9,15615.4,1744.3,2250
10402,Briyel,Bayo,Borno,13080.0,12590.1,2479.5,17626.7,2605.9,3158
CRSGGJ09,Ekajuk 1,Ogoja,Cross River,35527.5,32885.6,4332.6,22117.5,4597.1,2596
GMSBLG06,Kindiyo,Balanga,Gombe,18203.3,21076.0,4251.7,28515.8,3604.7,5177
61106,Kabanga,Kware,Sokoto,17066.9,17391.8,3552.4,25363.3,3416.9,4540
60108,Soron Gabas,Binji,Sokoto,18891.8,21279.4,4518.8,11558.2,4202.6,2061
60503,Giyawa,Goronyo,Sokoto,10138.5,13730.4,2815.8,9970.0,2438.2,2217
61505,Silame,Silame,Sokoto,14009.1,22202.4,4531.4,7236.2,5291.2,1428
62305,Fakka,Yabo,Sokoto,12617.7,12957.8,2666.7,10203.9,2552.2,1882
61408,Mandera,Shagari,Sokoto,14699.3,16574.6,3362.1,11144.0,2987.7,1987
RVSBNY08,Boward 8,Bonny,Rivers,34850.6,58565.4,6356.6,21808.3,5407.2,2943
BNSWDP13,Township,Kwande,Benue,34399.0,20656.4,3806.6,61649.8,6182.8,8706
NISAGR01,Adahe,Agwara,Niger,6053.0,5870.5,1216.6,10121.9,1213.9,1638
EDSAFZ11,Ihievbe,Owan East,Edo,11788.8,13549.2,1754.5,8087.5,1638.2,1219
11903,Koshebe,Mafa,Borno,7164.8,1203.4,224.1,878.8,1480.0,133
71306,Ngilewa,Nguru,Yobe,16572.2,20975.8,3761.6,24448.0,3905.5,5646
11904,Laje,Mafa,Borno,3807.4,3065.5,564.2,636.7,768.0,91
12611,Sabsabuwa,Nganzai,Borno,14107.3,2030.7,405.1,4630.2,2791.8,667
10707,Wawa Korede,Damboa,Borno,22899.3,21541.2,4073.4,6428.5,4528.7,926
10703,Damboa,Damboa,Borno,45246.7,87255.0,16499.9,50418.4,16068.1,9783
TRSTTM11,Yukuiben,Takum,Taraba,3206.3,4346.1,824.4,4628.4,608.2,743
10211,Uba,Askira Uba,Borno,41093.3,29413.7,5483.7,53392.5,7484.5,8302
KWSBDU02,Ajanaku / Malete,Moro,Kwara,1571.1,1347.8,239.1,4804.0,273.2,813
KWSAFN17,Sosoki / Yowere,Asa,Kwara,1437.0,1043.8,197.7,6573.2,266.1,1112
11412,Shetimare,Kaga,Borno,2932.1,2660.4,498.4,2031.6,540.5,292
71202,Tikau,Nangere,Yobe,23337.6,28635.5,5692.6,43524.8,4575.7,7502
60110,Tudun Kose,Binji,Sokoto,10036.0,8502.2,1778.6,6831.8,2268.0,1208
71610,Zajibiriri / Dumbol,Yunusari,Yobe,15423.3,16352.5,3045.2,27174.5,2840.8,4845
71206,Duddaye,Nangere,Yobe,10549.7,14454.0,2853.2,33813.9,2047.9,5497
11901,Ajiri,Mafa,Borno,4437.3,9003.0,1656.4,3954.5,954.3,659
12208,Layi,Mobbar,Borno,11544.7,16993.8,3107.6,19378.6,2078.4,2824
70310,Sasawa / Kabaru,Damaturu,Yobe,8960.5,16278.5,2911.9,16969.7,1566.2,2699
11109,Kirawa Jimin,Gwoza,Borno,19947.0,30049.8,5791.1,4190.4,5327.8,602
70601,Futchimiram,Geidam,Yobe,25581.9,26082.7,4775.1,25331.7,4612.7,4084
11304,Tuba,Jere,Borno,1089.1,4591.4,856.1,1175.0,199.2,169
11406,Marguba,Kaga,Borno,11036.8,3251.2,608.4,5955.6,2036.9,855
10608,Mboakura,Chibok,Borno,4200.3,3962.7,777.4,2326.6,825.7,341
11306,Galtimari,Jere,Borno,102191.9,162634.2,30232.6,122878.7,27389.2,20518
70903,Girgir / Bayam,Jakusko,Yobe,27556.6,34017.5,6478.0,36030.8,5178.1,6570
10701,Azir Multe,Damboa,Borno,44844.1,62975.4,11934.3,32870.6,9084.0,4852
70206,Jawa Garun Dole,Bursari,Yobe,16800.2,19392.5,3612.9,30260.9,3079.4,5446
70509,Ngelzarma A,Fune,Yobe,40861.7,50972.2,10216.2,39939.9,8774.1,7594
10207,Ngohi,Askira Uba,Borno,13916.6,9889.5,1900.0,9203.0,2616.7,1322
60802,Damba,Illela,Sokoto,26293.5,23420.8,4863.9,24409.8,5532.3,4461
12205,Duji,Mobbar,Borno,9423.2,9593.9,1767.3,12905.7,1696.5,1999
11308,Khaddamari,Jere,Borno,20906.9,22400.3,4174.3,20766.5,6392.8,5171
RVSGGU08,Wakama,Ogu Bolo,Rivers,2294.8,32953.0,4066.5,1049.9,2496.2,143
12207,Kareto,Mobbar,Borno,25311.6,32937.1,6023.0,35149.6,4556.8,5144
11204,Hizhi Bwala,Hawul,Borno,11667.4,13024.8,2577.2,16277.3,2270.5,2364
12203,Damasak,Mobbar,Borno,11481.3,11450.7,2093.9,24441.5,2071.7,4630
11006,Mairari,Guzamala,Borno,7218.8,6841.6,1264.9,2406.2,1337.5,346
11310,Gongolong,Jere,Borno,20676.5,19651.9,3615.2,26245.8,5045.5,5213
TRSGKA06,Jamtari,Gashaka,Taraba,18775.1,15087.2,2786.8,19650.6,3421.5,3195
11312,Dala,Jere,Borno,8476.1,8146.4,1487.7,30345.0,1527.2,5432
70512,Jajere,Fune,Yobe,54305.5,50758.3,9986.4,53076.2,10932.4,9520
71403,Mamudo,Potiskum,Yobe,28955.2,36300.9,7129.5,38509.2,5823.9,6980
12008,Kareram,Magumeri,Borno,6348.5,8198.0,1548.2,8433.8,1184.7,1231
11004,Guzamala West,Guzamala,Borno,10149.5,6859.1,1373.2,3010.6,2009.5,432
70907,Lafiya Loiloi,Jakusko,Yobe,44475.5,50558.4,9627.8,53389.4,8354.7,8844
11105,Gava Agapalwa,Gwoza,Borno,20560.0,8966.7,1714.4,4463.6,4020.6,641
60601,Awilkiti,Gudu,Sokoto,6857.3,7629.4,1531.5,7380.8,1362.8,1340
TRSBAL03,Gang Dole,Bali,Taraba,6351.7,3972.8,755.0,7588.2,1186.5,1219
70705,Gotala Gotumba,Gujba,Yobe,12151.8,9928.4,1739.0,16046.4,2087.5,2770
71505,Sungul Koka,Tarmuwa,Yobe,5104.7,7233.7,1298.0,10198.9,903.2,1637
BYSKMR12,Tarakiri,Ekeremor,Bayelsa,7634.7,16498.5,2199.9,7829.6,2337.6,1749
10204,Hussari Tampul,Askira Uba,Borno,20679.1,16486.2,3088.6,21945.7,3787.9,3198
TRSGKA02,Gangumi,Gashaka,Taraba,15219.8,7084.0,1308.5,11854.6,2794.2,1942
70811,Njibulwa,Gulani,Yobe,8580.7,10407.5,2022.4,13722.0,1629.2,2659
10405,Jaradali,Bayo,Borno,20796.4,14706.0,2908.0,30458.0,4042.7,4589
10106,Kessaa,Abadam,Borno,10147.9,11529.9,2148.8,9926.8,2581.9,1452
11405,Foi,Kaga,Borno,12214.5,5847.1,1098.3,880.8,2280.1,126
11802,Gongdi,Kwaya Kusar,Borno,8028.1,9303.9,1741.8,14552.9,1478.3,2388
12602,Badu,Nganzai,Borno,19358.6,9079.0,1832.7,4136.2,3852.1,594
11113,Wala Warabe Dure,Gwoza,Borno,34117.7,11403.3,2180.2,11792.0,6717.2,1693
BYSNEM13,Oluasiri,Nembe,Bayelsa,1228.2,1922.9,242.6,763.1,391.1,100
10101,Arege,Abadam,Borno,24443.6,24043.5,4496.2,9244.0,4571.0,1336
12209,Zanna Umarti,Mobbar,Borno,21451.0,18997.2,3478.7,27645.8,3867.8,4686
RVSAFM08,Oyward 8,Oyigbo,Rivers,13636.1,10755.9,1386.8,29824.2,1716.0,4685
11104,Chikide Jahode,Gwoza,Borno,34935.6,24755.9,4733.2,10764.1,6726.0,1552
RVSBNY10,Boward 10,Bonny,Rivers,7044.1,11135.8,1208.7,3778.8,1759.0,541
RVSBNY01,Boward 1,Bonny,Rivers,3126.6,5977.6,648.8,3408.3,905.7,709
RVSBNY02,Boward 2,Bonny,Rivers,2240.0,5195.5,563.9,3417.1,688.1,727
RVSBNY04,Boward 4,Bonny,Rivers,6208.0,13221.5,1435.0,7817.9,1547.3,1385
DTSWRC03,Isaba,Warri South-West,Delta,2380.6,5922.0,733.8,1937.7,336.4,281
DTSWRC05,Ogbe-Ijoh,Warri South-West,Delta,15844.4,16416.9,2034.9,11607.9,2476.7,2066
DTSWWR07,Ode-Itsekiri,Warri South,Delta,10185.5,19375.7,2347.4,12280.2,3361.6,2201
EDSGBZ09,Usen,Ovia South-West,Edo,25874.3,26965.4,3750.4,48411.4,3498.8,7820
EDSGBZ02,Ugbogui,Ovia South-West,Edo,39434.2,41860.8,5905.8,71438.1,5441.9,11831
TRSKLD08,Kwanchi,Karim Lamido,Taraba,23918.7,18760.1,3703.6,32453.2,4639.9,5298
ODSIAE09,Ugbo 4,Ilaje,Ondo,25789.9,31375.5,3934.0,22382.1,4272.1,3142
TRSKLD11,Muri C,Karim Lamido,Taraba,18804.8,13306.4,2626.9,24642.0,3644.3,3983
ODSESO09,Ukparama 1,Ese Odo,Ondo,7467.0,13360.1,1700.8,6946.7,1917.9,958
ODSIAE08,Ugbo 3,Ilaje,Ondo,23884.1,26809.3,3361.1,22559.9,4365.7,3359
TRSWKR06,Jibu,Wukari,Taraba,13390.3,8906.2,1597.2,18320.8,2351.3,2968
ODSIAE10,Ugbo 5,Ilaje,Ondo,6784.2,7862.0,986.3,6210.9,966.6,903
ODSIAE11,Ugbo 6,Ilaje,Ondo,36574.3,47033.0,5896.5,42154.4,7473.0,6823
RVSABM12,Aktward 12,Akuku Toru,Rivers,10200.8,60647.0,7231.0,12074.2,6232.1,2052
TRSWKR10,Tsokundi,Wukari,Taraba,22152.4,17012.1,3027.3,23666.7,3867.5,3972
ODSESO08,Arogbo 3,Ese Odo,Ondo,13968.5,23417.3,3026.2,17300.1,2764.4,2703
ODSESO10,Ukparama 2,Ese Odo,Ondo,0.0,80.0,10.2,37.7,0.0,5
DTSKLK02,Ebrohimi,Warri North,Delta,17016.9,20479.6,2610.6,19298.3,2883.4,2917
TRSWKR08,Puje,Wukari,Taraba,53974.8,69225.2,12266.2,98082.9,9442.6,17435
AKSAEE01,Ward 1,Etim Ekpo,Akwa Ibom,19579.9,20925.1,2565.1,13603.4,2334.2,1684
OGSEWO02,Arigbajo,Ewekoro,Ogun,29356.1,34722.9,5209.2,80191.1,4277.4,9514
OYSIJA04,Elekokan,Iwajowa,Oyo,12547.7,13526.5,1665.7,7400.6,1570.3,1072
KN3307,Karofin Yashi,Rimin Gado,Kano,9145.5,8989.8,1826.8,10222.6,1826.6,1855
41006,Sarkin Yara A,Daura,Katsina,14921.6,32699.0,6677.1,17342.1,4568.7,4791
80309,Madomawa West,Birnin Magaji-Kiyaw,Zamfara,35252.1,39172.8,7870.1,18875.5,11160.8,3444
80506,Gada Karakai,Bungudu,Zamfara,56624.6,52158.6,10254.0,44063.2,11112.2,7991
KN1403,Garko,Garko,Kano,19483.8,26283.1,5231.6,29534.2,4738.6,9309
JI1102,Dingaya,Gwaram,Jigawa,40156.4,45731.7,9398.9,51323.0,8115.1,10790
KN0104,Dabin-Kanawa,Ajingi,Kano,23648.4,21344.7,4257.8,29868.7,4783.4,5578
BA0207,Birshi,Bauchi,Bauchi,80639.4,91189.5,17389.2,114442.7,15075.6,23902
KN4307,Garin Dau,Warawa,Kano,12130.8,14353.2,2640.2,18794.5,2801.8,4067
KN4107,Nata-Ala,Tudun Wada,Kano,47569.3,43387.7,8792.2,41965.7,10064.9,9049
41008,Sabon Gari,Daura,Katsina,37994.7,74328.3,15222.7,49613.7,13059.6,15840
BA0217,Liman Katagum,Bauchi,Bauchi,26080.4,29780.3,5677.7,38980.2,4867.9,8512
KN0505,Kau-Kau,Bichi,Kano,37415.7,31812.6,6433.8,33012.4,7935.8,6335
KN3608,Rimi,Sumaila,Kano,37651.7,31888.8,6336.8,30425.3,8005.9,7236
81002,Bingi,Maru,Zamfara,36203.4,28066.2,5681.4,27167.5,7197.0,4822
KN0507,Kyalli,Bichi,Kano,32124.5,30242.5,6117.1,36573.0,6734.3,7942
AKSMKP11,Ikpa Ibom 2,Mkpat Enin,Akwa Ibom,24793.4,25928.5,3233.7,11423.3,3104.7,1438
AKSAFG09,Asang 1,Nsit Ibom,Akwa Ibom,25980.0,15215.4,1826.4,14832.7,3063.4,1837
AKSBMT07,Nsan,Ibiono Ibom,Akwa Ibom,50454.3,54909.8,6769.1,41210.0,6364.8,5127
BA1813,Tulai,Toro,Bauchi,22525.1,20049.3,4083.6,34245.5,4512.7,6733
JI1903,Fake,Kiyawa,Jigawa,19850.9,24445.5,5211.0,35176.7,4196.2,7696
KN3904,Ginsawa,Tofa,Kano,4372.6,4178.1,847.6,6177.1,875.6,1118
AKSMKP12,Ibiaku 2,Mkpat Enin,Akwa Ibom,18789.2,16755.5,2047.0,4976.7,2286.5,616
BA1506,Kudu Yamma,Ningi,Bauchi,86001.8,71346.8,14687.0,118120.1,17439.6,22477
KN3003,Kantama,Minjibir,Kano,20108.4,27488.9,5667.5,26836.0,4123.5,5772
AKSAED07,Ward 7,Nsit Atai,Akwa Ibom,12331.1,15804.8,2026.5,8170.4,1526.3,1012
AKSNGD02,Ibesikpo 5,Ibesikpo Asutan,Akwa Ibom,20369.3,16549.6,2082.6,22094.8,2480.4,2737
80507,Kotorkoshi,Bungudu,Zamfara,40077.1,37619.2,7286.7,38776.5,7890.8,7642
BA1504,Jangu,Ningi,Bauchi,17872.1,24707.1,5086.1,24063.2,3622.7,5471
KN1208,Sabon Gari East,Fagge,Kano,19177.9,46050.8,8805.4,27462.0,8253.7,6507
AKSAFG02,Asang 5,Nsit Ibom,Akwa Ibom,36250.1,44591.1,5187.8,35444.8,4133.7,4414
KN1704,Jogana,Gezawa,Kano,26920.1,34709.9,6951.4,45984.6,5342.0,13753
BA1817,Zaranda,Toro,Bauchi,45246.1,27153.9,5530.7,71042.3,9063.9,13618
40203,Barawa,Batagarawa,Katsina,21696.2,12742.1,2630.7,14943.4,4420.2,3101
KN3406,Rogo Ruma,Rogo,Kano,28623.7,26611.5,5574.5,25890.2,5977.5,5183
JI2506,Jeke,Sule Tankarkar,Jigawa,10872.1,13840.2,2663.2,26340.9,2059.0,5285
KN4103,Dalawa,Tudun Wada,Kano,38355.8,29602.5,5990.6,35656.0,7852.3,7805
KN2902,Durma,Makoda,Kano,15006.0,11393.3,2334.0,7556.3,3243.4,1319
AKSABK11,Otoro 2,Abak,Akwa Ibom,18652.9,8622.6,1024.6,12923.8,2137.1,1604
AKSDUU01,Southern Uruan 2,Uruan,Akwa Ibom,11799.2,10326.4,1334.0,6818.1,1519.2,874
KN4002,Dunbulum,Tsanyawa,Kano,20237.2,20869.6,4374.8,18391.1,4267.1,3902
JI1803,Fandum,Kiri Kasama,Jigawa,37556.7,49015.9,9711.3,30275.0,9760.4,7881
BA0609,Wandi,Dass,Bauchi,13843.9,15179.2,3105.6,8142.2,2821.7,1522
JI2508,Sule Tankarkar,Sule Tankarkar,Jigawa,33582.0,23471.7,4500.6,46282.8,6411.0,9331
JI2105,Mairakumi,Malam Madori,Jigawa,14579.0,15638.4,3123.5,16753.1,2882.5,3649
BA0205,Mun-Munsal,Bauchi,Bauchi,30352.9,18017.9,3451.5,36942.3,5702.9,7427
KN1604,Gaya North,Gaya,Kano,46868.3,39007.3,7781.0,49600.1,9793.8,14041
BA1001,Itas,Itas/Gadau,Bauchi,21401.2,31135.0,6354.1,19095.5,4880.6,4270
JI0104,Ayan,Auyo,Jigawa,15579.1,14789.7,2936.1,9957.2,3483.6,2632
KN0203,Daho,Albasu,Kano,17721.2,24522.9,4812.1,23807.2,3433.0,4611
BA1511,Kurmi,Ningi,Bauchi,49357.9,50054.6,10303.9,57687.9,10012.4,11096
KN3009,Tsakiya,Minjibir,Kano,13802.8,23030.2,4748.2,21806.1,2816.1,4431
JI1911,Tsirma,Kiyawa,Jigawa,22322.6,25036.8,5274.4,28732.1,4665.5,5682
JI0602,Chamo,Dutse,Jigawa,20754.7,18296.9,3642.8,31584.9,4076.7,7116
JI0502,Buji,Buji,Jigawa,8882.4,12299.1,2524.7,13332.1,1799.6,2735
41207,Kuki A,Dutsin Ma,Katsina,10697.8,16541.3,3493.0,14246.8,2221.0,2943
KN1806,Gwale,Gwale,Kano,5376.0,11919.6,2013.2,7732.6,2861.8,2955
JI0303,Kantoga,Birnin Kudu,Jigawa,43027.4,48215.0,9675.3,55211.9,8714.4,12949
41110,Yamel B,Dutsi,Katsina,20200.4,20843.0,4419.9,21330.3,4290.3,4541
JI2602,Chukuto,Taura,Jigawa,14719.6,16911.6,3539.2,35501.3,3091.0,7881
KN1410,Zakarawa,Garko,Kano,16780.6,19429.6,3839.3,22822.7,3770.2,4451
KN1104,Falgore,Doguwa,Kano,23489.6,25641.4,5131.3,27096.6,5443.6,6310
40703,Dansoda,Dandume,Katsina,22648.3,20405.5,4237.2,16863.0,4874.3,3821
BA0108,Lim Kundak,Alkaleri,Bauchi,20635.7,16792.0,3309.9,22668.9,4011.9,4275
AKSKET10,Central 3,Eket,Akwa Ibom,22985.5,30096.4,3725.0,27257.9,2775.5,3411
AKSBMT04,Ikot Idaha,Ibiono Ibom,Akwa Ibom,29889.9,20219.0,2527.3,13175.8,4023.1,1632
OGSABN08,Ikereku 2,Abeokuta North,Ogun,69335.4,70180.8,10216.0,79440.7,9969.2,9319
KN4403,Dankaza,Wudil,Kano,29818.9,32470.7,6097.9,34616.7,5821.3,6536
BA1805,Rauta Geji,Toro,Bauchi,35290.1,30900.1,6244.3,61637.5,7017.7,11869
KN4314,Jigawa,Warawa,Kano,14411.0,13307.5,2473.6,16960.6,3222.6,3618
OGSABN11,Sabo 1,Abeokuta North,Ogun,9904.4,7052.2,998.9,11132.9,1642.2,1494
80705,Mayana,Gusau,Zamfara,20614.2,21425.9,4084.6,26081.8,5127.3,6286
KN3510,Tsaure,Shanono,Kano,14365.5,16171.7,3429.2,26631.8,3009.9,5216
JI0206,Insharuwa,Babura,Jigawa,35338.6,50316.6,9984.5,40514.4,6922.5,8071
OGSABN14,Totoro 2,Abeokuta North,Ogun,4910.1,3854.8,546.0,6431.2,918.1,851
KN1002,Dawaki East,Dawakin Tofa,Kano,20239.4,20525.2,4184.4,18274.9,4447.6,4041
JI0301,Birnin Kudu,Birnin Kudu,Jigawa,59911.8,58303.1,11717.3,60868.4,14201.4,17517
KN3210,Zurgu,Rano,Kano,29473.3,30262.2,6257.4,24100.6,6288.3,4697
KN0303,Gadanya,Bagwai,Kano,33779.6,24507.0,5069.1,31528.1,6899.7,6007
OGSADO02,Ado 2,Ado Odo/Ota,Ogun,5876.1,7680.9,1140.6,22735.1,847.8,2711
JI2205,Koya,Miga,Jigawa,9999.7,11249.6,2265.4,8588.7,2058.3,1813
KN0511,Yallami,Bichi,Kano,22126.3,34060.2,6901.7,45642.6,4459.2,8372
80505,Furfuri Kwaikwai,Bungudu,Zamfara,47507.7,47771.8,9273.5,42244.0,9420.1,7748
KN3403,Fulatan,Rogo,Kano,27910.4,30240.4,6322.8,30909.4,5805.3,5989
OGSADO01,Ado 1,Ado Odo/Ota,Ogun,6411.5,7610.2,1130.1,19704.4,925.0,2336
KN1408,Raba,Garko,Kano,19329.6,30888.2,5841.0,35470.6,3872.9,6522
JI0204,Garu,Babura,Jigawa,32991.0,14839.1,2965.0,24062.8,6587.1,4878
KN2001,Dugabau,Kabo,Kano,20979.1,24882.6,4724.2,18897.5,4347.9,3536
81105,Katuru,Shinkafi,Zamfara,15309.2,17890.0,3598.2,14514.2,3078.8,2666
BA0808,Miya B,Ganjuwa,Bauchi,31333.5,27583.6,5700.8,46067.9,6371.6,9278
BA0204,Zungur,Bauchi,Bauchi,14177.0,14402.1,2746.4,20671.5,2644.6,3985
KN2007,Hawaden Galadima,Kabo,Kano,12538.1,15498.5,2966.2,11794.9,2424.9,2072
KN3605,Kanawa,Sumaila,Kano,26955.4,20824.1,4038.4,25665.1,5213.9,5420
80501,Bela Rawaiya,Bungudu,Zamfara,54565.5,58307.3,11382.9,61927.0,10703.6,11816
41610,Riko,Jibia,Katsina,22051.1,26682.8,5712.5,29080.9,4572.8,6066
KN3810,Unguwar Gano,Tarauni,Kano,15297.1,25690.1,4632.1,17179.0,4489.0,3787
JI0809,Muku,Garki,Jigawa,37149.6,29119.3,5931.3,31571.3,7507.4,6327
KN3607,Masu,Sumaila,Kano,67578.4,57526.8,11441.3,53227.1,13658.1,9845
40601,Banye,Charanchi,Katsina,13119.9,14211.4,2995.6,16195.7,2725.5,3470
OGSEWO10,Wasimi,Ewekoro,Ogun,7883.4,5886.9,852.0,16345.0,1100.7,1919
41211,Shema,Dutsin Ma,Katsina,31988.1,30696.5,6232.7,30551.0,6872.0,6826
JI2610,Taura,Taura,Jigawa,25357.0,31191.8,6700.1,31420.1,6895.0,8088
KN1402,Garin Ali,Garko,Kano,15065.8,14823.2,2949.9,16454.9,4416.9,4240
KN2110,Tudun Wazurchi,Kano Municipal,Kano,5222.6,22186.5,4060.5,8234.6,4285.5,4096
LASOJO13,Oto-Awori,Ojo,Lagos,34420.0,59523.1,8721.6,43088.9,7726.0,5776
JI0309,Unguwar Ya,Birnin Kudu,Jigawa,23310.0,29172.2,5840.9,34753.4,4622.5,8566
43106,Maibakko,Sabuwa,Katsina,31435.7,29076.3,6039.6,18552.7,6592.2,4555
41403,Dandutse,Funtua,Katsina,9893.9,12190.4,2447.5,12914.2,2475.8,3915
KN4209,Ungogo,Ungogo,Kano,31871.0,36870.8,7516.7,55180.4,6685.7,13634
40304,Dan Alhaji Yangayya,Batsari,Katsina,46672.2,41533.1,8790.3,34524.2,9751.9,7125
OYSICL10,Tobalogbo,Ibarapa Central,Oyo,11372.8,8057.9,959.3,10490.0,1484.2,1548
BA0216,Kangere,Bauchi,Bauchi,40374.7,25472.0,4856.3,64284.2,7530.0,12384
KN3004,Kunya,Minjibir,Kano,41236.1,59032.9,12141.6,50339.9,10208.0,14201
JI0210,Kyambo,Babura,Jigawa,13395.3,837.8,167.4,16100.8,2645.0,3209
KN2510,Naibawa,Kumbotso,Kano,79282.4,101872.0,19298.6,101162.8,22425.8,27394
KN3709,Takai,Takai,Kano,66210.8,61111.5,11918.5,61135.8,12923.9,13729
EBSEBJ07,Nkomoro,Ezza North,Ebonyi,27351.4,23041.3,3497.1,10162.8,4063.4,1748
KN3302,Dawakin Gulu,Rimin Gado,Kano,4366.7,4840.5,948.5,4004.6,877.5,735
BA0810,Nassarawa B,Ganjuwa,Bauchi,21850.6,20480.1,4234.4,42762.3,4444.2,8151
KN3108,Kaura Goje,Nassarawa,Kano,16203.8,15682.2,3190.9,28306.5,3540.4,17145
43108,Sabuwa A,Sabuwa,Katsina,23771.7,26484.5,5501.2,17230.1,8016.4,5372
KN1906,Lakwaya,Gwarzo,Kano,53293.5,48807.0,10266.9,60479.2,11328.3,12102
OYSIBAN04,Igangan 2,Ibarapa North,Oyo,15055.5,13313.1,1671.0,6911.6,2165.1,989
KN3306,Jili,Rimin Gado,Kano,15010.5,19464.1,3785.1,15785.8,2917.9,2774
KN0607,Gwamma,Bunkure,Kano,21057.3,25260.3,5203.5,24757.7,4330.2,4786
BA1013,Diga,Itas/Gadau,Bauchi,17921.9,22195.1,4489.2,17405.1,3611.6,3462
OGSEWO05,Itori,Ewekoro,Ogun,19432.7,19887.0,2892.1,64561.0,2720.0,7761
OGSOBE03,Alapako,Obafemi Owode,Ogun,14840.8,6507.5,898.1,20663.2,1964.7,2544
BA0210,Galambi,Bauchi,Bauchi,31094.9,21576.1,4113.5,46942.5,5799.3,9099
43007,Magama Masabo Kurabau,Rimi,Katsina,34473.9,30936.1,6504.2,31832.5,7478.0,7020
KN3505,Kadamu,Shanono,Kano,20990.6,21011.3,4424.3,27220.8,4364.8,4853
EBSNKE08,Azuebonyi,Ezza South,Ebonyi,9760.9,12928.7,1700.1,7751.1,1242.9,1324
EBSCHR05,Eka Awoke,Ikwo,Ebonyi,17221.0,9965.6,1732.6,6148.2,3164.4,1050
81005,Dansadau,Maru,Zamfara,89844.2,78188.3,16052.3,66255.1,18340.4,12257
KN3006,Kwarkiya,Minjibir,Kano,18915.0,16660.7,3376.6,26649.9,3995.6,6091
KN3609,Rumo,Sumaila,Kano,22479.5,26393.9,5242.4,24012.0,4458.8,4488
OGSABN06,Idiya,Abeokuta North,Ogun,136031.2,146610.1,21294.4,170962.0,20030.3,20267
ENSMGL01,Amechi Idodo / Orukwu,Nkanu East,Enugu,34680.5,16314.2,1943.4,37255.0,3823.9,5851
BA1509,Sama,Ningi,Bauchi,16754.1,15905.7,3274.2,28668.4,3398.7,5677
KN3401,Beli,Rogo,Kano,31738.5,25198.7,5268.6,27256.4,6701.0,5584
KN0410,Rahama,Bebeji,Kano,21716.5,19570.5,3915.5,21568.5,4397.2,4709
40705,Magaji Wando,Dandume,Katsina,25964.6,25126.9,5217.7,21322.3,5358.9,5012
OGSADO08,Igbesa,Ado Odo/Ota,Ogun,17972.8,21862.7,3244.7,60157.1,2592.8,7483
42110,Shinkafi 2,Katsina,Katsina,57297.5,70357.5,13997.5,75905.3,12730.7,16692
80802,Dan' Isa,Kaura Namoda,Zamfara,31627.1,42163.0,8358.7,37770.1,6259.3,7140
KN4001,Daddarawa,Tsanyawa,Kano,21599.7,19840.0,4079.8,14880.2,4434.3,2593
LASIKU16,Isawo,Ikorodu,Lagos,28020.7,23673.5,3525.7,65984.6,4069.8,7761
OYSICL01,Idere,Ibarapa Central,Oyo,10478.0,8493.4,1007.4,4343.4,1323.6,612
EBSBKL01,Agubatamgo,Izzi,Ebonyi,15152.2,14602.8,2715.1,23611.0,2760.0,4033
EBSHKW33,Umuogudu Akpu / Umuimama,Ohaukwu,Ebonyi,5779.6,6119.2,999.1,5797.8,906.5,990
BNSGMU10,Ulayi,Ado,Benue,27943.1,26284.0,5231.2,15523.5,5467.4,2189
ENSMGL13,Ogbahu / Amankanu / Ubahu,Nkanu East,Enugu,3724.1,1847.3,219.0,6733.4,424.5,1073
ENSMGL09,Owo,Nkanu East,Enugu,18871.1,10187.2,1201.5,23915.6,2090.3,3840
EBSZLL16,Nkalagu / Nkalagu 2,Ishielu,Ebonyi,12090.8,21006.6,3411.3,16411.4,1896.3,2871
OYSIJA10,Sabiganna,Iwajowa,Oyo,17112.5,16368.5,2014.2,7902.8,3084.9,1118
11206,Kwajaffa,Hawul,Borno,14415.6,16133.3,3230.6,23581.4,2838.1,3410
11210,Puba Vidau,Hawul,Borno,19081.8,10968.2,2196.3,16350.2,3766.9,2358
11603,Dalori,Konduga,Borno,26814.5,28578.7,5325.5,25240.7,6097.2,4557
11106,Guduf A and B,Gwoza,Borno,31062.7,21685.8,4146.2,5393.3,7163.4,797
10110,Yituwa,Abadam,Borno,10471.8,8958.9,1669.7,3490.3,2233.4,501
12505,Logumani,Ngala,Borno,7783.2,10024.0,1906.3,1799.9,1784.1,258
11108,Hausari Gaddamayo,Gwoza,Borno,19957.0,57503.9,10994.4,25698.6,7564.1,4887
11907,Ma'Afa,Mafa,Borno,2850.6,881.7,162.6,166.6,618.5,24
OYSIJA02,Ayede / Ikia,Iwajowa,Oyo,3839.1,4268.9,524.4,2608.4,568.2,373
KD0410,Sabon Birnin,Igabi,Kaduna,27230.1,23116.6,4669.0,42264.3,5433.4,7701
KD0402,Birnin Yero,Igabi,Kaduna,28400.4,31265.7,6298.8,47274.0,5623.5,8721
60907,Turba,Isa,Sokoto,23789.4,29007.6,5902.2,12807.0,5318.4,2284
60906,Tsabre,Isa,Sokoto,12300.4,17239.0,3507.8,8234.5,2756.1,1454
OGSYES01,Ajilete,Yewa South,Ogun,13746.4,17039.5,2605.6,25417.2,2062.0,2992
JI1810,Turabu,Kiri Kasama,Jigawa,20037.1,30671.8,6072.6,16601.6,5991.8,4265
JI1310,Yankoli,Hadejia,Jigawa,14611.3,16154.8,3240.2,8732.2,3878.8,2308
KD1902,Bomo,Sabon Gari,Kaduna,43061.4,46212.2,7974.1,51747.7,7781.0,12541
KD0308,Panhauya,Giwa,Kaduna,26299.5,26652.6,5369.1,27412.2,5214.2,5534
LASEOA19,Tarkwa Bay,Eti Osa,Lagos,13278.9,11653.0,1305.5,9258.0,1668.1,1040
LASAPA02,Abraham Adesanya,Apapa,Lagos,46501.8,101546.2,11793.2,51994.0,10463.3,7519
OYSIBN12,Yemetu,Ibadan North,Oyo,12673.6,22847.3,2889.6,16548.0,2680.6,3079
OYSAKE09,Ojoo,Akinyele,Oyo,56311.6,56088.1,7641.8,150090.6,7419.5,22182
OYSIBN02,Ago Tapa,Ibadan North,Oyo,5000.4,11313.7,1423.9,6091.1,1611.2,1101
OGSEWO03,Asayobo,Ewekoro,Ogun,3019.5,2327.8,338.8,9825.0,423.2,1149
OYSIDO03,Apete,Ido,Oyo,64293.6,62314.3,8314.9,237139.2,8415.1,34729
10910,Dabira,Gubio,Borno,14896.6,17899.9,3427.3,10219.2,2823.4,1476
OYSINW02,Afonta,Ibadan North West,Oyo,35052.4,50899.4,6445.4,34702.4,4865.7,5115
OYSIBAN03,Igangan 1,Ibarapa North,Oyo,9501.8,11226.7,1409.1,4349.6,1285.5,617
10907,Ngetra,Gubio,Borno,56007.6,38635.5,7370.4,51228.2,10572.1,7441
OGSABS04,Emere,Abeokuta South,Ogun,40970.9,56095.4,7963.0,65705.2,5687.7,7721
OGSEWO01,Abalabi,Ewekoro,Ogun,11011.7,11033.7,1653.0,34639.5,1603.5,4095
OGSADO05,Atan Ward,Ado Odo/Ota,Ogun,77233.5,95511.3,14183.5,310235.3,11142.8,37170
LASBDY08,Araromi-Ale,Badagry,Lagos,51065.1,47454.5,7124.8,152785.2,7526.1,18462
OGSADO03,Agbara,Ado Odo/Ota,Ogun,63641.4,95395.7,14147.5,193542.7,9599.1,24220
OGSADO06,Ejila Awori,Ado Odo/Ota,Ogun,51841.5,78303.6,11415.4,103449.2,7648.6,12237
OYSIJA09,Ofeegun,Iwajowa,Oyo,16600.8,14822.0,1821.2,9621.2,2008.4,1364
OYSIJA08,Iwere Ile,Iwajowa,Oyo,38508.6,41326.2,5076.8,25483.6,4782.3,3620
OGSOBE09,Obafemi,Obafemi Owode,Ogun,6989.9,5689.4,797.6,16488.4,944.3,1980
OGSOBE12,Owode,Obafemi Owode,Ogun,26451.9,26736.7,3784.5,88417.6,3610.6,10949
OGSOBE01,Ajebo,Obafemi Owode,Ogun,5995.1,5157.1,714.2,14697.6,802.7,1879
OGSOBE02,Ajura,Obafemi Owode,Ogun,12607.8,11081.7,1557.0,42692.7,1708.8,5233
OGSOBE06,Maloko Asipa,Obafemi Owode,Ogun,6249.4,5801.7,810.8,16826.9,842.3,1986
OGSOBE04,Egbeda,Obafemi Owode,Ogun,33747.4,34629.7,4839.7,113820.7,4548.6,13450
OGSOBE11,Onidundu,Obafemi Owode,Ogun,3976.7,4111.5,574.6,8351.9,536.0,977
OGSYES02,Idogo,Yewa South,Ogun,19137.1,21888.9,3379.8,21540.1,2878.4,2522
OGSOBE05,Kajola,Obafemi Owode,Ogun,19456.1,18383.0,2580.0,53830.5,2631.3,6321
OGSYES08,Oke Odan,Yewa South,Ogun,26790.2,27690.2,4186.6,36795.9,4035.7,4308
OGSYES04,Ilaro 2,Yewa South,Ogun,20024.9,23896.9,3685.0,36472.8,3103.9,4378
OGSYES06,Ilobi / Erinja,Yewa South,Ogun,19895.8,21733.7,3283.4,48548.2,2916.9,5818
OGSOBE13,Mowe,Obafemi Owode,Ogun,85517.8,87955.1,12358.7,301908.7,11607.9,37972
OGSADO07,Ere,Ado Odo/Ota,Ogun,65321.1,75031.4,11184.8,208130.4,9462.6,24459
OGSIFO04,Ibogun,Ifo,Ogun,32878.4,45215.8,6848.9,90323.2,4847.9,10598
OGSEWO06,Mosan,Ewekoro,Ogun,2706.7,2038.7,296.6,5691.1,379.1,665
OGSIFO02,Akute / Ajuwon,Ifo,Ogun,105521.9,96225.0,13571.4,187053.3,17863.8,28642
OGSIFO03,Coker / Ilepa,Ifo,Ogun,100852.5,109340.8,16482.7,262757.8,14782.4,31867
OGSADO12,Ketu,Ado Odo/Ota,Ogun,51772.3,61887.6,9190.4,172295.9,7469.3,20704
OGSIFO09,Opeilu / Ibaragun,Ifo,Ogun,290303.8,282073.7,42017.7,592086.4,46497.7,80104
OGSIFO07,Ifo 3,Ifo,Ogun,41857.4,46601.9,7058.7,98154.5,6181.3,12512
OGSIFO05,Ifo 1,Ifo,Ogun,28740.2,28408.2,4302.9,60148.3,4248.3,7828
OGSSAU10,Latawa,Shagamu,Ogun,4859.2,4680.5,686.5,12106.0,693.8,1439
OGSIFO10,Ososun,Ifo,Ogun,143818.4,176376.6,26715.4,337280.6,21211.1,40450
OGSIFO06,Ifo 2,Ifo,Ogun,16458.7,17800.4,2696.2,38178.0,2428.0,5269
OGSIFO08,Ojodu / Isheri,Ifo,Ogun,68769.7,89773.9,11573.7,91479.5,13099.6,12604
OGSYES09,Owode 2,Yewa South,Ogun,25876.2,26559.5,4053.5,61344.7,4415.4,7950
OGSOBE10,Ofada,Obafemi Owode,Ogun,34648.9,40967.2,5729.4,103611.9,4678.2,12384
OGSIFO11,Sunren,Ifo,Ogun,6563.9,4424.4,649.4,9524.5,932.9,1142
OGSEWO09,Papa,Ewekoro,Ogun,18179.8,17487.6,2553.0,57917.0,2556.3,6917
OGSEWO07,Obada,Ewekoro,Ogun,36771.9,28345.3,3997.2,97443.1,4992.0,11614
OGSYES03,Ilaro 1,Yewa South,Ogun,48887.6,39811.8,6144.5,67929.5,7665.2,8077
OGSYES07,Iwoye,Yewa South,Ogun,19476.7,22839.2,3513.1,27711.7,2904.6,3259
OGSOBE08,Oba,Obafemi Owode,Ogun,52293.7,42938.5,6020.8,124775.9,7177.6,14951
OGSOBE07,Molokiki,Obafemi Owode,Ogun,5883.0,5299.7,741.0,11610.5,793.4,1392
OGSEWO08,Owowo,Ewekoro,Ogun,8913.0,6485.3,943.6,20946.7,1248.2,2471
OGSEWO04,Elere,Ewekoro,Ogun,8524.6,14107.4,2065.1,26630.0,1210.5,3144
OGSYEN08,Imasayi,Yewa North,Ogun,13611.5,13700.1,2022.7,17379.3,1941.8,2117
OGSYEN09,Joga / Iboro,Yewa North,Ogun,9220.9,8805.3,1292.9,7957.8,1318.3,937
OGSYEN07,Ijoun,Yewa North,Ogun,41144.7,47789.7,7156.8,28567.0,5869.9,3390
OGSYEN06,Igbogila / Ibese,Yewa North,Ogun,25299.1,26077.4,3864.2,41780.5,3626.3,5039
OGSYEN11,Sunwa,Yewa North,Ogun,23600.0,17540.2,2590.7,15963.9,3368.7,1876
OGSION07,Imeko,Imeko Afon,Ogun,50055.9,66975.8,9249.7,28045.4,7565.8,3287
KGSERE03,Isanluessa / Okoleke,Yagba West,Kogi,8783.6,14307.8,2529.9,14852.9,1700.3,2496
KGSERE07,Odo Eri,Yagba West,Kogi,10782.5,28335.2,5003.5,7734.1,2629.7,1378
KGSERE08,Odoeri / Omi / Oga,Yagba West,Kogi,6099.0,18513.1,3269.7,3057.8,1860.9,502
KGSSAN02,Ejuku,Yagba East,Kogi,4606.4,5829.2,960.4,8436.4,737.6,1522
KGSSAN06,Jege / Ogbon Takete,Yagba East,Kogi,12434.2,14513.0,2596.9,11965.8,2231.4,2003
KGSSAN01,Aredu,Yagba East,Kogi,49570.8,57611.0,10283.7,35000.7,9849.6,5918
KGSMPA01,Agbajogun,Mopa-Muro,Kogi,3973.8,4014.9,661.5,4797.0,636.3,813
KGSMPA04,Ilai / Okaagi,Mopa-Muro,Kogi,5066.9,4547.5,749.3,8726.8,813.7,1503
KGSMPA03,Aiyede / Okagi,Mopa-Muro,Kogi,2340.5,2194.7,361.6,1961.4,374.8,322
KGSSAN10,Ponyan,Yagba East,Kogi,15941.5,19046.3,3333.5,11279.4,2990.5,2068
KGSSAN09,Okemeta,Yagba East,Kogi,21642.1,23336.6,4134.0,16595.0,4415.4,2821
KGSSAN05,Igbagun / Oranre,Yagba East,Kogi,19061.1,19781.3,3503.9,13938.8,3610.0,2417
KGSERE05,Odo Egbe 2,Yagba West,Kogi,9449.0,7274.7,1284.6,6594.7,2294.5,1115
KWSLFF03,Idofin Odoashe,Oke Ero,Kwara,10282.6,8263.5,1640.5,15251.2,2065.0,2694
KGSERE06,Odo Egbe 3,Yagba West,Kogi,9222.2,4863.2,858.8,4952.3,2205.1,869
KGSERE09,Ogbe,Yagba West,Kogi,6398.1,7106.9,1270.5,4709.0,1167.0,920
KGSMPA09,Orokere,Mopa-Muro,Kogi,8673.7,7066.8,1168.1,14258.6,1401.9,2470
KGSMPA07,Odole 1,Mopa-Muro,Kogi,5948.0,4826.0,796.1,7737.7,958.5,1388
EKSOYE07,Isan,Oye,Ekiti,23746.5,21289.6,2619.6,19490.8,3241.9,3277
EKSIKE08,Itapaji / Iyemero,Ikole,Ekiti,14396.7,13633.8,1571.1,13002.6,1885.9,2127
KWSARP10,Osi 2,Ekiti,Kwara,7146.5,6811.1,1151.8,6147.7,1205.4,1279
KWSARP07,Oke-Opin / Etan,Ekiti,Kwara,8197.1,8144.8,1371.0,7971.7,1360.2,1500
KGSKPA09,Enjema 4,Ankpa,Kogi,34382.8,49059.1,9649.4,34292.1,6626.9,6081
BNSGKP07,Oba,Apa,Benue,11154.6,12411.8,2494.7,10656.9,2201.5,1634
KGSKPA02,Ankpa 2,Ankpa,Kogi,34433.8,34503.9,6737.0,38341.9,6675.6,6492
KGSKPA13,Ojoku 4,Ankpa,Kogi,932.2,891.4,174.0,1180.2,178.5,205
KWSLRN12,Wara / Osin / Egbejila,Ilorin West,Kwara,126369.1,137118.3,22280.6,226858.1,21221.6,38778
KWSAFN11,Ogele,Asa,Kwara,13992.9,11856.0,2246.1,43879.1,2590.8,7523
OSSION11,Irepodun,Irepodun,Osun,364.2,195.2,24.1,92.8,43.6,12
51109,Firchin,Jega,Kebbi,17095.0,32497.9,6331.7,14615.1,7416.0,3453
51106,Jega Magaji B,Jega,Kebbi,33404.4,50504.5,9974.1,34771.6,9121.0,6778
